Price,Close,High,Low,Open,Volume,Symbol,StockID
Ticker,ASUR,ASUR,ASUR,ASUR,ASUR,,
Date,,,,,,,
1992-04-07,83.33333587646484,91.66666412353516,80.83333587646484,86.66666412353516,440400,ASUR,462
1992-04-08,78.33333587646484,83.33333587646484,76.66666412353516,81.66666412353516,82920,ASUR,462
1992-04-09,81.66666412353516,81.66666412353516,76.66666412353516,81.66666412353516,26460,ASUR,462
1992-04-10,78.33333587646484,81.66666412353516,78.33333587646484,81.66666412353516,16395,ASUR,462
1992-04-13,81.66666412353516,81.66666412353516,78.33333587646484,81.66666412353516,1890,ASUR,462
1992-04-14,88.33333587646484,88.33333587646484,78.33333587646484,81.66666412353516,48030,ASUR,462
1992-04-15,90.0,95.0,88.33333587646484,93.33333587646484,24825,ASUR,462
1992-04-16,88.33333587646484,93.33333587646484,88.33333587646484,90.0,11460,ASUR,462
1992-04-20,84.16666412353516,93.33333587646484,83.33333587646484,93.33333587646484,9510,ASUR,462
1992-04-21,83.33333587646484,86.66666412353516,80.0,86.66666412353516,13650,ASUR,462
1992-04-22,85.0,85.0,80.0,80.0,2565,ASUR,462
1992-04-23,86.66666412353516,86.66666412353516,83.33333587646484,83.33333587646484,2970,ASUR,462
1992-04-24,86.66666412353516,86.66666412353516,83.33333587646484,86.66666412353516,1395,ASUR,462
1992-04-27,86.66666412353516,86.66666412353516,83.33333587646484,86.66666412353516,5865,ASUR,462
1992-04-28,77.5,86.66666412353516,77.5,86.66666412353516,11085,ASUR,462
1992-04-29,78.33333587646484,80.0,76.66666412353516,77.5,21525,ASUR,462
1992-04-30,81.66666412353516,85.0,76.66666412353516,76.66666412353516,10680,ASUR,462
1992-05-01,84.16666412353516,86.66666412353516,81.66666412353516,85.0,4365,ASUR,462
1992-05-04,85.0,86.66666412353516,83.33333587646484,86.66666412353516,2520,ASUR,462
1992-05-05,86.66666412353516,86.66666412353516,83.33333587646484,85.0,3960,ASUR,462
1992-05-06,86.66666412353516,86.66666412353516,83.33333587646484,86.66666412353516,1530,ASUR,462
1992-05-07,85.0,86.66666412353516,83.33333587646484,86.66666412353516,1680,ASUR,462
1992-05-08,85.0,86.66666412353516,83.33333587646484,83.33333587646484,1455,ASUR,462
1992-05-11,83.33333587646484,86.66666412353516,83.33333587646484,86.66666412353516,7245,ASUR,462
1992-05-12,80.83333587646484,86.66666412353516,80.83333587646484,85.0,12090,ASUR,462
1992-05-13,80.0,85.0,80.0,80.0,5070,ASUR,462
1992-05-14,82.5,85.0,80.0,80.0,3495,ASUR,462
1992-05-15,81.66666412353516,83.33333587646484,80.0,81.66666412353516,2130,ASUR,462
1992-05-18,85.0,86.66666412353516,83.33333587646484,83.33333587646484,1740,ASUR,462
1992-05-19,83.33333587646484,86.66666412353516,81.66666412353516,81.66666412353516,2565,ASUR,462
1992-05-20,80.0,86.66666412353516,80.0,86.66666412353516,1440,ASUR,462
1992-05-21,85.0,85.0,80.0,85.0,1275,ASUR,462
1992-05-22,85.0,85.0,81.66666412353516,85.0,1020,ASUR,462
1992-05-26,85.0,85.0,82.5,85.0,240,ASUR,462
1992-05-27,85.0,85.0,80.0,85.0,3390,ASUR,462
1992-05-28,80.0,85.0,78.33333587646484,81.66666412353516,6735,ASUR,462
1992-05-29,75.0,81.66666412353516,73.33333587646484,78.33333587646484,25005,ASUR,462
1992-06-01,78.33333587646484,78.33333587646484,76.66666412353516,76.66666412353516,5640,ASUR,462
1992-06-02,80.0,80.0,78.33333587646484,78.33333587646484,255,ASUR,462
1992-06-03,79.16666412353516,80.0,78.33333587646484,80.0,2580,ASUR,462
1992-06-04,78.33333587646484,80.0,78.33333587646484,79.16666412353516,2265,ASUR,462
1992-06-05,78.33333587646484,80.0,76.66666412353516,80.0,675,ASUR,462
1992-06-08,76.66666412353516,78.33333587646484,73.33333587646484,78.33333587646484,18900,ASUR,462
1992-06-09,70.0,73.33333587646484,70.0,73.33333587646484,3405,ASUR,462
1992-06-10,61.66666793823242,71.66666412353516,58.33333206176758,71.66666412353516,10425,ASUR,462
1992-06-11,53.33333206176758,61.66666793823242,50.0,61.66666793823242,18675,ASUR,462
1992-06-12,61.66666793823242,61.66666793823242,53.33333206176758,54.16666793823242,21510,ASUR,462
1992-06-15,65.0,65.0,61.66666793823242,63.33333206176758,8145,ASUR,462
1992-06-16,65.0,65.0,63.33333206176758,65.0,1710,ASUR,462
1992-06-17,62.5,65.0,61.66666793823242,65.0,23355,ASUR,462
1992-06-18,60.0,65.0,60.0,61.66666793823242,810,ASUR,462
1992-06-19,63.33333206176758,63.33333206176758,60.0,63.33333206176758,12765,ASUR,462
1992-06-22,60.0,63.33333206176758,60.0,60.0,405,ASUR,462
1992-06-23,63.33333206176758,63.33333206176758,63.33333206176758,63.33333206176758,135,ASUR,462
1992-06-24,63.33333206176758,63.33333206176758,60.0,63.33333206176758,210,ASUR,462
1992-06-25,65.0,68.33333587646484,63.33333206176758,63.33333206176758,2160,ASUR,462
1992-06-26,65.0,68.33333587646484,63.33333206176758,68.33333587646484,2085,ASUR,462
1992-06-29,68.33333587646484,68.33333587646484,63.33333206176758,63.33333206176758,150,ASUR,462
1992-06-30,68.33333587646484,68.33333587646484,65.0,66.66666412353516,1830,ASUR,462
1992-07-01,68.33333587646484,68.33333587646484,65.0,65.0,105,ASUR,462
1992-07-02,71.66666412353516,73.33333587646484,65.0,68.33333587646484,2340,ASUR,462
1992-07-06,81.66666412353516,81.66666412353516,71.66666412353516,73.33333587646484,3855,ASUR,462
1992-07-07,70.0,85.0,70.0,81.66666412353516,14220,ASUR,462
1992-07-08,70.0,73.33333587646484,70.0,73.33333587646484,75,ASUR,462
1992-07-09,70.0,73.33333587646484,70.0,73.33333587646484,270,ASUR,462
1992-07-10,70.0,70.83333587646484,70.0,70.83333587646484,480,ASUR,462
1992-07-13,73.33333587646484,73.33333587646484,70.0,70.0,1110,ASUR,462
1992-07-14,70.0,73.33333587646484,70.0,73.33333587646484,45,ASUR,462
1992-07-15,73.33333587646484,73.33333587646484,71.66666412353516,71.66666412353516,2070,ASUR,462
1992-07-16,75.0,75.0,70.0,75.0,165,ASUR,462
1992-07-17,70.0,73.33333587646484,66.66666412353516,70.0,14385,ASUR,462
1992-07-20,70.0,70.0,66.66666412353516,70.0,390,ASUR,462
1992-07-21,71.66666412353516,71.66666412353516,70.0,70.0,2010,ASUR,462
1992-07-22,71.66666412353516,71.66666412353516,68.33333587646484,68.33333587646484,1065,ASUR,462
1992-07-23,73.33333587646484,76.66666412353516,71.66666412353516,71.66666412353516,2145,ASUR,462
1992-07-24,75.0,76.66666412353516,71.66666412353516,72.5,3390,ASUR,462
1992-07-27,73.33333587646484,76.66666412353516,71.66666412353516,76.66666412353516,1710,ASUR,462
1992-07-28,68.33333587646484,75.0,68.33333587646484,75.0,1770,ASUR,462
1992-07-29,80.0,83.33333587646484,71.66666412353516,73.33333587646484,9195,ASUR,462
1992-07-30,80.0,83.33333587646484,80.0,80.0,1155,ASUR,462
1992-07-31,84.16666412353516,86.66666412353516,80.0,80.0,3480,ASUR,462
1992-08-03,83.33333587646484,83.33333587646484,78.33333587646484,81.66666412353516,4935,ASUR,462
1992-08-04,86.66666412353516,86.66666412353516,83.33333587646484,85.0,63105,ASUR,462
1992-08-05,86.66666412353516,90.0,83.33333587646484,83.33333587646484,7620,ASUR,462
1992-08-06,86.66666412353516,88.33333587646484,86.66666412353516,88.33333587646484,1845,ASUR,462
1992-08-07,90.0,90.0,86.66666412353516,90.0,795,ASUR,462
1992-08-10,86.66666412353516,91.66666412353516,83.33333587646484,86.66666412353516,5190,ASUR,462
1992-08-11,88.33333587646484,89.16666412353516,85.0,85.0,1650,ASUR,462
1992-08-12,86.66666412353516,88.33333587646484,86.66666412353516,86.66666412353516,2115,ASUR,462
1992-08-13,86.66666412353516,86.66666412353516,86.66666412353516,86.66666412353516,180,ASUR,462
1992-08-14,85.0,90.0,80.0,90.0,4755,ASUR,462
1992-08-17,85.0,85.0,81.66666412353516,85.0,210,ASUR,462
1992-08-18,85.0,85.0,81.66666412353516,83.33333587646484,555,ASUR,462
1992-08-19,81.66666412353516,85.0,81.66666412353516,85.0,975,ASUR,462
1992-08-20,75.0,83.33333587646484,73.33333587646484,81.66666412353516,14040,ASUR,462
1992-08-21,68.33333587646484,76.66666412353516,68.33333587646484,76.66666412353516,9675,ASUR,462
1992-08-24,71.66666412353516,75.0,71.66666412353516,71.66666412353516,4470,ASUR,462
1992-08-25,63.33333206176758,66.66666412353516,60.0,66.66666412353516,15465,ASUR,462
1992-08-26,61.66666793823242,63.33333206176758,56.66666793823242,63.33333206176758,25095,ASUR,462
1992-08-27,66.66666412353516,66.66666412353516,61.66666793823242,63.33333206176758,11775,ASUR,462
1992-08-28,66.66666412353516,66.66666412353516,63.33333206176758,66.66666412353516,2520,ASUR,462
1992-08-31,60.0,65.0,60.0,63.33333206176758,3735,ASUR,462
1992-09-01,61.66666793823242,63.33333206176758,58.33333206176758,63.33333206176758,6030,ASUR,462
1992-09-02,60.0,61.66666793823242,54.16666793823242,61.66666793823242,44610,ASUR,462
1992-09-03,61.66666793823242,61.66666793823242,58.33333206176758,61.66666793823242,1665,ASUR,462
1992-09-04,60.0,61.66666793823242,60.0,61.66666793823242,4830,ASUR,462
1992-09-08,61.66666793823242,61.66666793823242,61.66666793823242,61.66666793823242,135,ASUR,462
1992-09-09,61.66666793823242,61.66666793823242,60.0,61.66666793823242,1605,ASUR,462
1992-09-10,61.66666793823242,61.66666793823242,60.0,60.0,4185,ASUR,462
1992-09-11,61.66666793823242,61.66666793823242,60.0,61.66666793823242,645,ASUR,462
1992-09-14,60.0,61.66666793823242,60.0,61.66666793823242,795,ASUR,462
1992-09-15,60.83333206176758,61.66666793823242,60.0,61.66666793823242,795,ASUR,462
1992-09-16,58.33333206176758,61.66666793823242,56.66666793823242,61.66666793823242,4800,ASUR,462
1992-09-17,58.33333206176758,60.0,55.0,60.0,26550,ASUR,462
1992-09-18,55.83333206176758,58.33333206176758,55.0,56.66666793823242,26115,ASUR,462
1992-09-21,51.66666793823242,58.33333206176758,50.0,55.0,6570,ASUR,462
1992-09-22,46.66666793823242,51.66666793823242,45.0,51.66666793823242,8340,ASUR,462
1992-09-23,48.33333206176758,51.66666793823242,43.33333206176758,46.66666793823242,16890,ASUR,462
1992-09-24,58.33333206176758,60.0,46.66666793823242,51.66666793823242,33120,ASUR,462
1992-09-25,55.0,60.0,55.0,60.0,1635,ASUR,462
1992-09-28,58.33333206176758,58.33333206176758,56.66666793823242,57.5,5895,ASUR,462
1992-09-29,58.33333206176758,58.33333206176758,53.33333206176758,53.33333206176758,1185,ASUR,462
1992-09-30,51.66666793823242,58.33333206176758,51.66666793823242,55.83333206176758,15000,ASUR,462
1992-10-01,51.66666793823242,58.33333206176758,51.66666793823242,58.33333206176758,15405,ASUR,462
1992-10-02,55.0,55.0,51.66666793823242,55.0,4020,ASUR,462
1992-10-05,48.33333206176758,55.0,46.66666793823242,51.66666793823242,12825,ASUR,462
1992-10-06,51.66666793823242,51.66666793823242,46.66666793823242,46.66666793823242,8130,ASUR,462
1992-10-07,51.66666793823242,51.66666793823242,48.33333206176758,51.66666793823242,4545,ASUR,462
1992-10-08,50.83333206176758,51.66666793823242,48.33333206176758,51.66666793823242,615,ASUR,462
1992-10-09,51.66666793823242,53.33333206176758,48.33333206176758,53.33333206176758,5025,ASUR,462
1992-10-12,50.0,51.66666793823242,48.33333206176758,48.33333206176758,1125,ASUR,462
1992-10-13,55.0,55.0,50.0,50.0,15495,ASUR,462
1992-10-14,55.0,55.0,51.66666793823242,55.0,1890,ASUR,462
1992-10-15,60.0,60.0,53.33333206176758,54.16666793823242,12870,ASUR,462
1992-10-16,68.33333587646484,71.66666412353516,60.0,63.33333206176758,13440,ASUR,462
1992-10-19,71.66666412353516,75.0,68.33333587646484,75.0,18345,ASUR,462
1992-10-20,75.0,78.33333587646484,71.66666412353516,75.0,15705,ASUR,462
1992-10-21,75.0,80.0,75.0,80.0,7740,ASUR,462
1992-10-22,73.33333587646484,76.66666412353516,70.0,75.0,32790,ASUR,462
1992-10-23,66.66666412353516,70.0,65.0,70.0,82635,ASUR,462
1992-10-26,66.66666412353516,70.0,65.0,66.66666412353516,2895,ASUR,462
1992-10-27,68.33333587646484,68.33333587646484,65.0,68.33333587646484,2760,ASUR,462
1992-10-28,68.33333587646484,70.0,65.83333587646484,70.0,2460,ASUR,462
1992-10-29,66.66666412353516,70.0,66.66666412353516,66.66666412353516,810,ASUR,462
1992-10-30,68.33333587646484,70.83333587646484,66.66666412353516,66.66666412353516,8025,ASUR,462
1992-11-02,68.33333587646484,71.66666412353516,68.33333587646484,68.33333587646484,690,ASUR,462
1992-11-03,66.66666412353516,71.66666412353516,66.66666412353516,68.33333587646484,3420,ASUR,462
1992-11-04,70.0,71.66666412353516,66.66666412353516,69.16666412353516,6960,ASUR,462
1992-11-05,71.66666412353516,71.66666412353516,66.66666412353516,71.66666412353516,8160,ASUR,462
1992-11-06,71.66666412353516,71.66666412353516,66.66666412353516,66.66666412353516,7365,ASUR,462
1992-11-09,70.0,73.33333587646484,66.66666412353516,68.33333587646484,8625,ASUR,462
1992-11-10,81.66666412353516,83.33333587646484,70.83333587646484,73.33333587646484,24270,ASUR,462
1992-11-11,85.83333587646484,88.33333587646484,78.33333587646484,83.33333587646484,14820,ASUR,462
1992-11-12,81.66666412353516,88.33333587646484,80.83333587646484,83.33333587646484,10215,ASUR,462
1992-11-13,82.5,85.0,80.0,83.33333587646484,2820,ASUR,462
1992-11-16,81.66666412353516,85.0,80.0,80.0,4020,ASUR,462
1992-11-17,80.0,85.0,80.0,80.0,750,ASUR,462
1992-11-18,72.5,76.66666412353516,61.66666793823242,73.33333587646484,36330,ASUR,462
1992-11-19,75.0,78.33333587646484,73.33333587646484,75.0,10380,ASUR,462
1992-11-20,76.66666412353516,78.33333587646484,73.33333587646484,78.33333587646484,8550,ASUR,462
1992-11-23,70.0,76.66666412353516,70.0,73.33333587646484,9060,ASUR,462
1992-11-24,75.0,76.66666412353516,73.33333587646484,73.33333587646484,5160,ASUR,462
1992-11-25,76.66666412353516,80.0,75.0,76.66666412353516,14670,ASUR,462
1992-11-27,77.5,80.0,76.66666412353516,80.0,6360,ASUR,462
1992-11-30,73.33333587646484,80.0,73.33333587646484,80.0,15885,ASUR,462
1992-12-01,76.66666412353516,76.66666412353516,73.33333587646484,75.0,6450,ASUR,462
1992-12-02,74.16666412353516,76.66666412353516,73.33333587646484,76.66666412353516,3765,ASUR,462
1992-12-03,70.0,76.66666412353516,70.0,76.66666412353516,14160,ASUR,462
1992-12-04,66.66666412353516,71.66666412353516,66.66666412353516,70.0,15840,ASUR,462
1992-12-07,68.33333587646484,70.0,65.0,65.0,9735,ASUR,462
1992-12-08,68.33333587646484,68.33333587646484,66.66666412353516,68.33333587646484,9150,ASUR,462
1992-12-09,68.33333587646484,68.33333587646484,66.66666412353516,68.33333587646484,16725,ASUR,462
1992-12-10,71.66666412353516,71.66666412353516,66.66666412353516,66.66666412353516,8475,ASUR,462
1992-12-11,68.33333587646484,71.66666412353516,65.0,71.66666412353516,3060,ASUR,462
1992-12-14,68.33333587646484,70.0,65.0,70.0,1485,ASUR,462
1992-12-15,65.83333587646484,70.0,65.0,65.0,26730,ASUR,462
1992-12-16,66.66666412353516,70.0,63.33333206176758,70.0,2970,ASUR,462
1992-12-17,63.33333206176758,68.33333587646484,63.33333206176758,68.33333587646484,45,ASUR,462
1992-12-18,68.33333587646484,68.33333587646484,63.33333206176758,68.33333587646484,35880,ASUR,462
1992-12-21,68.33333587646484,68.33333587646484,65.0,68.33333587646484,14445,ASUR,462
1992-12-22,68.33333587646484,68.33333587646484,65.0,68.33333587646484,29535,ASUR,462
1992-12-23,66.66666412353516,70.0,65.0,68.33333587646484,3960,ASUR,462
1992-12-24,68.33333587646484,70.0,66.66666412353516,70.0,300,ASUR,462
1992-12-28,65.0,68.33333587646484,65.0,68.33333587646484,600,ASUR,462
1992-12-29,65.0,68.33333587646484,65.0,66.66666412353516,22215,ASUR,462
1992-12-30,70.0,70.0,65.0,68.33333587646484,1335,ASUR,462
1992-12-31,71.66666412353516,71.66666412353516,65.0,70.0,20325,ASUR,462
1993-01-04,68.33333587646484,71.66666412353516,66.66666412353516,71.66666412353516,1935,ASUR,462
1993-01-05,51.66666793823242,55.0,41.66666793823242,53.33333206176758,173265,ASUR,462
1993-01-06,53.33333206176758,55.0,48.33333206176758,51.66666793823242,24600,ASUR,462
1993-01-07,55.0,55.0,51.66666793823242,55.0,8640,ASUR,462
1993-01-08,55.0,55.0,51.66666793823242,55.0,13305,ASUR,462
1993-01-11,55.83333206176758,60.0,55.0,60.0,127740,ASUR,462
1993-01-12,55.83333206176758,58.33333206176758,53.33333206176758,58.33333206176758,13635,ASUR,462
1993-01-13,58.33333206176758,58.33333206176758,53.33333206176758,55.0,23670,ASUR,462
1993-01-14,55.0,58.33333206176758,53.33333206176758,58.33333206176758,6120,ASUR,462
1993-01-15,53.33333206176758,58.33333206176758,53.33333206176758,53.33333206176758,4290,ASUR,462
1993-01-18,56.66666793823242,58.33333206176758,53.33333206176758,58.33333206176758,2325,ASUR,462
1993-01-19,63.33333206176758,63.33333206176758,53.33333206176758,53.33333206176758,6540,ASUR,462
1993-01-20,68.33333587646484,68.33333587646484,60.0,63.33333206176758,5475,ASUR,462
1993-01-21,68.33333587646484,68.33333587646484,63.33333206176758,68.33333587646484,5850,ASUR,462
1993-01-22,68.33333587646484,68.33333587646484,63.33333206176758,63.33333206176758,2010,ASUR,462
1993-01-25,63.33333206176758,68.33333587646484,63.33333206176758,68.33333587646484,735,ASUR,462
1993-01-26,68.33333587646484,68.33333587646484,63.33333206176758,63.33333206176758,5520,ASUR,462
1993-01-27,67.5,70.0,66.66666412353516,68.33333587646484,10635,ASUR,462
1993-01-28,68.33333587646484,70.0,66.66666412353516,70.0,8265,ASUR,462
1993-01-29,69.16666412353516,71.66666412353516,68.33333587646484,68.33333587646484,4455,ASUR,462
1993-02-01,71.66666412353516,71.66666412353516,66.66666412353516,68.33333587646484,17985,ASUR,462
1993-02-02,70.0,71.66666412353516,66.66666412353516,66.66666412353516,1635,ASUR,462
1993-02-03,66.66666412353516,71.66666412353516,66.66666412353516,66.66666412353516,675,ASUR,462
1993-02-04,66.66666412353516,70.0,66.66666412353516,66.66666412353516,2340,ASUR,462
1993-02-05,70.0,70.0,66.66666412353516,66.66666412353516,4410,ASUR,462
1993-02-08,65.0,66.66666412353516,65.0,66.66666412353516,180,ASUR,462
1993-02-09,66.66666412353516,70.0,65.0,65.0,2925,ASUR,462
1993-02-10,66.66666412353516,70.0,66.66666412353516,70.0,4380,ASUR,462
1993-02-11,68.33333587646484,68.33333587646484,66.66666412353516,66.66666412353516,1125,ASUR,462
1993-02-12,63.33333206176758,68.33333587646484,63.33333206176758,68.33333587646484,3105,ASUR,462
1993-02-16,66.66666412353516,66.66666412353516,63.33333206176758,66.66666412353516,2025,ASUR,462
1993-02-17,58.33333206176758,66.66666412353516,58.33333206176758,63.33333206176758,7905,ASUR,462
1993-02-18,50.0,55.0,48.33333206176758,55.0,115605,ASUR,462
1993-02-19,51.66666793823242,53.33333206176758,48.33333206176758,48.33333206176758,40905,ASUR,462
1993-02-22,50.0,53.33333206176758,48.33333206176758,51.66666793823242,1890,ASUR,462
1993-02-23,45.0,51.66666793823242,43.33333206176758,51.66666793823242,16245,ASUR,462
1993-02-24,45.0,45.0,41.66666793823242,44.16666793823242,21945,ASUR,462
1993-02-25,45.0,45.0,41.66666793823242,45.0,12090,ASUR,462
1993-02-26,43.33333206176758,45.0,38.33333206176758,45.0,48030,ASUR,462
1993-03-01,40.83333206176758,45.0,40.83333206176758,41.66666793823242,12870,ASUR,462
1993-03-02,40.0,43.33333206176758,38.33333206176758,40.0,17250,ASUR,462
1993-03-03,40.0,43.33333206176758,36.66666793823242,40.0,25605,ASUR,462
1993-03-04,41.66666793823242,41.66666793823242,40.0,41.66666793823242,25275,ASUR,462
1993-03-05,46.66666793823242,46.66666793823242,40.0,40.0,3630,ASUR,462
1993-03-08,45.0,46.66666793823242,43.33333206176758,46.66666793823242,6540,ASUR,462
1993-03-09,46.66666793823242,46.66666793823242,43.33333206176758,43.33333206176758,1215,ASUR,462
1993-03-10,46.66666793823242,48.33333206176758,43.33333206176758,46.66666793823242,3765,ASUR,462
1993-03-11,46.66666793823242,48.33333206176758,45.0,45.0,1965,ASUR,462
1993-03-12,47.5,48.33333206176758,45.0,48.33333206176758,2835,ASUR,462
1993-03-15,45.0,48.33333206176758,45.0,48.33333206176758,2415,ASUR,462
1993-03-16,46.66666793823242,46.66666793823242,43.33333206176758,46.66666793823242,4425,ASUR,462
1993-03-17,43.33333206176758,46.66666793823242,43.33333206176758,43.33333206176758,2160,ASUR,462
1993-03-18,45.0,45.0,43.33333206176758,45.0,1860,ASUR,462
1993-03-19,45.0,45.0,43.33333206176758,45.0,1620,ASUR,462
1993-03-22,41.66666793823242,45.0,41.66666793823242,45.0,1410,ASUR,462
1993-03-23,43.33333206176758,45.0,41.66666793823242,41.66666793823242,2625,ASUR,462
1993-03-24,43.33333206176758,45.0,41.66666793823242,41.66666793823242,19830,ASUR,462
1993-03-25,38.33333206176758,43.33333206176758,35.0,41.66666793823242,29190,ASUR,462
1993-03-26,38.33333206176758,38.33333206176758,33.33333206176758,36.66666793823242,8670,ASUR,462
1993-03-29,35.0,38.33333206176758,35.0,38.33333206176758,13935,ASUR,462
1993-03-30,33.33333206176758,36.66666793823242,33.33333206176758,33.33333206176758,10290,ASUR,462
1993-03-31,35.0,35.0,33.33333206176758,35.0,17985,ASUR,462
1993-04-01,36.66666793823242,38.33333206176758,34.16666793823242,35.0,6075,ASUR,462
1993-04-02,35.0,38.33333206176758,35.0,36.66666793823242,11010,ASUR,462
1993-04-05,33.33333206176758,38.33333206176758,31.666667938232422,35.0,8265,ASUR,462
1993-04-06,32.5,35.0,31.666667938232422,35.0,23475,ASUR,462
1993-04-07,26.666667938232422,31.666667938232422,23.333332061767578,30.0,91500,ASUR,462
1993-04-08,26.666667938232422,26.666667938232422,23.333332061767578,26.666667938232422,13755,ASUR,462
1993-04-12,26.666667938232422,28.333332061767578,25.0,28.333332061767578,15510,ASUR,462
1993-04-13,26.041667938232422,28.333332061767578,25.0,25.0,14400,ASUR,462
1993-04-14,26.666667938232422,28.333332061767578,25.0,25.0,12045,ASUR,462
1993-04-15,28.333332061767578,28.333332061767578,25.0,28.333332061767578,13365,ASUR,462
1993-04-16,25.833332061767578,28.333332061767578,25.0,28.333332061767578,9120,ASUR,462
1993-04-19,28.333332061767578,28.333332061767578,25.0,28.333332061767578,9765,ASUR,462
1993-04-20,25.833332061767578,28.333332061767578,25.833332061767578,28.333332061767578,4950,ASUR,462
1993-04-21,25.833332061767578,28.333332061767578,25.833332061767578,28.333332061767578,7035,ASUR,462
1993-04-22,28.333332061767578,28.333332061767578,25.0,28.333332061767578,5115,ASUR,462
1993-04-23,28.333332061767578,28.333332061767578,25.833332061767578,28.333332061767578,5550,ASUR,462
1993-04-26,28.333332061767578,28.333332061767578,26.666667938232422,28.333332061767578,975,ASUR,462
1993-04-27,28.333332061767578,30.0,26.666667938232422,26.666667938232422,3285,ASUR,462
1993-04-28,30.0,30.0,26.666667938232422,30.0,2655,ASUR,462
1993-04-29,28.333332061767578,30.0,26.666667938232422,30.0,3045,ASUR,462
1993-04-30,27.5,30.0,26.666667938232422,28.333332061767578,5820,ASUR,462
1993-05-03,28.333332061767578,30.0,26.666667938232422,30.0,2115,ASUR,462
1993-05-04,26.666667938232422,28.333332061767578,24.166667938232422,27.5,4380,ASUR,462
1993-05-05,25.833332061767578,28.333332061767578,25.0,25.416667938232422,3885,ASUR,462
1993-05-06,31.666667938232422,33.33333206176758,26.666667938232422,28.333332061767578,8250,ASUR,462
1993-05-07,33.33333206176758,33.33333206176758,30.0,30.0,3690,ASUR,462
1993-05-10,30.0,33.33333206176758,30.0,33.33333206176758,5130,ASUR,462
1993-05-11,35.0,35.0,31.666667938232422,31.666667938232422,3420,ASUR,462
1993-05-12,33.33333206176758,35.0,31.666667938232422,35.0,3330,ASUR,462
1993-05-13,33.33333206176758,35.0,31.666667938232422,33.33333206176758,1365,ASUR,462
1993-05-14,35.0,35.0,31.666667938232422,35.0,1380,ASUR,462
1993-05-17,35.0,35.0,31.666667938232422,35.0,1620,ASUR,462
1993-05-18,31.666667938232422,35.0,31.666667938232422,35.0,75,ASUR,462
1993-05-19,35.0,35.0,31.666667938232422,35.0,945,ASUR,462
1993-05-20,31.666667938232422,35.0,31.666667938232422,31.666667938232422,855,ASUR,462
1993-05-21,35.0,35.0,31.666667938232422,35.0,1500,ASUR,462
1993-05-24,34.16666793823242,35.0,30.0,30.0,1395,ASUR,462
1993-05-25,33.33333206176758,35.0,31.666667938232422,31.666667938232422,885,ASUR,462
1993-05-26,31.666667938232422,35.0,31.666667938232422,35.0,915,ASUR,462
1993-05-27,31.666667938232422,35.0,31.666667938232422,31.666667938232422,2160,ASUR,462
1993-05-28,31.666667938232422,35.0,31.666667938232422,31.666667938232422,540,ASUR,462
1993-06-01,33.33333206176758,35.0,31.666667938232422,35.0,4275,ASUR,462
1993-06-02,36.66666793823242,38.33333206176758,33.33333206176758,36.66666793823242,6690,ASUR,462
1993-06-03,36.66666793823242,38.33333206176758,36.25,38.33333206176758,5775,ASUR,462
1993-06-04,35.0,38.33333206176758,35.0,38.33333206176758,5670,ASUR,462
1993-06-07,38.33333206176758,38.33333206176758,33.33333206176758,38.33333206176758,3000,ASUR,462
1993-06-08,33.33333206176758,38.33333206176758,33.33333206176758,34.16666793823242,1275,ASUR,462
1993-06-09,36.66666793823242,38.33333206176758,33.33333206176758,33.33333206176758,2100,ASUR,462
1993-06-10,36.66666793823242,36.66666793823242,31.666667938232422,33.33333206176758,4605,ASUR,462
1993-06-11,35.0,36.66666793823242,31.666667938232422,36.66666793823242,1755,ASUR,462
1993-06-14,35.0,35.0,31.666667938232422,35.0,330,ASUR,462
1993-06-15,33.33333206176758,35.0,33.33333206176758,35.0,855,ASUR,462
1993-06-16,35.0,35.0,31.666667938232422,31.666667938232422,1185,ASUR,462
1993-06-17,35.0,35.0,31.666667938232422,35.0,390,ASUR,462
1993-06-18,31.666667938232422,35.0,31.666667938232422,31.666667938232422,1365,ASUR,462
1993-06-21,30.0,35.0,30.0,31.666667938232422,5010,ASUR,462
1993-06-22,28.333332061767578,32.5,26.666667938232422,32.5,11235,ASUR,462
1993-06-23,31.666667938232422,31.666667938232422,26.666667938232422,30.0,7125,ASUR,462
1993-06-24,36.66666793823242,36.66666793823242,28.333332061767578,28.333332061767578,2910,ASUR,462
1993-06-25,38.33333206176758,38.33333206176758,33.33333206176758,36.66666793823242,4050,ASUR,462
1993-06-28,35.0,38.33333206176758,35.0,35.0,3510,ASUR,462
1993-06-29,31.666667938232422,36.66666793823242,31.666667938232422,36.66666793823242,3855,ASUR,462
1993-06-30,33.33333206176758,33.33333206176758,30.0,33.33333206176758,915,ASUR,462
1993-07-01,35.0,35.0,31.666667938232422,31.666667938232422,4680,ASUR,462
1993-07-02,35.0,38.33333206176758,31.666667938232422,31.666667938232422,4140,ASUR,462
1993-07-06,35.0,38.33333206176758,35.0,36.66666793823242,3000,ASUR,462
1993-07-07,38.33333206176758,38.33333206176758,33.33333206176758,38.33333206176758,945,ASUR,462
1993-07-08,36.66666793823242,38.33333206176758,33.33333206176758,35.0,1080,ASUR,462
1993-07-09,38.33333206176758,38.33333206176758,33.33333206176758,33.33333206176758,15570,ASUR,462
1993-07-12,33.33333206176758,38.33333206176758,33.33333206176758,38.33333206176758,1125,ASUR,462
1993-07-13,38.33333206176758,38.33333206176758,33.33333206176758,38.33333206176758,162675,ASUR,462
1993-07-14,35.0,38.33333206176758,35.0,38.33333206176758,1965,ASUR,462
1993-07-15,38.33333206176758,38.33333206176758,35.0,35.0,5340,ASUR,462
1993-07-16,35.0,38.33333206176758,35.0,35.0,2595,ASUR,462
1993-07-19,35.0,38.33333206176758,35.0,35.0,3255,ASUR,462
1993-07-20,38.33333206176758,38.33333206176758,35.0,35.0,330,ASUR,462
1993-07-21,35.0,38.33333206176758,35.0,35.0,375,ASUR,462
1993-07-22,35.0,38.33333206176758,35.0,35.0,1005,ASUR,462
1993-07-23,38.33333206176758,38.33333206176758,35.0,35.0,1050,ASUR,462
1993-07-26,36.66666793823242,38.33333206176758,35.0,38.33333206176758,2595,ASUR,462
1993-07-27,36.66666793823242,38.33333206176758,36.66666793823242,38.33333206176758,3330,ASUR,462
1993-07-28,40.0,41.66666793823242,37.5,38.33333206176758,8670,ASUR,462
1993-07-29,39.16666793823242,41.66666793823242,38.33333206176758,38.33333206176758,4800,ASUR,462
1993-07-30,35.0,41.66666793823242,35.0,38.33333206176758,18345,ASUR,462
1993-08-02,40.0,40.0,35.0,35.0,4575,ASUR,462
1993-08-03,43.33333206176758,43.33333206176758,36.66666793823242,40.0,5355,ASUR,462
1993-08-04,45.83333206176758,45.83333206176758,40.0,40.0,6630,ASUR,462
1993-08-05,43.33333206176758,46.66666793823242,43.33333206176758,46.66666793823242,4980,ASUR,462
1993-08-06,45.0,46.66666793823242,43.33333206176758,43.33333206176758,1365,ASUR,462
1993-08-09,43.33333206176758,46.66666793823242,43.33333206176758,43.33333206176758,2445,ASUR,462
1993-08-10,43.33333206176758,46.66666793823242,43.33333206176758,43.33333206176758,1080,ASUR,462
1993-08-11,45.0,45.0,41.66666793823242,43.33333206176758,2850,ASUR,462
1993-08-12,41.66666793823242,45.0,40.0,45.0,2340,ASUR,462
1993-08-13,46.66666793823242,48.33333206176758,43.33333206176758,45.0,4740,ASUR,462
1993-08-16,51.66666793823242,53.33333206176758,45.0,48.33333206176758,60990,ASUR,462
1993-08-17,53.33333206176758,53.33333206176758,48.33333206176758,53.33333206176758,5940,ASUR,462
1993-08-18,53.33333206176758,53.33333206176758,50.0,50.0,14760,ASUR,462
1993-08-19,56.66666793823242,60.83333206176758,53.33333206176758,55.0,30915,ASUR,462
1993-08-20,53.33333206176758,61.66666793823242,53.33333206176758,60.0,22725,ASUR,462
1993-08-23,61.66666793823242,63.33333206176758,50.0,56.66666793823242,23670,ASUR,462
1993-08-24,63.33333206176758,71.66666412353516,63.33333206176758,63.33333206176758,68025,ASUR,462
1993-08-25,61.66666793823242,66.66666412353516,61.66666793823242,66.66666412353516,12270,ASUR,462
1993-08-26,61.66666793823242,65.0,56.66666793823242,65.0,8730,ASUR,462
1993-08-27,56.66666793823242,61.66666793823242,56.66666793823242,61.66666793823242,3675,ASUR,462
1993-08-30,56.66666793823242,61.66666793823242,55.0,61.66666793823242,5400,ASUR,462
1993-08-31,55.0,60.0,55.0,55.0,5370,ASUR,462
1993-09-01,60.0,60.0,55.0,60.0,6525,ASUR,462
1993-09-02,60.0,61.66666793823242,56.66666793823242,56.66666793823242,3945,ASUR,462
1993-09-03,60.0,60.0,56.66666793823242,60.0,1095,ASUR,462
1993-09-07,60.0,61.66666793823242,56.66666793823242,61.66666793823242,1365,ASUR,462
1993-09-08,56.66666793823242,60.0,56.66666793823242,60.0,3450,ASUR,462
1993-09-09,60.0,60.0,55.0,55.0,1950,ASUR,462
1993-09-10,59.16666793823242,61.66666793823242,56.66666793823242,60.0,4320,ASUR,462
1993-09-13,60.0,60.0,56.66666793823242,56.66666793823242,735,ASUR,462
1993-09-14,60.0,60.0,56.66666793823242,60.0,2715,ASUR,462
1993-09-15,58.33333206176758,60.0,56.66666793823242,60.0,12705,ASUR,462
1993-09-16,61.66666793823242,61.66666793823242,56.66666793823242,56.66666793823242,315,ASUR,462
1993-09-17,60.0,61.66666793823242,56.66666793823242,56.66666793823242,3270,ASUR,462
1993-09-20,56.66666793823242,60.0,56.66666793823242,60.0,1200,ASUR,462
1993-09-21,55.0,60.0,55.0,56.66666793823242,2940,ASUR,462
1993-09-22,55.0,58.33333206176758,55.0,55.0,705,ASUR,462
1993-09-23,61.66666793823242,61.66666793823242,55.0,58.33333206176758,17790,ASUR,462
1993-09-24,63.33333206176758,63.33333206176758,58.33333206176758,61.66666793823242,9000,ASUR,462
1993-09-27,63.33333206176758,63.33333206176758,58.33333206176758,63.33333206176758,1425,ASUR,462
1993-09-28,63.33333206176758,63.33333206176758,58.33333206176758,63.33333206176758,1905,ASUR,462
1993-09-29,60.0,63.33333206176758,60.0,60.0,2565,ASUR,462
1993-09-30,63.33333206176758,63.33333206176758,60.0,63.33333206176758,1710,ASUR,462
1993-10-01,61.66666793823242,63.33333206176758,60.0,60.0,1695,ASUR,462
1993-10-04,60.83333206176758,63.33333206176758,60.0,60.0,1665,ASUR,462
1993-10-05,61.66666793823242,63.33333206176758,60.0,63.33333206176758,1440,ASUR,462
1993-10-06,58.33333206176758,61.66666793823242,58.33333206176758,61.66666793823242,1035,ASUR,462
1993-10-07,58.33333206176758,61.66666793823242,58.33333206176758,61.66666793823242,2640,ASUR,462
1993-10-08,58.33333206176758,61.66666793823242,58.33333206176758,58.33333206176758,705,ASUR,462
1993-10-11,61.66666793823242,61.66666793823242,58.33333206176758,61.66666793823242,735,ASUR,462
1993-10-12,58.33333206176758,61.66666793823242,58.33333206176758,61.66666793823242,1050,ASUR,462
1993-10-13,58.33333206176758,61.66666793823242,58.33333206176758,58.33333206176758,1965,ASUR,462
1993-10-14,58.33333206176758,61.66666793823242,58.33333206176758,58.33333206176758,1110,ASUR,462
1993-10-15,58.33333206176758,61.66666793823242,58.33333206176758,61.66666793823242,1680,ASUR,462
1993-10-18,61.66666793823242,61.66666793823242,58.33333206176758,61.66666793823242,2235,ASUR,462
1993-10-19,58.33333206176758,61.66666793823242,58.33333206176758,61.66666793823242,750,ASUR,462
1993-10-20,53.33333206176758,57.5,45.0,53.33333206176758,18345,ASUR,462
1993-10-21,53.33333206176758,53.33333206176758,50.0,50.0,3705,ASUR,462
1993-10-22,53.33333206176758,53.33333206176758,50.0,50.0,2445,ASUR,462
1993-10-25,48.33333206176758,53.33333206176758,46.66666793823242,53.33333206176758,4590,ASUR,462
1993-10-26,55.0,60.0,53.33333206176758,56.66666793823242,25275,ASUR,462
1993-10-27,55.0,55.83333206176758,53.33333206176758,55.0,13440,ASUR,462
1993-10-28,48.33333206176758,55.0,48.33333206176758,55.0,7320,ASUR,462
1993-10-29,51.66666793823242,51.66666793823242,48.33333206176758,51.66666793823242,1485,ASUR,462
1993-11-01,50.0,51.66666793823242,46.66666793823242,51.66666793823242,1725,ASUR,462
1993-11-02,50.0,53.33333206176758,50.0,50.0,2820,ASUR,462
1993-11-03,51.66666793823242,53.33333206176758,50.0,53.33333206176758,6390,ASUR,462
1993-11-04,48.33333206176758,53.33333206176758,48.33333206176758,50.0,1140,ASUR,462
1993-11-05,53.33333206176758,53.33333206176758,48.33333206176758,48.33333206176758,840,ASUR,462
1993-11-08,53.33333206176758,53.33333206176758,48.33333206176758,48.33333206176758,4470,ASUR,462
1993-11-09,56.66666793823242,56.66666793823242,48.33333206176758,53.33333206176758,8925,ASUR,462
1993-11-10,55.0,56.66666793823242,51.66666793823242,56.66666793823242,7695,ASUR,462
1993-11-11,55.0,55.0,51.66666793823242,55.0,270,ASUR,462
1993-11-12,51.66666793823242,55.0,51.66666793823242,52.5,1770,ASUR,462
1993-11-15,51.66666793823242,53.33333206176758,51.66666793823242,53.33333206176758,1035,ASUR,462
1993-11-16,51.66666793823242,53.33333206176758,50.0,53.33333206176758,1380,ASUR,462
1993-11-17,55.0,58.33333206176758,51.66666793823242,53.33333206176758,16185,ASUR,462
1993-11-18,50.0,55.0,50.0,50.0,3780,ASUR,462
1993-11-19,50.0,53.33333206176758,50.0,50.0,2055,ASUR,462
1993-11-22,51.66666793823242,51.66666793823242,48.33333206176758,48.33333206176758,2280,ASUR,462
1993-11-23,48.33333206176758,48.33333206176758,48.33333206176758,48.33333206176758,90,ASUR,462
1993-11-24,48.33333206176758,48.33333206176758,48.33333206176758,48.33333206176758,495,ASUR,462
1993-11-26,50.0,53.33333206176758,48.33333206176758,48.33333206176758,495,ASUR,462
1993-11-29,48.33333206176758,53.33333206176758,46.66666793823242,53.33333206176758,4560,ASUR,462
1993-11-30,50.0,50.0,46.66666793823242,50.0,2220,ASUR,462
1993-12-01,48.33333206176758,50.0,46.66666793823242,50.0,1890,ASUR,462
1993-12-02,48.33333206176758,48.33333206176758,45.0,45.0,720,ASUR,462
1993-12-03,50.0,50.0,50.0,50.0,60,ASUR,462
1993-12-06,48.33333206176758,50.0,45.0,50.0,8610,ASUR,462
1993-12-07,46.66666793823242,50.0,46.66666793823242,50.0,1920,ASUR,462
1993-12-08,50.0,50.0,46.66666793823242,46.66666793823242,2895,ASUR,462
1993-12-09,50.0,50.0,46.66666793823242,46.66666793823242,3255,ASUR,462
1993-12-10,46.66666793823242,50.0,46.66666793823242,50.0,615,ASUR,462
1993-12-13,46.66666793823242,50.0,46.66666793823242,46.66666793823242,2445,ASUR,462
1993-12-14,45.0,48.33333206176758,45.0,48.33333206176758,3540,ASUR,462
1993-12-15,46.66666793823242,46.66666793823242,45.0,45.0,1530,ASUR,462
1993-12-16,45.83333206176758,46.66666793823242,45.0,46.66666793823242,2370,ASUR,462
1993-12-17,45.0,48.33333206176758,45.0,48.33333206176758,2265,ASUR,462
1993-12-20,46.66666793823242,48.33333206176758,43.33333206176758,43.33333206176758,2085,ASUR,462
1993-12-21,43.33333206176758,46.66666793823242,43.33333206176758,46.66666793823242,840,ASUR,462
1993-12-22,43.33333206176758,46.66666793823242,43.33333206176758,45.0,13230,ASUR,462
1993-12-23,46.66666793823242,46.66666793823242,43.33333206176758,43.33333206176758,1560,ASUR,462
1993-12-27,43.33333206176758,47.5,43.33333206176758,43.33333206176758,2460,ASUR,462
1993-12-28,48.33333206176758,48.33333206176758,43.33333206176758,43.33333206176758,690,ASUR,462
1993-12-29,43.33333206176758,48.33333206176758,43.33333206176758,43.33333206176758,615,ASUR,462
1993-12-30,41.66666793823242,48.33333206176758,41.66666793823242,43.33333206176758,4785,ASUR,462
1993-12-31,43.33333206176758,46.66666793823242,41.66666793823242,41.66666793823242,5160,ASUR,462
1994-01-03,43.33333206176758,46.66666793823242,43.33333206176758,43.33333206176758,585,ASUR,462
1994-01-04,45.0,46.66666793823242,41.66666793823242,43.33333206176758,3150,ASUR,462
1994-01-05,48.33333206176758,51.66666793823242,41.66666793823242,43.33333206176758,9240,ASUR,462
1994-01-06,53.33333206176758,53.33333206176758,50.0,51.66666793823242,3075,ASUR,462
1994-01-07,53.33333206176758,55.0,50.0,50.0,7530,ASUR,462
1994-01-10,53.33333206176758,55.0,50.0,55.0,5820,ASUR,462
1994-01-11,46.66666793823242,53.33333206176758,43.33333206176758,53.33333206176758,12525,ASUR,462
1994-01-12,50.0,50.0,46.66666793823242,48.33333206176758,3915,ASUR,462
1994-01-13,45.0,48.33333206176758,45.0,46.66666793823242,4485,ASUR,462
1994-01-14,41.66666793823242,46.66666793823242,41.66666793823242,45.0,7260,ASUR,462
1994-01-17,43.33333206176758,45.0,40.0,45.0,3945,ASUR,462
1994-01-18,43.33333206176758,45.0,40.0,43.33333206176758,4230,ASUR,462
1994-01-19,45.0,45.0,41.66666793823242,43.33333206176758,1035,ASUR,462
1994-01-20,46.66666793823242,46.66666793823242,41.66666793823242,46.66666793823242,540,ASUR,462
1994-01-21,47.5,48.33333206176758,43.33333206176758,43.33333206176758,5460,ASUR,462
1994-01-24,51.66666793823242,51.66666793823242,46.66666793823242,46.66666793823242,4275,ASUR,462
1994-01-25,50.0,51.66666793823242,46.66666793823242,46.66666793823242,2775,ASUR,462
1994-01-26,50.83333206176758,52.5,48.33333206176758,51.66666793823242,19125,ASUR,462
1994-01-27,47.5,51.66666793823242,46.66666793823242,51.66666793823242,3030,ASUR,462
1994-01-28,49.16666793823242,50.0,47.5,47.5,5070,ASUR,462
1994-01-31,48.33333206176758,50.0,47.5,50.0,2430,ASUR,462
1994-02-01,44.16666793823242,50.0,43.33333206176758,47.5,5670,ASUR,462
1994-02-02,40.83333206176758,46.66666793823242,40.0,46.66666793823242,9300,ASUR,462
1994-02-03,40.0,41.66666793823242,35.0,38.33333206176758,46065,ASUR,462
1994-02-04,37.5,40.83333206176758,37.5,38.33333206176758,11910,ASUR,462
1994-02-07,36.66666793823242,38.33333206176758,36.66666793823242,38.33333206176758,7260,ASUR,462
1994-02-08,36.66666793823242,38.33333206176758,36.66666793823242,38.33333206176758,6690,ASUR,462
1994-02-09,39.16666793823242,41.66666793823242,38.33333206176758,38.33333206176758,2970,ASUR,462
1994-02-10,39.16666793823242,41.66666793823242,38.33333206176758,41.66666793823242,6165,ASUR,462
1994-02-11,39.16666793823242,39.16666793823242,36.66666793823242,38.33333206176758,3210,ASUR,462
1994-02-14,36.66666793823242,39.16666793823242,36.66666793823242,39.16666793823242,4560,ASUR,462
1994-02-15,39.16666793823242,39.16666793823242,36.66666793823242,36.66666793823242,840,ASUR,462
1994-02-16,35.0,38.33333206176758,32.5,36.66666793823242,42360,ASUR,462
1994-02-17,38.33333206176758,39.16666793823242,34.16666793823242,35.83333206176758,7515,ASUR,462
1994-02-18,40.0,40.0,36.66666793823242,39.16666793823242,1755,ASUR,462
1994-02-22,38.33333206176758,40.0,36.66666793823242,40.0,600,ASUR,462
1994-02-23,39.16666793823242,39.16666793823242,37.5,37.5,555,ASUR,462
1994-02-24,38.33333206176758,39.16666793823242,36.66666793823242,39.16666793823242,4575,ASUR,462
1994-02-25,35.83333206176758,38.33333206176758,35.0,35.83333206176758,14415,ASUR,462
1994-02-28,36.66666793823242,37.5,33.33333206176758,37.5,5955,ASUR,462
1994-03-01,36.66666793823242,36.66666793823242,33.33333206176758,33.33333206176758,2580,ASUR,462
1994-03-02,33.33333206176758,36.66666793823242,31.666667938232422,36.66666793823242,7950,ASUR,462
1994-03-03,33.33333206176758,36.66666793823242,33.33333206176758,33.33333206176758,1725,ASUR,462
1994-03-04,36.66666793823242,36.66666793823242,33.33333206176758,33.33333206176758,555,ASUR,462
1994-03-07,33.33333206176758,36.66666793823242,33.33333206176758,36.66666793823242,1125,ASUR,462
1994-03-08,32.5,36.66666793823242,32.5,35.83333206176758,1260,ASUR,462
1994-03-09,33.33333206176758,34.16666793823242,30.833332061767578,32.5,6165,ASUR,462
1994-03-10,33.33333206176758,34.16666793823242,33.33333206176758,34.16666793823242,7785,ASUR,462
1994-03-11,34.16666793823242,34.16666793823242,31.666667938232422,32.5,6285,ASUR,462
1994-03-14,31.666667938232422,34.16666793823242,30.833332061767578,31.666667938232422,2385,ASUR,462
1994-03-15,30.833332061767578,33.33333206176758,28.333332061767578,30.833332061767578,9540,ASUR,462
1994-03-16,30.0,30.833332061767578,27.5,30.833332061767578,3495,ASUR,462
1994-03-17,33.33333206176758,33.33333206176758,28.333332061767578,30.0,5835,ASUR,462
1994-03-18,35.0,37.5,33.33333206176758,33.33333206176758,22110,ASUR,462
1994-03-21,34.16666793823242,36.66666793823242,34.16666793823242,36.66666793823242,2220,ASUR,462
1994-03-22,33.33333206176758,35.0,33.33333206176758,34.16666793823242,5010,ASUR,462
1994-03-23,33.33333206176758,35.0,33.33333206176758,33.33333206176758,1050,ASUR,462
1994-03-24,33.33333206176758,36.66666793823242,31.666667938232422,36.66666793823242,7200,ASUR,462
1994-03-25,34.16666793823242,34.16666793823242,31.666667938232422,31.666667938232422,7155,ASUR,462
1994-03-28,32.5,34.16666793823242,32.5,34.16666793823242,16605,ASUR,462
1994-03-29,33.33333206176758,34.16666793823242,32.5,34.16666793823242,3795,ASUR,462
1994-03-30,31.666667938232422,34.16666793823242,31.666667938232422,32.5,6945,ASUR,462
1994-03-31,33.33333206176758,33.33333206176758,30.833332061767578,33.33333206176758,4425,ASUR,462
1994-04-04,30.0,31.666667938232422,28.333332061767578,31.666667938232422,5085,ASUR,462
1994-04-05,28.333332061767578,30.416667938232422,28.333332061767578,30.0,12855,ASUR,462
1994-04-06,30.0,30.0,28.333332061767578,30.0,7140,ASUR,462
1994-04-07,30.0,30.0,28.333332061767578,30.0,55575,ASUR,462
1994-04-08,31.666667938232422,33.33333206176758,30.833332061767578,31.666667938232422,9450,ASUR,462
1994-04-11,30.833332061767578,33.33333206176758,30.833332061767578,33.33333206176758,8325,ASUR,462
1994-04-12,30.833332061767578,32.5,29.166667938232422,32.5,2070,ASUR,462
1994-04-13,28.333332061767578,30.0,26.666667938232422,29.166667938232422,13410,ASUR,462
1994-04-14,28.333332061767578,29.166667938232422,27.5,27.5,1215,ASUR,462
1994-04-15,28.333332061767578,30.0,27.5,28.333332061767578,11670,ASUR,462
1994-04-18,27.5,28.333332061767578,27.5,27.5,2205,ASUR,462
1994-04-19,27.5,28.333332061767578,27.5,28.333332061767578,4950,ASUR,462
1994-04-20,27.5,28.333332061767578,27.5,27.5,4440,ASUR,462
1994-04-21,27.5,29.166667938232422,27.5,29.166667938232422,1680,ASUR,462
1994-04-22,28.333332061767578,29.166667938232422,27.5,27.5,5940,ASUR,462
1994-04-25,30.0,30.0,27.5,29.166667938232422,6210,ASUR,462
1994-04-26,28.333332061767578,30.0,28.333332061767578,30.0,5520,ASUR,462
1994-04-28,29.166667938232422,30.0,28.333332061767578,30.0,4980,ASUR,462
1994-04-29,30.0,30.0,28.333332061767578,29.166667938232422,1590,ASUR,462
1994-05-02,30.0,30.0,28.333332061767578,30.0,5970,ASUR,462
1994-05-03,30.0,30.0,28.333332061767578,28.75,2805,ASUR,462
1994-05-04,30.0,31.666667938232422,29.166667938232422,31.666667938232422,2745,ASUR,462
1994-05-05,28.333332061767578,30.833332061767578,28.333332061767578,30.0,1830,ASUR,462
1994-05-06,28.333332061767578,30.833332061767578,28.333332061767578,30.833332061767578,3135,ASUR,462
1994-05-09,28.333332061767578,31.666667938232422,28.333332061767578,31.666667938232422,3840,ASUR,462
1994-05-10,29.166667938232422,31.666667938232422,29.166667938232422,31.666667938232422,2130,ASUR,462
1994-05-11,30.833332061767578,31.666667938232422,28.333332061767578,29.166667938232422,4335,ASUR,462
1994-05-12,30.833332061767578,30.833332061767578,28.333332061767578,30.833332061767578,2130,ASUR,462
1994-05-13,28.333332061767578,30.833332061767578,28.333332061767578,30.833332061767578,1260,ASUR,462
1994-05-16,29.583332061767578,30.833332061767578,28.333332061767578,30.833332061767578,1500,ASUR,462
1994-05-17,29.166667938232422,30.833332061767578,28.333332061767578,28.333332061767578,2310,ASUR,462
1994-05-18,29.166667938232422,30.0,27.5,30.0,11070,ASUR,462
1994-05-19,28.333332061767578,30.0,27.5,30.0,8445,ASUR,462
1994-05-20,30.0,30.0,28.333332061767578,30.0,5445,ASUR,462
1994-05-23,30.0,30.0,27.5,27.5,7965,ASUR,462
1994-05-24,27.5,30.0,27.5,27.5,3420,ASUR,462
1994-05-25,27.916667938232422,30.0,27.5,27.5,2130,ASUR,462
1994-05-26,29.166667938232422,29.166667938232422,27.5,29.166667938232422,1530,ASUR,462
1994-05-27,27.5,29.166667938232422,27.5,29.166667938232422,1065,ASUR,462
1994-05-31,27.5,29.166667938232422,27.5,29.166667938232422,645,ASUR,462
1994-06-01,29.166667938232422,29.166667938232422,27.5,29.166667938232422,2235,ASUR,462
1994-06-02,30.0,30.0,28.333332061767578,30.0,1230,ASUR,462
1994-06-03,31.666667938232422,31.666667938232422,29.166667938232422,30.0,2910,ASUR,462
1994-06-06,32.5,33.33333206176758,31.666667938232422,32.5,3780,ASUR,462
1994-06-07,32.5,33.33333206176758,31.666667938232422,31.666667938232422,1290,ASUR,462
1994-06-08,30.0,32.5,29.166667938232422,31.666667938232422,3750,ASUR,462
1994-06-09,29.166667938232422,30.833332061767578,29.166667938232422,30.0,3300,ASUR,462
1994-06-10,30.833332061767578,30.833332061767578,29.166667938232422,30.833332061767578,1260,ASUR,462
1994-06-13,29.166667938232422,29.166667938232422,29.166667938232422,29.166667938232422,195,ASUR,462
1994-06-14,29.166667938232422,29.166667938232422,29.166667938232422,29.166667938232422,0,ASUR,462
1994-06-15,32.5,32.5,30.0,30.0,1770,ASUR,462
1994-06-16,32.5,32.5,30.0,32.5,390,ASUR,462
1994-06-17,32.5,32.5,30.0,30.0,1125,ASUR,462
1994-06-20,30.0,32.5,30.0,32.5,540,ASUR,462
1994-06-21,30.0,31.666667938232422,29.166667938232422,31.666667938232422,3720,ASUR,462
1994-06-22,30.833332061767578,31.666667938232422,29.166667938232422,30.833332061767578,5310,ASUR,462
1994-06-23,31.666667938232422,32.5,30.833332061767578,31.666667938232422,4065,ASUR,462
1994-06-24,34.16666793823242,35.0,31.666667938232422,34.16666793823242,2040,ASUR,462
1994-06-27,33.33333206176758,35.0,32.08333206176758,35.0,9405,ASUR,462
1994-06-28,33.33333206176758,33.33333206176758,33.33333206176758,33.33333206176758,1140,ASUR,462
1994-06-29,34.16666793823242,35.0,32.5,33.33333206176758,8685,ASUR,462
1994-06-30,35.83333206176758,36.66666793823242,34.16666793823242,34.16666793823242,4290,ASUR,462
1994-07-01,35.83333206176758,35.83333206176758,34.16666793823242,35.83333206176758,2250,ASUR,462
1994-07-05,34.58333206176758,35.83333206176758,34.16666793823242,35.83333206176758,1815,ASUR,462
1994-07-06,35.83333206176758,35.83333206176758,34.16666793823242,35.83333206176758,2865,ASUR,462
1994-07-07,34.16666793823242,35.83333206176758,34.16666793823242,35.41666793823242,1965,ASUR,462
1994-07-08,35.83333206176758,35.83333206176758,34.16666793823242,35.0,1245,ASUR,462
1994-07-11,35.83333206176758,35.83333206176758,34.16666793823242,34.16666793823242,1005,ASUR,462
1994-07-12,35.0,35.0,34.16666793823242,34.16666793823242,1905,ASUR,462
1994-07-13,40.0,40.0,34.16666793823242,34.16666793823242,8670,ASUR,462
1994-07-14,40.0,46.66666793823242,36.66666793823242,40.0,13230,ASUR,462
1994-07-15,39.58333206176758,41.66666793823242,38.33333206176758,41.66666793823242,2550,ASUR,462
1994-07-18,39.58333206176758,40.83333206176758,38.33333206176758,38.33333206176758,1125,ASUR,462
1994-07-19,38.33333206176758,40.83333206176758,38.33333206176758,40.83333206176758,1560,ASUR,462
1994-07-20,40.83333206176758,41.66666793823242,38.33333206176758,40.83333206176758,6390,ASUR,462
1994-07-21,40.0,45.0,40.0,40.83333206176758,8175,ASUR,462
1994-07-22,39.16666793823242,43.33333206176758,38.33333206176758,43.33333206176758,2475,ASUR,462
1994-07-25,41.66666793823242,41.66666793823242,38.33333206176758,38.33333206176758,900,ASUR,462
1994-07-26,38.33333206176758,41.66666793823242,38.33333206176758,41.66666793823242,1275,ASUR,462
1994-07-27,40.83333206176758,40.83333206176758,38.33333206176758,40.0,2250,ASUR,462
1994-07-28,40.0,40.83333206176758,38.33333206176758,38.33333206176758,360,ASUR,462
1994-07-29,41.66666793823242,41.66666793823242,38.33333206176758,40.0,2940,ASUR,462
1994-08-01,39.16666793823242,41.66666793823242,39.16666793823242,41.66666793823242,795,ASUR,462
1994-08-02,39.16666793823242,40.83333206176758,39.16666793823242,40.83333206176758,1020,ASUR,462
1994-08-03,39.16666793823242,40.83333206176758,39.16666793823242,39.16666793823242,885,ASUR,462
1994-08-04,39.16666793823242,40.83333206176758,38.33333206176758,40.0,2175,ASUR,462
1994-08-05,38.33333206176758,40.83333206176758,38.33333206176758,38.33333206176758,1875,ASUR,462
1994-08-08,38.33333206176758,40.83333206176758,38.33333206176758,38.33333206176758,2505,ASUR,462
1994-08-09,38.33333206176758,40.0,38.33333206176758,38.33333206176758,465,ASUR,462
1994-08-10,37.5,40.0,37.5,40.0,165,ASUR,462
1994-08-11,40.0,40.0,37.5,40.0,1215,ASUR,462
1994-08-12,40.83333206176758,40.83333206176758,38.33333206176758,38.33333206176758,2160,ASUR,462
1994-08-15,40.83333206176758,40.83333206176758,39.16666793823242,39.16666793823242,2235,ASUR,462
1994-08-16,39.16666793823242,40.83333206176758,39.16666793823242,39.16666793823242,720,ASUR,462
1994-08-17,39.16666793823242,40.83333206176758,39.16666793823242,39.16666793823242,1965,ASUR,462
1994-08-18,40.83333206176758,40.83333206176758,37.5,40.83333206176758,17850,ASUR,462
1994-08-19,37.5,40.83333206176758,37.5,37.5,420,ASUR,462
1994-08-22,39.16666793823242,40.83333206176758,37.5,37.5,1755,ASUR,462
1994-08-23,40.0,40.0,37.5,40.0,915,ASUR,462
1994-08-24,37.5,39.16666793823242,37.5,37.5,525,ASUR,462
1994-08-25,39.16666793823242,40.0,37.5,40.0,1470,ASUR,462
1994-08-26,37.5,39.16666793823242,36.66666793823242,39.16666793823242,810,ASUR,462
1994-08-29,36.66666793823242,38.33333206176758,36.66666793823242,38.33333206176758,2985,ASUR,462
1994-08-30,37.08333206176758,39.16666793823242,36.66666793823242,36.66666793823242,1680,ASUR,462
1994-08-31,38.33333206176758,38.33333206176758,36.66666793823242,36.66666793823242,1305,ASUR,462
1994-09-01,36.66666793823242,38.33333206176758,36.66666793823242,36.66666793823242,3045,ASUR,462
1994-09-02,36.66666793823242,38.33333206176758,36.66666793823242,36.66666793823242,1230,ASUR,462
1994-09-06,37.5,38.33333206176758,36.66666793823242,37.08333206176758,2865,ASUR,462
1994-09-07,40.0,40.0,37.5,37.5,720,ASUR,462
1994-09-08,37.5,37.5,37.5,37.5,345,ASUR,462
1994-09-09,37.5,40.0,37.5,40.0,690,ASUR,462
1994-09-12,37.5,40.0,37.5,37.5,1140,ASUR,462
1994-09-13,40.0,40.0,37.5,37.5,4995,ASUR,462
1994-09-14,40.83333206176758,40.83333206176758,39.58333206176758,40.0,8295,ASUR,462
1994-09-15,40.83333206176758,41.66666793823242,39.16666793823242,40.83333206176758,6585,ASUR,462
1994-09-16,39.16666793823242,40.83333206176758,38.33333206176758,40.83333206176758,1665,ASUR,462
1994-09-19,39.16666793823242,40.0,39.16666793823242,40.0,3960,ASUR,462
1994-09-20,40.0,40.0,38.33333206176758,40.0,4965,ASUR,462
1994-09-21,39.16666793823242,40.0,38.33333206176758,38.33333206176758,735,ASUR,462
1994-09-22,38.33333206176758,40.0,38.33333206176758,39.79166793823242,1140,ASUR,462
1994-09-23,40.0,40.0,38.33333206176758,40.0,1290,ASUR,462
1994-09-26,40.0,40.0,38.33333206176758,40.0,2730,ASUR,462
1994-09-27,38.33333206176758,40.0,37.5,40.0,3315,ASUR,462
1994-09-28,37.5,39.16666793823242,37.5,37.5,705,ASUR,462
1994-09-29,37.5,39.16666793823242,37.5,39.16666793823242,495,ASUR,462
1994-09-30,38.33333206176758,39.16666793823242,37.5,37.5,5610,ASUR,462
1994-10-03,38.33333206176758,39.16666793823242,37.5,38.33333206176758,3075,ASUR,462
1994-10-04,37.5,39.16666793823242,37.5,38.33333206176758,990,ASUR,462
1994-10-05,40.0,40.0,37.5,39.16666793823242,3570,ASUR,462
1994-10-06,40.83333206176758,42.5,39.16666793823242,40.0,8565,ASUR,462
1994-10-07,41.66666793823242,42.5,40.83333206176758,41.66666793823242,32970,ASUR,462
1994-10-10,42.5,43.33333206176758,41.66666793823242,43.33333206176758,4500,ASUR,462
1994-10-11,43.33333206176758,43.33333206176758,41.66666793823242,41.66666793823242,4455,ASUR,462
1994-10-12,43.33333206176758,43.33333206176758,42.5,43.33333206176758,3465,ASUR,462
1994-10-13,42.5,43.33333206176758,42.5,42.5,1050,ASUR,462
1994-10-14,40.83333206176758,42.5,40.0,42.5,21585,ASUR,462
1994-10-17,40.0,42.5,40.0,42.5,2985,ASUR,462
1994-10-18,41.66666793823242,42.5,40.0,40.0,12300,ASUR,462
1994-10-19,46.66666793823242,46.66666793823242,41.66666793823242,41.66666793823242,31860,ASUR,462
1994-10-20,45.83333206176758,50.83333206176758,45.0,46.66666793823242,39135,ASUR,462
1994-10-21,43.33333206176758,47.5,43.33333206176758,47.5,37320,ASUR,462
1994-10-24,45.0,45.0,40.83333206176758,43.33333206176758,5160,ASUR,462
1994-10-25,41.66666793823242,45.0,40.83333206176758,43.33333206176758,7380,ASUR,462
1994-10-26,46.66666793823242,49.16666793823242,40.0,40.0,58170,ASUR,462
1994-10-27,50.83333206176758,52.5,46.66666793823242,48.33333206176758,83040,ASUR,462
1994-10-28,50.83333206176758,51.66666793823242,49.16666793823242,51.66666793823242,15495,ASUR,462
1994-10-31,51.66666793823242,54.16666793823242,50.0,50.0,29040,ASUR,462
1994-11-01,50.83333206176758,53.33333206176758,50.83333206176758,53.33333206176758,6195,ASUR,462
1994-11-02,53.33333206176758,54.16666793823242,50.0,52.5,94005,ASUR,462
1994-11-03,54.16666793823242,55.83333206176758,51.66666793823242,55.0,11310,ASUR,462
1994-11-04,51.66666793823242,54.16666793823242,51.66666793823242,51.66666793823242,3015,ASUR,462
1994-11-07,51.66666793823242,54.16666793823242,50.83333206176758,52.5,2445,ASUR,462
1994-11-08,51.66666793823242,53.33333206176758,50.83333206176758,53.33333206176758,2310,ASUR,462
1994-11-09,52.5,52.5,50.83333206176758,52.5,4920,ASUR,462
1994-11-10,51.66666793823242,52.5,51.66666793823242,52.5,5955,ASUR,462
1994-11-11,51.66666793823242,52.5,50.0,51.66666793823242,8085,ASUR,462
1994-11-14,50.83333206176758,51.66666793823242,50.0,50.83333206176758,2925,ASUR,462
1994-11-15,52.08333206176758,53.33333206176758,50.83333206176758,50.83333206176758,10650,ASUR,462
1994-11-16,51.66666793823242,53.33333206176758,51.66666793823242,51.66666793823242,7275,ASUR,462
1994-11-17,53.33333206176758,53.33333206176758,50.83333206176758,51.66666793823242,16335,ASUR,462
1994-11-18,55.0,55.0,51.66666793823242,53.33333206176758,9555,ASUR,462
1994-11-21,51.66666793823242,55.0,51.66666793823242,55.0,7200,ASUR,462
1994-11-22,50.0,53.33333206176758,50.0,51.66666793823242,18270,ASUR,462
1994-11-23,51.66666793823242,51.66666793823242,50.0,51.66666793823242,2430,ASUR,462
1994-11-25,51.66666793823242,51.66666793823242,50.0,50.0,690,ASUR,462
1994-11-28,50.0,51.66666793823242,50.0,51.66666793823242,2250,ASUR,462
1994-11-29,48.33333206176758,50.83333206176758,47.5,50.83333206176758,20760,ASUR,462
1994-11-30,47.5,49.58333206176758,46.66666793823242,49.16666793823242,17010,ASUR,462
1994-12-01,43.33333206176758,47.5,43.33333206176758,46.66666793823242,20850,ASUR,462
1994-12-02,43.33333206176758,45.0,41.66666793823242,43.33333206176758,2310,ASUR,462
1994-12-05,45.0,45.83333206176758,41.66666793823242,41.66666793823242,35985,ASUR,462
1994-12-06,46.66666793823242,48.33333206176758,44.16666793823242,45.83333206176758,5235,ASUR,462
1994-12-07,46.66666793823242,48.33333206176758,45.83333206176758,48.33333206176758,3180,ASUR,462
1994-12-08,48.33333206176758,50.0,46.66666793823242,48.33333206176758,9840,ASUR,462
1994-12-09,48.33333206176758,48.33333206176758,46.66666793823242,48.33333206176758,9165,ASUR,462
1994-12-12,46.66666793823242,48.33333206176758,46.66666793823242,48.33333206176758,5625,ASUR,462
1994-12-13,49.16666793823242,49.16666793823242,46.66666793823242,46.66666793823242,1260,ASUR,462
1994-12-14,53.33333206176758,53.33333206176758,47.5,49.16666793823242,21030,ASUR,462
1994-12-15,51.66666793823242,52.5,51.66666793823242,51.66666793823242,7005,ASUR,462
1994-12-16,51.66666793823242,52.5,51.66666793823242,52.5,3045,ASUR,462
1994-12-19,51.66666793823242,52.5,50.83333206176758,52.5,7320,ASUR,462
1994-12-20,50.83333206176758,52.5,50.83333206176758,50.83333206176758,2970,ASUR,462
1994-12-21,53.33333206176758,53.33333206176758,50.83333206176758,52.5,17625,ASUR,462
1994-12-22,55.0,55.83333206176758,52.5,53.33333206176758,58395,ASUR,462
1994-12-23,55.83333206176758,55.83333206176758,54.16666793823242,55.83333206176758,12270,ASUR,462
1994-12-27,59.16666793823242,60.0,55.83333206176758,55.83333206176758,27030,ASUR,462
1994-12-28,57.5,59.16666793823242,55.0,57.5,11910,ASUR,462
1994-12-29,57.5,57.5,55.83333206176758,57.5,5370,ASUR,462
1994-12-30,57.91666793823242,58.33333206176758,55.0,57.5,10335,ASUR,462
1995-01-03,56.66666793823242,57.5,55.83333206176758,55.83333206176758,7800,ASUR,462
1995-01-04,54.16666793823242,57.5,54.16666793823242,55.83333206176758,5835,ASUR,462
1995-01-05,55.0,56.66666793823242,54.16666793823242,54.16666793823242,9390,ASUR,462
1995-01-06,55.0,56.66666793823242,54.16666793823242,56.66666793823242,15150,ASUR,462
1995-01-09,56.66666793823242,56.66666793823242,55.0,56.66666793823242,2880,ASUR,462
1995-01-10,56.66666793823242,57.5,55.83333206176758,55.83333206176758,20070,ASUR,462
1995-01-11,57.5,57.5,55.83333206176758,56.66666793823242,14070,ASUR,462
1995-01-12,57.5,61.66666793823242,56.66666793823242,57.5,26580,ASUR,462
1995-01-13,61.66666793823242,62.5,57.5,59.16666793823242,49290,ASUR,462
1995-01-16,60.0,65.0,60.0,61.66666793823242,50925,ASUR,462
1995-01-17,61.66666793823242,61.66666793823242,57.5,59.16666793823242,69570,ASUR,462
1995-01-18,67.5,69.16666412353516,60.83333206176758,61.66666793823242,92625,ASUR,462
1995-01-19,66.66666412353516,70.83333587646484,65.0,69.16666412353516,142635,ASUR,462
1995-01-20,67.5,67.5,65.0,65.83333587646484,43455,ASUR,462
1995-01-23,65.0,67.5,65.0,67.5,4260,ASUR,462
1995-01-24,69.58333587646484,70.83333587646484,65.0,67.5,61800,ASUR,462
1995-01-25,74.16666412353516,74.16666412353516,68.33333587646484,70.0,56865,ASUR,462
1995-01-26,73.33333587646484,80.0,73.33333587646484,73.33333587646484,179010,ASUR,462
1995-01-27,72.5,75.83333587646484,70.0,73.33333587646484,45645,ASUR,462
1995-01-30,70.0,73.33333587646484,69.16666412353516,70.83333587646484,17955,ASUR,462
1995-01-31,69.16666412353516,72.5,69.16666412353516,71.66666412353516,17985,ASUR,462
1995-02-01,71.66666412353516,74.16666412353516,69.16666412353516,70.83333587646484,16260,ASUR,462
1995-02-02,76.66666412353516,78.33333587646484,72.5,72.5,40740,ASUR,462
1995-02-03,75.83333587646484,79.16666412353516,75.0,77.5,68190,ASUR,462
1995-02-06,75.83333587646484,75.83333587646484,73.33333587646484,75.0,28860,ASUR,462
1995-02-07,75.0,75.83333587646484,74.16666412353516,75.83333587646484,19935,ASUR,462
1995-02-08,74.16666412353516,75.83333587646484,73.33333587646484,75.0,35745,ASUR,462
1995-02-09,70.0,75.83333587646484,70.0,74.16666412353516,23580,ASUR,462
1995-02-10,73.33333587646484,73.33333587646484,70.0,70.0,14505,ASUR,462
1995-02-13,74.16666412353516,74.16666412353516,71.66666412353516,72.5,7575,ASUR,462
1995-02-14,73.33333587646484,74.16666412353516,72.5,74.16666412353516,21915,ASUR,462
1995-02-15,73.33333587646484,74.16666412353516,70.83333587646484,72.5,36150,ASUR,462
1995-02-16,71.66666412353516,74.16666412353516,71.66666412353516,74.16666412353516,39825,ASUR,462
1995-02-17,70.0,73.33333587646484,68.33333587646484,73.33333587646484,27270,ASUR,462
1995-02-21,65.83333587646484,70.83333587646484,65.0,70.0,31245,ASUR,462
1995-02-22,65.83333587646484,67.5,64.16666412353516,65.83333587646484,29220,ASUR,462
1995-02-23,67.5,69.16666412353516,65.83333587646484,65.83333587646484,13980,ASUR,462
1995-02-24,69.16666412353516,69.16666412353516,67.5,67.5,5625,ASUR,462
1995-02-27,65.83333587646484,69.16666412353516,65.83333587646484,69.16666412353516,14235,ASUR,462
1995-02-28,66.66666412353516,67.5,65.41666412353516,67.5,22590,ASUR,462
1995-03-01,65.0,67.5,65.0,65.0,9660,ASUR,462
1995-03-02,65.0,66.66666412353516,65.0,66.66666412353516,4650,ASUR,462
1995-03-03,67.5,67.5,65.0,65.0,33045,ASUR,462
1995-03-06,75.0,75.0,65.83333587646484,67.5,84420,ASUR,462
1995-03-07,70.83333587646484,75.83333587646484,69.16666412353516,73.33333587646484,69330,ASUR,462
1995-03-08,70.83333587646484,70.83333587646484,69.16666412353516,70.83333587646484,8010,ASUR,462
1995-03-09,70.83333587646484,70.83333587646484,69.16666412353516,70.83333587646484,4005,ASUR,462
1995-03-10,69.16666412353516,70.83333587646484,69.16666412353516,70.83333587646484,1950,ASUR,462
1995-03-13,68.33333587646484,70.83333587646484,66.66666412353516,69.16666412353516,9405,ASUR,462
1995-03-14,71.66666412353516,71.66666412353516,66.66666412353516,67.5,19725,ASUR,462
1995-03-15,70.0,71.66666412353516,70.0,70.0,6420,ASUR,462
1995-03-16,75.83333587646484,78.33333587646484,70.0,70.0,48345,ASUR,462
1995-03-17,71.66666412353516,76.66666412353516,71.66666412353516,75.83333587646484,33510,ASUR,462
1995-03-20,67.5,74.16666412353516,67.5,71.66666412353516,19920,ASUR,462
1995-03-21,70.41666412353516,70.83333587646484,66.66666412353516,68.33333587646484,21810,ASUR,462
1995-03-22,68.33333587646484,70.83333587646484,66.66666412353516,70.0,24675,ASUR,462
1995-03-23,68.33333587646484,68.33333587646484,65.0,66.66666412353516,10140,ASUR,462
1995-03-24,68.33333587646484,68.33333587646484,66.66666412353516,66.66666412353516,10590,ASUR,462
1995-03-27,67.08333587646484,68.33333587646484,65.625,68.33333587646484,22020,ASUR,462
1995-03-28,68.33333587646484,70.0,66.66666412353516,66.66666412353516,43080,ASUR,462
1995-03-29,73.33333587646484,74.16666412353516,66.66666412353516,67.5,109470,ASUR,462
1995-03-30,70.83333587646484,75.0,69.16666412353516,75.0,57240,ASUR,462
1995-03-31,73.33333587646484,73.33333587646484,68.33333587646484,68.33333587646484,17400,ASUR,462
1995-04-03,72.5,73.33333587646484,71.66666412353516,72.5,10260,ASUR,462
1995-04-04,72.5,74.16666412353516,71.66666412353516,71.66666412353516,9930,ASUR,462
1995-04-05,71.66666412353516,74.16666412353516,70.83333587646484,74.16666412353516,7410,ASUR,462
1995-04-06,70.41666412353516,72.5,70.0,70.83333587646484,19500,ASUR,462
1995-04-07,70.83333587646484,70.83333587646484,70.0,70.0,5265,ASUR,462
1995-04-10,68.33333587646484,70.83333587646484,68.33333587646484,69.16666412353516,7530,ASUR,462
1995-04-11,67.5,70.0,66.66666412353516,70.0,13080,ASUR,462
1995-04-12,67.08333587646484,68.33333587646484,65.83333587646484,68.33333587646484,26145,ASUR,462
1995-04-13,71.66666412353516,73.33333587646484,66.66666412353516,66.66666412353516,32805,ASUR,462
1995-04-17,76.66666412353516,77.5,70.0,71.66666412353516,189120,ASUR,462
1995-04-18,78.33333587646484,83.33333587646484,74.16666412353516,77.5,129645,ASUR,462
1995-04-19,73.33333587646484,82.5,72.5,79.16666412353516,87750,ASUR,462
1995-04-20,73.33333587646484,74.16666412353516,62.5,74.16666412353516,156180,ASUR,462
1995-04-21,73.33333587646484,73.33333587646484,70.83333587646484,73.33333587646484,50535,ASUR,462
1995-04-24,71.66666412353516,73.33333587646484,70.83333587646484,73.33333587646484,19140,ASUR,462
1995-04-25,70.0,73.33333587646484,68.33333587646484,70.83333587646484,15675,ASUR,462
1995-04-26,66.66666412353516,68.33333587646484,65.0,67.5,42135,ASUR,462
1995-04-27,64.16666412353516,66.66666412353516,63.33333206176758,66.66666412353516,32355,ASUR,462
1995-04-28,64.16666412353516,65.83333587646484,58.33333206176758,64.16666412353516,48825,ASUR,462
1995-05-01,59.16666793823242,64.16666412353516,59.16666793823242,64.16666412353516,36435,ASUR,462
1995-05-02,64.16666412353516,64.16666412353516,55.83333206176758,59.16666793823242,64530,ASUR,462
1995-05-03,62.5,68.33333587646484,62.5,66.66666412353516,47940,ASUR,462
1995-05-04,63.33333206176758,65.83333587646484,61.66666793823242,62.5,44535,ASUR,462
1995-05-05,60.0,64.16666412353516,60.0,64.16666412353516,14205,ASUR,462
1995-05-08,61.66666793823242,62.5,60.0,60.0,93840,ASUR,462
1995-05-09,64.16666412353516,65.83333587646484,62.5,64.16666412353516,20880,ASUR,462
1995-05-10,62.5,64.16666412353516,61.66666793823242,64.16666412353516,14025,ASUR,462
1995-05-11,60.83333206176758,63.33333206176758,60.0,63.33333206176758,20940,ASUR,462
1995-05-12,61.66666793823242,63.33333206176758,60.0,60.83333206176758,16080,ASUR,462
1995-05-15,60.0,61.66666793823242,58.33333206176758,61.66666793823242,12420,ASUR,462
1995-05-16,64.16666412353516,65.0,58.33333206176758,58.33333206176758,18885,ASUR,462
1995-05-17,62.5,65.0,61.66666793823242,65.0,8775,ASUR,462
1995-05-18,59.16666793823242,63.33333206176758,59.16666793823242,63.33333206176758,30615,ASUR,462
1995-05-19,60.0,60.83333206176758,58.33333206176758,58.33333206176758,16575,ASUR,462
1995-05-22,61.66666793823242,61.66666793823242,59.16666793823242,59.16666793823242,16635,ASUR,462
1995-05-23,60.83333206176758,62.5,60.0,61.66666793823242,12285,ASUR,462
1995-05-24,58.33333206176758,62.5,57.5,62.5,23535,ASUR,462
1995-05-25,56.25,60.0,55.83333206176758,57.5,23115,ASUR,462
1995-05-26,60.83333206176758,61.66666793823242,55.83333206176758,55.83333206176758,55935,ASUR,462
1995-05-30,63.33333206176758,63.75,60.41666793823242,61.66666793823242,21975,ASUR,462
1995-05-31,60.83333206176758,63.33333206176758,60.83333206176758,61.66666793823242,19125,ASUR,462
1995-06-01,61.66666793823242,62.5,60.83333206176758,60.83333206176758,3405,ASUR,462
1995-06-02,62.08333206176758,62.5,60.83333206176758,61.25,9390,ASUR,462
1995-06-05,62.5,62.5,60.83333206176758,62.5,6555,ASUR,462
1995-06-06,63.33333206176758,64.16666412353516,61.66666793823242,62.5,12990,ASUR,462
1995-06-07,61.66666793823242,63.33333206176758,61.66666793823242,61.66666793823242,7215,ASUR,462
1995-06-08,69.16666412353516,69.16666412353516,61.66666793823242,61.66666793823242,60285,ASUR,462
1995-06-09,70.0,72.5,67.5,69.16666412353516,97170,ASUR,462
1995-06-12,75.0,75.83333587646484,69.16666412353516,70.83333587646484,113970,ASUR,462
1995-06-13,73.33333587646484,75.83333587646484,73.33333587646484,75.0,60645,ASUR,462
1995-06-14,71.66666412353516,73.33333587646484,70.0,72.5,42435,ASUR,462
1995-06-15,72.08333587646484,72.5,70.83333587646484,70.83333587646484,14565,ASUR,462
1995-06-16,76.66666412353516,76.66666412353516,72.5,73.33333587646484,32505,ASUR,462
1995-06-19,75.83333587646484,79.16666412353516,75.0,76.66666412353516,50340,ASUR,462
1995-06-20,75.83333587646484,77.5,75.0,75.83333587646484,32505,ASUR,462
1995-06-21,77.5,77.5,75.0,75.0,38145,ASUR,462
1995-06-22,76.66666412353516,77.5,74.16666412353516,77.5,14595,ASUR,462
1995-06-23,76.66666412353516,77.5,75.83333587646484,77.5,12975,ASUR,462
1995-06-26,81.25,83.33333587646484,75.83333587646484,76.66666412353516,64485,ASUR,462
1995-06-27,83.33333587646484,83.75,80.83333587646484,82.5,47115,ASUR,462
1995-06-28,79.16666412353516,83.33333587646484,76.66666412353516,83.33333587646484,31365,ASUR,462
1995-06-29,82.5,82.5,77.5,79.16666412353516,19785,ASUR,462
1995-06-30,88.33333587646484,89.16666412353516,83.33333587646484,83.33333587646484,82695,ASUR,462
1995-07-03,94.16666412353516,95.0,88.33333587646484,89.16666412353516,46215,ASUR,462
1995-07-05,94.16666412353516,98.33333587646484,93.33333587646484,95.0,69870,ASUR,462
1995-07-06,92.5,94.16666412353516,89.16666412353516,94.16666412353516,30975,ASUR,462
1995-07-07,95.0,95.0,90.83333587646484,92.5,35595,ASUR,462
1995-07-10,94.16666412353516,98.33333587646484,94.16666412353516,95.0,57120,ASUR,462
1995-07-11,91.66666412353516,95.0,91.66666412353516,93.33333587646484,23865,ASUR,462
1995-07-12,90.83333587646484,93.33333587646484,90.0,91.66666412353516,20685,ASUR,462
1995-07-13,95.83333587646484,97.5,90.0,91.66666412353516,46335,ASUR,462
1995-07-14,96.66666412353516,97.5,93.33333587646484,97.5,23085,ASUR,462
1995-07-17,95.83333587646484,96.66666412353516,94.16666412353516,96.66666412353516,12540,ASUR,462
1995-07-18,120.0,120.0,105.0,115.0,279645,ASUR,462
1995-07-19,117.5,121.66666412353516,113.33333587646484,119.16666412353516,199440,ASUR,462
1995-07-20,130.8333282470703,135.8333282470703,117.5,117.5,177285,ASUR,462
1995-07-21,128.3333282470703,132.5,126.66666412353516,132.5,68220,ASUR,462
1995-07-24,128.3333282470703,130.8333282470703,127.5,129.1666717529297,51000,ASUR,462
1995-07-25,130.0,134.1666717529297,129.1666717529297,130.0,72060,ASUR,462
1995-07-26,129.1666717529297,131.6666717529297,127.5,131.6666717529297,42900,ASUR,462
1995-07-27,125.0,129.1666717529297,119.16666412353516,129.1666717529297,64830,ASUR,462
1995-07-28,124.16666412353516,126.66666412353516,122.5,125.83333587646484,20655,ASUR,462
1995-07-31,119.16666412353516,125.0,117.91666412353516,124.16666412353516,20595,ASUR,462
1995-08-01,124.16666412353516,124.16666412353516,116.66666412353516,120.83333587646484,51375,ASUR,462
1995-08-02,133.3333282470703,135.0,122.5,124.16666412353516,100845,ASUR,462
1995-08-03,129.5833282470703,133.3333282470703,129.1666717529297,131.6666717529297,59865,ASUR,462
1995-08-04,146.6666717529297,146.6666717529297,129.1666717529297,130.8333282470703,99225,ASUR,462
1995-08-07,154.1666717529297,159.0625,150.0,151.6666717529297,134130,ASUR,462
1995-08-08,145.8333282470703,155.0,145.8333282470703,153.3333282470703,43965,ASUR,462
1995-08-09,150.8333282470703,153.3333282470703,146.6666717529297,149.1666717529297,57720,ASUR,462
1995-08-10,150.0,153.3333282470703,150.0,151.6666717529297,46245,ASUR,462
1995-08-11,150.8333282470703,150.8333282470703,149.1666717529297,150.8333282470703,24765,ASUR,462
1995-08-14,145.0,150.8333282470703,145.0,150.8333282470703,12525,ASUR,462
1995-08-15,139.1666717529297,146.6666717529297,136.0416717529297,146.6666717529297,55335,ASUR,462
1995-08-16,148.3333282470703,150.0,137.5,141.6666717529297,76320,ASUR,462
1995-08-17,145.0,148.3333282470703,144.1666717529297,148.3333282470703,14295,ASUR,462
1995-08-18,143.3333282470703,147.5,141.6666717529297,147.5,13365,ASUR,462
1995-08-21,141.6666717529297,145.0,141.6666717529297,144.1666717529297,18435,ASUR,462
1995-08-22,143.3333282470703,143.3333282470703,136.6666717529297,141.6666717529297,32250,ASUR,462
1995-08-23,157.5,157.5,145.0,146.6666717529297,91320,ASUR,462
1995-08-24,154.1666717529297,161.6666717529297,154.1666717529297,160.8333282470703,55920,ASUR,462
1995-08-25,160.0,160.0,150.0,154.1666717529297,46680,ASUR,462
1995-08-28,147.5,160.0,146.6666717529297,160.0,37515,ASUR,462
1995-08-29,134.1666717529297,147.5,124.16666412353516,146.6666717529297,144330,ASUR,462
1995-08-30,130.8333282470703,137.5,130.8333282470703,136.6666717529297,63045,ASUR,462
1995-08-31,136.6666717529297,137.5,130.0,131.6666717529297,34755,ASUR,462
1995-09-01,144.1666717529297,145.0,135.0,138.3333282470703,39420,ASUR,462
1995-09-05,141.6666717529297,145.0,138.3333282470703,143.3333282470703,31470,ASUR,462
1995-09-06,147.5,147.5,139.1666717529297,144.1666717529297,78960,ASUR,462
1995-09-07,142.5,148.3333282470703,142.5,146.6666717529297,29685,ASUR,462
1995-09-08,140.0,144.1666717529297,138.3333282470703,142.5,12045,ASUR,462
1995-09-11,145.0,146.6666717529297,139.1666717529297,140.0,31560,ASUR,462
1995-09-12,147.5,149.1666717529297,145.0,146.6666717529297,62550,ASUR,462
1995-09-13,150.0,153.3333282470703,146.6666717529297,149.1666717529297,62640,ASUR,462
1995-09-14,166.6666717529297,171.6666717529297,153.3333282470703,156.6666717529297,172605,ASUR,462
1995-09-15,160.8333282470703,164.1666717529297,157.5,163.3333282470703,79035,ASUR,462
1995-09-18,157.5,162.5,152.5,160.8333282470703,58530,ASUR,462
1995-09-19,159.1666717529297,162.5,155.8333282470703,157.5,48255,ASUR,462
1995-09-20,153.3333282470703,160.8333282470703,151.6666717529297,158.3333282470703,18570,ASUR,462
1995-09-21,161.6666717529297,162.5,150.0,151.6666717529297,55905,ASUR,462
1995-09-22,171.6666717529297,173.3333282470703,158.3333282470703,158.3333282470703,103095,ASUR,462
1995-09-25,165.8333282470703,172.5,163.3333282470703,171.6666717529297,32025,ASUR,462
1995-09-26,165.8333282470703,170.0,164.1666717529297,164.1666717529297,33240,ASUR,462
1995-09-27,158.3333282470703,167.5,149.1666717529297,165.8333282470703,68445,ASUR,462
1995-09-28,165.0,167.5,160.0,160.8333282470703,49815,ASUR,462
1995-09-29,165.8333282470703,167.5,163.3333282470703,165.0,21165,ASUR,462
1995-10-02,164.0625,167.5,162.5,163.3333282470703,22755,ASUR,462
1995-10-03,156.6666717529297,163.3333282470703,155.0,161.6666717529297,16290,ASUR,462
1995-10-04,153.3333282470703,157.5,150.8333282470703,155.8333282470703,24195,ASUR,462
1995-10-05,155.0,156.6666717529297,153.3333282470703,153.3333282470703,11550,ASUR,462
1995-10-06,155.8333282470703,159.1666717529297,155.0,156.6666717529297,14130,ASUR,462
1995-10-09,138.3333282470703,155.0,138.3333282470703,152.5,37740,ASUR,462
1995-10-10,133.3333282470703,135.0,125.83333587646484,131.6666717529297,70815,ASUR,462
1995-10-11,148.3333282470703,148.3333282470703,135.8333282470703,137.5,53325,ASUR,462
1995-10-12,153.3333282470703,155.8333282470703,145.8333282470703,150.8333282470703,51165,ASUR,462
1995-10-13,148.75,157.5,148.3333282470703,155.0,32205,ASUR,462
1995-10-16,140.0,148.3333282470703,138.3333282470703,146.6666717529297,44550,ASUR,462
1995-10-17,136.25,137.5,133.3333282470703,133.3333282470703,301815,ASUR,462
1995-10-18,132.5,140.0,130.8333282470703,140.0,114780,ASUR,462
1995-10-19,125.0,132.5,124.16666412353516,132.5,146970,ASUR,462
1995-10-20,120.0,128.3333282470703,120.0,125.0,129840,ASUR,462
1995-10-23,119.16666412353516,121.66666412353516,110.83333587646484,120.0,87525,ASUR,462
1995-10-24,115.0,119.16666412353516,114.16666412353516,119.16666412353516,63660,ASUR,462
1995-10-25,120.0,120.83333587646484,115.0,115.0,71655,ASUR,462
1995-10-26,120.83333587646484,123.33333587646484,116.66666412353516,118.33333587646484,84660,ASUR,462
1995-10-27,125.83333587646484,127.5,119.16666412353516,120.83333587646484,92085,ASUR,462
1995-10-30,122.5,130.0,120.83333587646484,128.3333282470703,70755,ASUR,462
1995-10-31,120.0,121.66666412353516,113.33333587646484,120.0,60450,ASUR,462
1995-11-01,117.5,120.83333587646484,114.16666412353516,120.83333587646484,85530,ASUR,462
1995-11-02,117.5,121.66666412353516,115.83333587646484,118.33333587646484,49620,ASUR,462
1995-11-03,117.5,118.33333587646484,114.16666412353516,118.33333587646484,64515,ASUR,462
1995-11-06,124.16666412353516,127.5,115.83333587646484,115.83333587646484,109455,ASUR,462
1995-11-07,120.0,127.5,118.33333587646484,124.16666412353516,112200,ASUR,462
1995-11-08,119.16666412353516,121.66666412353516,118.33333587646484,121.66666412353516,50700,ASUR,462
1995-11-09,120.83333587646484,121.66666412353516,119.16666412353516,120.0,27735,ASUR,462
1995-11-10,128.3333282470703,131.6666717529297,119.16666412353516,120.83333587646484,103725,ASUR,462
1995-11-13,135.8333282470703,140.0,125.83333587646484,127.5,135105,ASUR,462
1995-11-14,135.0,139.1666717529297,131.6666717529297,135.8333282470703,76260,ASUR,462
1995-11-15,145.0,145.0,135.0,135.8333282470703,82005,ASUR,462
1995-11-16,150.8333282470703,150.8333282470703,139.1666717529297,144.1666717529297,116070,ASUR,462
1995-11-17,155.0,160.0,141.6666717529297,151.6666717529297,192570,ASUR,462
1995-11-20,145.0,157.5,142.5,157.5,57615,ASUR,462
1995-11-21,140.8333282470703,148.3333282470703,140.0,145.0,40200,ASUR,462
1995-11-22,136.6666717529297,140.8333282470703,133.3333282470703,140.8333282470703,26190,ASUR,462
1995-11-24,135.8333282470703,137.5,135.0,135.0,6180,ASUR,462
1995-11-27,130.8333282470703,136.6666717529297,130.8333282470703,135.0,22785,ASUR,462
1995-11-28,146.6666717529297,148.3333282470703,126.66666412353516,130.8333282470703,94875,ASUR,462
1995-11-29,140.0,152.5,140.0,145.8333282470703,70305,ASUR,462
1995-11-30,133.3333282470703,141.6666717529297,132.5,140.0,30960,ASUR,462
1995-12-01,139.1666717529297,147.5,132.5,133.3333282470703,61020,ASUR,462
1995-12-04,140.0,143.3333282470703,135.0,137.5,37410,ASUR,462
1995-12-05,135.0,140.8333282470703,135.0,139.1666717529297,14190,ASUR,462
1995-12-06,131.6666717529297,135.8333282470703,129.1666717529297,134.1666717529297,41280,ASUR,462
1995-12-07,126.66666412353516,131.6666717529297,125.83333587646484,130.8333282470703,25425,ASUR,462
1995-12-08,141.6666717529297,143.3333282470703,125.83333587646484,127.5,65850,ASUR,462
1995-12-11,135.0,145.8333282470703,133.3333282470703,143.3333282470703,43380,ASUR,462
1995-12-12,143.3333282470703,143.3333282470703,130.8333282470703,135.0,40605,ASUR,462
1995-12-13,139.1666717529297,142.5,137.5,142.5,22380,ASUR,462
1995-12-14,140.0,145.8333282470703,137.5,140.8333282470703,39585,ASUR,462
1995-12-15,135.8333282470703,143.3333282470703,134.1666717529297,140.0,32955,ASUR,462
1995-12-18,128.3333282470703,133.3333282470703,127.5,133.3333282470703,36450,ASUR,462
1995-12-19,132.5,133.3333282470703,127.5,129.1666717529297,36690,ASUR,462
1995-12-20,130.0,135.0,130.0,133.3333282470703,25860,ASUR,462
1995-12-21,129.1666717529297,133.3333282470703,126.66666412353516,130.0,15630,ASUR,462
1995-12-22,129.1666717529297,129.1666717529297,125.83333587646484,127.5,10380,ASUR,462
1995-12-26,127.91666412353516,129.1666717529297,126.66666412353516,129.1666717529297,16305,ASUR,462
1995-12-27,127.5,129.1666717529297,126.66666412353516,128.3333282470703,21555,ASUR,462
1995-12-28,125.0,128.3333282470703,125.0,128.3333282470703,27120,ASUR,462
1995-12-29,123.33333587646484,127.5,123.33333587646484,125.83333587646484,54765,ASUR,462
1996-01-02,115.0,126.66666412353516,108.33333587646484,125.0,104280,ASUR,462
1996-01-03,68.33333587646484,79.16666412353516,64.16666412353516,79.16666412353516,1188045,ASUR,462
1996-01-04,70.0,71.66666412353516,65.83333587646484,68.33333587646484,394695,ASUR,462
1996-01-05,73.33333587646484,74.16666412353516,69.16666412353516,70.0,152310,ASUR,462
1996-01-08,75.83333587646484,75.83333587646484,72.5,75.0,83985,ASUR,462
1996-01-09,70.0,78.33333587646484,70.0,78.33333587646484,99120,ASUR,462
1996-01-10,70.83333587646484,71.66666412353516,69.16666412353516,70.83333587646484,59325,ASUR,462
1996-01-11,71.25,74.16666412353516,70.0,70.0,90270,ASUR,462
1996-01-12,66.66666412353516,72.5,65.83333587646484,72.5,83850,ASUR,462
1996-01-15,58.75,67.5,56.66666793823242,67.5,80520,ASUR,462
1996-01-16,60.0,61.66666793823242,58.33333206176758,60.0,50100,ASUR,462
1996-01-17,68.33333587646484,70.83333587646484,58.33333206176758,60.0,121800,ASUR,462
1996-01-18,74.16666412353516,75.0,69.16666412353516,70.83333587646484,125490,ASUR,462
1996-01-19,75.41666412353516,76.66666412353516,73.75,76.66666412353516,98580,ASUR,462
1996-01-22,75.41666412353516,77.5,70.0,75.83333587646484,85710,ASUR,462
1996-01-23,72.5,76.66666412353516,72.5,76.66666412353516,61170,ASUR,462
1996-01-24,74.16666412353516,75.0,72.5,74.16666412353516,53940,ASUR,462
1996-01-25,74.16666412353516,75.0,73.33333587646484,75.0,28875,ASUR,462
1996-01-26,73.33333587646484,74.16666412353516,72.5,74.16666412353516,53925,ASUR,462
1996-01-29,78.125,78.33333587646484,74.16666412353516,74.16666412353516,48915,ASUR,462
1996-01-30,81.66666412353516,83.33333587646484,76.66666412353516,76.66666412353516,90300,ASUR,462
1996-01-31,82.5,86.66666412353516,82.5,84.16666412353516,70005,ASUR,462
1996-02-01,81.66666412353516,85.0,80.83333587646484,82.5,31800,ASUR,462
1996-02-02,87.08333587646484,87.5,81.66666412353516,83.33333587646484,52155,ASUR,462
1996-02-05,90.0,90.83333587646484,84.16666412353516,87.5,73725,ASUR,462
1996-02-06,89.16666412353516,92.5,87.5,90.83333587646484,64680,ASUR,462
1996-02-07,84.16666412353516,90.83333587646484,84.16666412353516,90.83333587646484,36015,ASUR,462
1996-02-08,85.0,87.5,79.16666412353516,85.83333587646484,48855,ASUR,462
1996-02-09,86.66666412353516,90.0,85.0,85.0,20790,ASUR,462
1996-02-12,84.16666412353516,87.5,82.5,87.5,16125,ASUR,462
1996-02-13,80.83333587646484,83.33333587646484,79.16666412353516,82.5,42045,ASUR,462
1996-02-14,80.0,82.5,77.5,80.83333587646484,31305,ASUR,462
1996-02-15,80.0,82.5,71.66666412353516,71.66666412353516,69570,ASUR,462
1996-02-16,78.33333587646484,80.83333587646484,75.83333587646484,78.33333587646484,29340,ASUR,462
1996-02-20,77.5,78.33333587646484,75.83333587646484,77.5,18255,ASUR,462
1996-02-21,80.83333587646484,80.83333587646484,75.83333587646484,78.33333587646484,14970,ASUR,462
1996-02-22,76.66666412353516,81.66666412353516,76.66666412353516,80.0,29670,ASUR,462
1996-02-23,75.0,77.5,72.5,75.83333587646484,38025,ASUR,462
1996-02-26,72.5,76.66666412353516,70.0,75.0,58575,ASUR,462
1996-02-27,70.0,74.16666412353516,69.16666412353516,72.5,57270,ASUR,462
1996-02-28,70.83333587646484,72.5,69.16666412353516,70.83333587646484,30495,ASUR,462
1996-02-29,70.83333587646484,72.5,70.0,70.83333587646484,16950,ASUR,462
1996-03-01,70.83333587646484,72.5,70.0,72.5,24885,ASUR,462
1996-03-04,68.33333587646484,72.5,67.5,72.5,30420,ASUR,462
1996-03-05,66.66666412353516,69.16666412353516,65.83333587646484,69.16666412353516,53565,ASUR,462
1996-03-06,62.5,68.33333587646484,61.66666793823242,67.5,98055,ASUR,462
1996-03-07,71.66666412353516,71.66666412353516,61.66666793823242,61.66666793823242,246900,ASUR,462
1996-03-08,64.58333587646484,69.16666412353516,64.16666412353516,68.33333587646484,155070,ASUR,462
1996-03-11,66.66666412353516,69.16666412353516,65.0,65.83333587646484,42765,ASUR,462
1996-03-12,67.5,70.83333587646484,65.83333587646484,68.33333587646484,53850,ASUR,462
1996-03-13,65.0,69.16666412353516,63.33333206176758,69.16666412353516,40920,ASUR,462
1996-03-14,63.33333206176758,65.0,61.66666793823242,63.33333206176758,83940,ASUR,462
1996-03-15,61.66666793823242,64.16666412353516,60.83333206176758,64.16666412353516,49815,ASUR,462
1996-03-18,61.66666793823242,65.0,60.83333206176758,60.83333206176758,84015,ASUR,462
1996-03-19,62.5,64.16666412353516,62.5,63.33333206176758,22425,ASUR,462
1996-03-20,70.41666412353516,73.33333587646484,61.66666793823242,64.16666412353516,161625,ASUR,462
1996-03-21,71.66666412353516,75.83333587646484,70.83333587646484,71.66666412353516,118500,ASUR,462
1996-03-22,71.66666412353516,73.33333587646484,70.83333587646484,70.83333587646484,46260,ASUR,462
1996-03-25,71.66666412353516,73.33333587646484,66.66666412353516,72.5,45450,ASUR,462
1996-03-26,70.83333587646484,72.5,69.16666412353516,70.83333587646484,30210,ASUR,462
1996-03-27,68.33333587646484,72.5,67.5,70.83333587646484,15240,ASUR,462
1996-03-28,67.91666412353516,69.16666412353516,67.5,67.5,30360,ASUR,462
1996-03-29,70.0,70.83333587646484,67.5,67.5,28815,ASUR,462
1996-04-01,69.16666412353516,70.83333587646484,69.16666412353516,69.16666412353516,23385,ASUR,462
1996-04-02,70.83333587646484,70.83333587646484,69.16666412353516,69.16666412353516,27405,ASUR,462
1996-04-03,69.16666412353516,70.83333587646484,69.16666412353516,70.83333587646484,17760,ASUR,462
1996-04-04,68.33333587646484,70.0,67.5,70.0,21495,ASUR,462
1996-04-08,66.66666412353516,67.5,64.16666412353516,65.83333587646484,14370,ASUR,462
1996-04-09,66.66666412353516,70.0,65.83333587646484,65.83333587646484,25830,ASUR,462
1996-04-10,68.33333587646484,70.83333587646484,66.66666412353516,69.16666412353516,45270,ASUR,462
1996-04-11,66.25,69.16666412353516,65.83333587646484,69.16666412353516,19575,ASUR,462
1996-04-12,65.0,67.5,64.16666412353516,65.83333587646484,28350,ASUR,462
1996-04-15,65.83333587646484,67.5,64.16666412353516,64.16666412353516,24345,ASUR,462
1996-04-16,65.83333587646484,67.5,65.0,66.66666412353516,22470,ASUR,462
1996-04-17,72.08333587646484,74.16666412353516,65.83333587646484,65.83333587646484,97950,ASUR,462
1996-04-18,71.66666412353516,73.33333587646484,70.83333587646484,73.33333587646484,26610,ASUR,462
1996-04-19,71.66666412353516,74.16666412353516,71.66666412353516,72.5,35085,ASUR,462
1996-04-22,75.0,75.0,70.83333587646484,71.66666412353516,39855,ASUR,462
1996-04-23,67.5,70.0,63.33333206176758,65.0,132225,ASUR,462
1996-04-24,65.83333587646484,68.33333587646484,65.83333587646484,67.5,23715,ASUR,462
1996-04-25,68.33333587646484,68.33333587646484,65.0,66.25,30615,ASUR,462
1996-04-26,71.25,72.5,66.66666412353516,68.33333587646484,50460,ASUR,462
1996-04-29,71.66666412353516,73.33333587646484,70.0,70.0,29070,ASUR,462
1996-04-30,70.83333587646484,73.33333587646484,70.83333587646484,73.33333587646484,20985,ASUR,462
1996-05-01,71.66666412353516,73.33333587646484,70.83333587646484,70.83333587646484,19470,ASUR,462
1996-05-02,68.33333587646484,72.5,67.5,70.83333587646484,17895,ASUR,462
1996-05-03,68.33333587646484,70.0,66.66666412353516,68.33333587646484,12750,ASUR,462
1996-05-06,65.83333587646484,68.33333587646484,64.16666412353516,66.66666412353516,32775,ASUR,462
1996-05-07,68.33333587646484,69.16666412353516,65.0,66.66666412353516,39945,ASUR,462
1996-05-08,67.5,69.16666412353516,64.16666412353516,66.66666412353516,23145,ASUR,462
1996-05-09,67.5,70.0,65.83333587646484,68.33333587646484,26040,ASUR,462
1996-05-10,70.0,70.0,66.66666412353516,67.5,21135,ASUR,462
1996-05-13,66.66666412353516,69.16666412353516,66.66666412353516,68.33333587646484,13035,ASUR,462
1996-05-14,67.5,69.16666412353516,66.66666412353516,68.33333587646484,26940,ASUR,462
1996-05-15,66.66666412353516,68.33333587646484,65.0,66.66666412353516,27495,ASUR,462
1996-05-16,65.83333587646484,66.66666412353516,65.0,66.66666412353516,19305,ASUR,462
1996-05-17,67.91666412353516,70.0,65.0,65.0,50820,ASUR,462
1996-05-20,68.33333587646484,69.16666412353516,66.66666412353516,67.5,46545,ASUR,462
1996-05-21,84.16666412353516,85.0,68.33333587646484,68.33333587646484,262230,ASUR,462
1996-05-22,83.33333587646484,88.33333587646484,82.5,87.5,283530,ASUR,462
1996-05-23,81.66666412353516,85.0,78.33333587646484,85.0,98295,ASUR,462
1996-05-24,75.0,81.66666412353516,75.0,80.83333587646484,48420,ASUR,462
1996-05-28,83.33333587646484,86.66666412353516,75.83333587646484,75.83333587646484,140595,ASUR,462
1996-05-29,81.66666412353516,85.83333587646484,80.0,82.5,63735,ASUR,462
1996-05-30,81.66666412353516,82.5,77.5,81.66666412353516,37350,ASUR,462
1996-05-31,79.16666412353516,82.5,79.16666412353516,80.83333587646484,23010,ASUR,462
1996-06-03,80.83333587646484,80.83333587646484,79.16666412353516,80.0,11550,ASUR,462
1996-06-04,84.16666412353516,85.83333587646484,79.16666412353516,80.83333587646484,68895,ASUR,462
1996-06-05,80.0,85.0,80.0,83.33333587646484,23520,ASUR,462
1996-06-06,75.0,80.83333587646484,74.16666412353516,80.0,44940,ASUR,462
1996-06-07,77.5,78.33333587646484,72.5,74.16666412353516,36180,ASUR,462
1996-06-10,74.16666412353516,78.33333587646484,70.83333587646484,75.83333587646484,35670,ASUR,462
1996-06-11,72.5,75.0,70.83333587646484,72.5,24060,ASUR,462
1996-06-12,68.33333587646484,72.5,66.66666412353516,72.5,58290,ASUR,462
1996-06-13,71.66666412353516,73.33333587646484,67.5,69.16666412353516,42825,ASUR,462
1996-06-14,70.0,73.33333587646484,68.33333587646484,71.66666412353516,25245,ASUR,462
1996-06-17,68.33333587646484,70.0,67.5,68.33333587646484,20400,ASUR,462
1996-06-18,65.0,69.16666412353516,65.0,67.5,37470,ASUR,462
1996-06-19,66.66666412353516,68.33333587646484,65.0,66.66666412353516,25950,ASUR,462
1996-06-20,65.83333587646484,68.33333587646484,63.33333206176758,68.33333587646484,36870,ASUR,462
1996-06-21,66.66666412353516,67.5,65.0,66.66666412353516,20220,ASUR,462
1996-06-24,65.83333587646484,66.66666412353516,62.5,66.66666412353516,42345,ASUR,462
1996-06-25,66.25,66.66666412353516,64.16666412353516,65.0,21870,ASUR,462
1996-06-26,64.16666412353516,68.33333587646484,64.16666412353516,66.66666412353516,22095,ASUR,462
1996-06-27,63.33333206176758,65.83333587646484,63.33333206176758,64.16666412353516,10335,ASUR,462
1996-06-28,64.16666412353516,65.83333587646484,63.33333206176758,65.83333587646484,8655,ASUR,462
1996-07-01,64.58333587646484,66.66666412353516,63.33333206176758,65.0,12180,ASUR,462
1996-07-02,64.16666412353516,65.83333587646484,63.33333206176758,65.83333587646484,6870,ASUR,462
1996-07-03,63.33333206176758,65.0,61.66666793823242,64.16666412353516,27660,ASUR,462
1996-07-05,59.16666793823242,60.83333206176758,57.5,60.0,16080,ASUR,462
1996-07-08,59.16666793823242,61.66666793823242,57.5,60.0,16320,ASUR,462
1996-07-09,58.33333206176758,60.83333206176758,58.33333206176758,60.0,6120,ASUR,462
1996-07-10,61.66666793823242,61.66666793823242,58.33333206176758,58.33333206176758,9675,ASUR,462
1996-07-11,60.83333206176758,64.16666412353516,59.16666793823242,60.83333206176758,22695,ASUR,462
1996-07-12,60.83333206176758,62.5,59.16666793823242,60.83333206176758,10170,ASUR,462
1996-07-15,53.33333206176758,60.83333206176758,53.33333206176758,59.16666793823242,31635,ASUR,462
1996-07-16,58.33333206176758,58.33333206176758,53.33333206176758,53.33333206176758,43980,ASUR,462
1996-07-17,60.0,60.83333206176758,59.16666793823242,60.0,32115,ASUR,462
1996-07-18,59.16666793823242,62.5,59.16666793823242,60.0,11190,ASUR,462
1996-07-19,59.16666793823242,60.83333206176758,57.5,60.83333206176758,9255,ASUR,462
1996-07-22,55.83333206176758,59.16666793823242,54.16666793823242,57.5,21930,ASUR,462
1996-07-23,49.16666793823242,52.5,47.5,50.0,48495,ASUR,462
1996-07-24,42.5,48.33333206176758,42.5,47.5,36255,ASUR,462
1996-07-25,45.83333206176758,46.66666793823242,43.33333206176758,45.0,36135,ASUR,462
1996-07-26,48.33333206176758,48.33333206176758,45.0,45.83333206176758,42285,ASUR,462
1996-07-29,47.08333206176758,50.83333206176758,46.66666793823242,48.33333206176758,23085,ASUR,462
1996-07-30,45.83333206176758,48.33333206176758,45.83333206176758,46.66666793823242,15000,ASUR,462
1996-07-31,46.66666793823242,47.5,45.83333206176758,46.5625,7545,ASUR,462
1996-08-01,44.16666793823242,48.33333206176758,43.33333206176758,45.83333206176758,31035,ASUR,462
1996-08-02,45.83333206176758,46.66666793823242,44.16666793823242,45.83333206176758,29445,ASUR,462
1996-08-05,50.83333206176758,54.16666793823242,45.0,45.83333206176758,52185,ASUR,462
1996-08-06,52.5,55.0,50.0,52.5,15870,ASUR,462
1996-08-07,58.33333206176758,59.16666793823242,55.83333206176758,57.5,39585,ASUR,462
1996-08-08,55.0,58.33333206176758,55.0,57.5,17910,ASUR,462
1996-08-09,54.16666793823242,56.66666793823242,48.33333206176758,55.0,70200,ASUR,462
1996-08-12,52.5,54.16666793823242,51.66666793823242,52.5,7200,ASUR,462
1996-08-13,51.66666793823242,53.33333206176758,50.0,53.33333206176758,14700,ASUR,462
1996-08-14,53.33333206176758,55.0,51.66666793823242,51.66666793823242,10485,ASUR,462
1996-08-15,54.16666793823242,54.16666793823242,51.66666793823242,51.66666793823242,6330,ASUR,462
1996-08-16,55.0,55.0,52.5,54.16666793823242,13725,ASUR,462
1996-08-19,55.83333206176758,55.83333206176758,52.5,55.0,27375,ASUR,462
1996-08-20,57.5,57.5,54.16666793823242,55.83333206176758,64515,ASUR,462
1996-08-21,54.16666793823242,57.5,54.16666793823242,57.5,13740,ASUR,462
1996-08-22,56.66666793823242,57.5,53.33333206176758,53.33333206176758,14370,ASUR,462
1996-08-23,55.0,57.5,53.33333206176758,55.83333206176758,11640,ASUR,462
1996-08-26,54.16666793823242,55.0,53.33333206176758,53.33333206176758,14985,ASUR,462
1996-08-27,54.16666793823242,54.16666793823242,53.33333206176758,53.33333206176758,10410,ASUR,462
1996-08-28,53.33333206176758,55.0,53.33333206176758,54.16666793823242,10365,ASUR,462
1996-08-29,52.91666793823242,56.66666793823242,52.5,53.33333206176758,73710,ASUR,462
1996-08-30,52.91666793823242,54.16666793823242,52.5,52.5,3105,ASUR,462
1996-09-03,51.66666793823242,52.5,51.66666793823242,52.5,5460,ASUR,462
1996-09-04,51.66666793823242,53.33333206176758,51.66666793823242,51.66666793823242,7350,ASUR,462
1996-09-05,51.66666793823242,52.5,51.66666793823242,52.5,12765,ASUR,462
1996-09-06,51.66666793823242,52.5,51.66666793823242,52.5,13215,ASUR,462
1996-09-09,51.66666793823242,53.33333206176758,51.66666793823242,53.33333206176758,11460,ASUR,462
1996-09-10,52.08333206176758,53.33333206176758,51.66666793823242,51.66666793823242,17730,ASUR,462
1996-09-11,50.83333206176758,52.5,50.83333206176758,51.66666793823242,3990,ASUR,462
1996-09-12,47.5,51.66666793823242,46.66666793823242,50.83333206176758,28005,ASUR,462
1996-09-13,49.16666793823242,50.83333206176758,47.5,48.33333206176758,20415,ASUR,462
1996-09-16,46.66666793823242,49.16666793823242,45.83333206176758,47.5,8910,ASUR,462
1996-09-17,46.66666793823242,48.33333206176758,45.83333206176758,46.66666793823242,13110,ASUR,462
1996-09-18,47.5,48.33333206176758,45.0,47.5,20940,ASUR,462
1996-09-19,52.5,54.16666793823242,46.66666793823242,48.33333206176758,29700,ASUR,462
1996-09-20,53.33333206176758,57.5,53.33333206176758,54.16666793823242,47340,ASUR,462
1996-09-23,57.5,57.5,52.5,52.5,17430,ASUR,462
1996-09-24,55.83333206176758,58.33333206176758,54.16666793823242,58.33333206176758,15105,ASUR,462
1996-09-25,54.16666793823242,55.83333206176758,54.16666793823242,55.83333206176758,6840,ASUR,462
1996-09-26,52.5,55.83333206176758,51.66666793823242,54.16666793823242,9195,ASUR,462
1996-09-27,54.16666793823242,55.83333206176758,51.66666793823242,51.66666793823242,15750,ASUR,462
1996-09-30,55.83333206176758,55.83333206176758,54.16666793823242,54.16666793823242,10005,ASUR,462
1996-10-01,54.16666793823242,55.83333206176758,53.33333206176758,55.83333206176758,6555,ASUR,462
1996-10-02,52.08333206176758,54.16666793823242,51.66666793823242,52.5,16305,ASUR,462
1996-10-03,57.5,60.0,51.66666793823242,51.66666793823242,33705,ASUR,462
1996-10-04,60.83333206176758,61.66666793823242,56.66666793823242,58.33333206176758,44145,ASUR,462
1996-10-07,59.16666793823242,61.66666793823242,59.16666793823242,60.83333206176758,29205,ASUR,462
1996-10-08,57.5,59.16666793823242,55.83333206176758,59.16666793823242,21630,ASUR,462
1996-10-09,60.83333206176758,61.66666793823242,56.66666793823242,56.66666793823242,29355,ASUR,462
1996-10-10,62.5,62.5,59.16666793823242,60.83333206176758,21960,ASUR,462
1996-10-11,65.0,66.66666412353516,60.83333206176758,62.5,35160,ASUR,462
1996-10-14,70.83333587646484,74.16666412353516,69.16666412353516,70.0,173895,ASUR,462
1996-10-15,69.16666412353516,73.33333587646484,65.83333587646484,72.5,66360,ASUR,462
1996-10-16,67.5,70.0,65.0,68.33333587646484,38205,ASUR,462
1996-10-17,67.5,70.83333587646484,66.66666412353516,67.5,33210,ASUR,462
1996-10-18,65.0,68.33333587646484,65.0,68.33333587646484,16920,ASUR,462
1996-10-21,61.66666793823242,66.66666412353516,61.66666793823242,66.66666412353516,17850,ASUR,462
1996-10-22,60.41666793823242,61.66666793823242,58.33333206176758,60.0,16620,ASUR,462
1996-10-23,62.5,65.0,59.16666793823242,59.16666793823242,38805,ASUR,462
1996-10-24,61.66666793823242,64.16666412353516,60.83333206176758,64.16666412353516,6915,ASUR,462
1996-10-25,60.83333206176758,62.5,60.83333206176758,62.5,8145,ASUR,462
1996-10-28,62.91666793823242,64.16666412353516,60.83333206176758,62.5,24660,ASUR,462
1996-10-29,62.5,64.16666412353516,61.66666793823242,62.5,11715,ASUR,462
1996-10-30,66.66666412353516,67.5,61.66666793823242,63.33333206176758,44385,ASUR,462
1996-10-31,65.83333587646484,67.5,65.0,65.0,25080,ASUR,462
1996-11-01,66.25,69.16666412353516,65.83333587646484,65.83333587646484,18480,ASUR,462
1996-11-04,66.66666412353516,68.33333587646484,65.83333587646484,67.5,14535,ASUR,462
1996-11-05,68.33333587646484,68.33333587646484,65.83333587646484,67.5,14340,ASUR,462
1996-11-06,67.91666412353516,69.16666412353516,65.83333587646484,65.83333587646484,19530,ASUR,462
1996-11-07,68.75,69.16666412353516,66.66666412353516,68.33333587646484,23445,ASUR,462
1996-11-08,67.5,69.16666412353516,66.66666412353516,67.5,24870,ASUR,462
1996-11-11,69.16666412353516,69.16666412353516,66.66666412353516,66.66666412353516,13245,ASUR,462
1996-11-12,70.0,70.83333587646484,68.33333587646484,68.33333587646484,26820,ASUR,462
1996-11-13,70.0,70.83333587646484,67.5,69.16666412353516,41385,ASUR,462
1996-11-14,71.66666412353516,75.0,69.16666412353516,70.83333587646484,91530,ASUR,462
1996-11-15,73.33333587646484,80.0,72.5,76.66666412353516,154755,ASUR,462
1996-11-18,71.25,75.83333587646484,70.83333587646484,74.16666412353516,43515,ASUR,462
1996-11-19,71.66666412353516,71.66666412353516,68.33333587646484,71.66666412353516,30645,ASUR,462
1996-11-20,69.16666412353516,74.16666412353516,69.16666412353516,70.0,25245,ASUR,462
1996-11-21,67.08333587646484,70.83333587646484,65.83333587646484,69.16666412353516,24795,ASUR,462
1996-11-22,66.66666412353516,68.33333587646484,65.83333587646484,66.66666412353516,31695,ASUR,462
1996-11-25,70.0,70.83333587646484,67.5,67.5,26130,ASUR,462
1996-11-26,67.5,70.0,66.66666412353516,68.33333587646484,21900,ASUR,462
1996-11-27,67.08333587646484,67.5,64.16666412353516,66.66666412353516,19380,ASUR,462
1996-11-29,67.5,69.16666412353516,66.66666412353516,67.5,3420,ASUR,462
1996-12-02,67.5,69.16666412353516,66.66666412353516,67.5,16155,ASUR,462
1996-12-03,71.66666412353516,72.5,67.5,67.5,30630,ASUR,462
1996-12-04,68.75,71.66666412353516,67.5,71.66666412353516,26580,ASUR,462
1996-12-05,71.25,71.66666412353516,68.33333587646484,68.33333587646484,20565,ASUR,462
1996-12-06,69.16666412353516,70.83333587646484,64.16666412353516,67.5,37185,ASUR,462
1996-12-09,73.33333587646484,75.83333587646484,69.16666412353516,69.16666412353516,40980,ASUR,462
1996-12-10,68.75,75.0,68.33333587646484,73.33333587646484,41370,ASUR,462
1996-12-11,71.66666412353516,71.66666412353516,65.83333587646484,66.66666412353516,27750,ASUR,462
1996-12-12,69.16666412353516,72.5,68.33333587646484,71.66666412353516,23910,ASUR,462
1996-12-13,67.5,69.16666412353516,66.66666412353516,67.5,8430,ASUR,462
1996-12-16,65.83333587646484,68.33333587646484,64.16666412353516,68.33333587646484,18315,ASUR,462
1996-12-17,66.66666412353516,68.33333587646484,62.5,63.33333206176758,20265,ASUR,462
1996-12-18,65.83333587646484,67.5,65.83333587646484,66.66666412353516,15525,ASUR,462
1996-12-19,67.08333587646484,68.33333587646484,63.75,65.0,27510,ASUR,462
1996-12-20,66.66666412353516,67.5,65.0,66.66666412353516,17925,ASUR,462
1996-12-23,63.33333206176758,66.66666412353516,63.33333206176758,65.0,14160,ASUR,462
1996-12-24,63.33333206176758,65.0,63.33333206176758,63.33333206176758,6570,ASUR,462
1996-12-26,61.25,65.0,60.0,63.33333206176758,17280,ASUR,462
1996-12-27,62.91666793823242,63.33333206176758,60.83333206176758,60.83333206176758,16035,ASUR,462
1996-12-30,59.16666793823242,61.66666793823242,59.16666793823242,60.83333206176758,39345,ASUR,462
1996-12-31,66.66666412353516,67.5,55.83333206176758,59.16666793823242,68190,ASUR,462
1997-01-02,65.83333587646484,67.5,65.0,66.66666412353516,10365,ASUR,462
1997-01-03,70.0,70.0,65.83333587646484,65.83333587646484,25485,ASUR,462
1997-01-06,67.5,70.0,67.5,70.0,9945,ASUR,462
1997-01-07,63.33333206176758,67.5,61.66666793823242,66.66666412353516,27645,ASUR,462
1997-01-08,61.25,63.33333206176758,59.16666793823242,61.66666793823242,27345,ASUR,462
1997-01-09,60.0,61.66666793823242,58.33333206176758,60.0,19845,ASUR,462
1997-01-10,63.33333206176758,63.33333206176758,60.0,60.0,19665,ASUR,462
1997-01-13,61.66666793823242,63.33333206176758,58.33333206176758,61.66666793823242,18960,ASUR,462
1997-01-14,61.66666793823242,62.5,60.0,60.83333206176758,11490,ASUR,462
1997-01-15,60.0,61.66666793823242,57.5,61.66666793823242,8835,ASUR,462
1997-01-16,59.16666793823242,60.83333206176758,57.5,57.5,16305,ASUR,462
1997-01-17,58.33333206176758,60.83333206176758,58.33333206176758,58.4375,21480,ASUR,462
1997-01-20,58.95833206176758,60.0,57.5,58.33333206176758,16620,ASUR,462
1997-01-21,62.5,64.16666412353516,58.33333206176758,60.0,33255,ASUR,462
1997-01-22,60.0,63.33333206176758,57.5,61.66666793823242,20490,ASUR,462
1997-01-23,59.58333206176758,60.83333206176758,58.33333206176758,60.0,12315,ASUR,462
1997-01-24,57.5,60.0,57.5,60.0,14580,ASUR,462
1997-01-27,59.16666793823242,59.16666793823242,56.66666793823242,58.33333206176758,12360,ASUR,462
1997-01-28,57.5,59.58333206176758,56.66666793823242,59.58333206176758,22935,ASUR,462
1997-01-29,56.66666793823242,57.5,55.0,57.5,20520,ASUR,462
1997-01-30,55.0,56.66666793823242,54.16666793823242,55.0,28950,ASUR,462
1997-01-31,55.0,55.83333206176758,53.33333206176758,54.16666793823242,23880,ASUR,462
1997-02-03,57.5,58.33333206176758,53.33333206176758,53.33333206176758,29310,ASUR,462
1997-02-04,55.0,57.5,54.16666793823242,57.5,15405,ASUR,462
1997-02-05,54.16666793823242,57.5,54.16666793823242,54.16666793823242,31515,ASUR,462
1997-02-06,56.25,56.66666793823242,53.33333206176758,55.83333206176758,20025,ASUR,462
1997-02-07,54.16666793823242,56.66666793823242,53.33333206176758,56.66666793823242,10020,ASUR,462
1997-02-10,52.5,54.16666793823242,50.0,53.33333206176758,23685,ASUR,462
1997-02-11,54.16666793823242,54.16666793823242,50.83333206176758,50.83333206176758,14535,ASUR,462
1997-02-12,55.83333206176758,56.66666793823242,52.5,52.5,22080,ASUR,462
1997-02-13,53.33333206176758,56.66666793823242,53.33333206176758,55.83333206176758,23535,ASUR,462
1997-02-14,54.16666793823242,55.0,53.33333206176758,55.0,11820,ASUR,462
1997-02-18,52.5,55.0,52.5,53.33333206176758,6870,ASUR,462
1997-02-19,52.5,55.0,52.5,54.16666793823242,17745,ASUR,462
1997-02-20,50.0,50.83333206176758,46.66666793823242,50.0,59955,ASUR,462
1997-02-21,50.0,51.25,48.33333206176758,50.0,23625,ASUR,462
1997-02-24,50.83333206176758,51.66666793823242,49.16666793823242,50.83333206176758,11160,ASUR,462
1997-02-25,50.0,50.83333206176758,48.33333206176758,50.83333206176758,22035,ASUR,462
1997-02-26,48.33333206176758,50.0,47.5,48.33333206176758,17520,ASUR,462
1997-02-27,46.66666793823242,49.16666793823242,46.66666793823242,47.5,14325,ASUR,462
1997-02-28,46.66666793823242,48.33333206176758,45.0,46.66666793823242,17850,ASUR,462
1997-03-03,45.0,46.66666793823242,42.5,45.83333206176758,17925,ASUR,462
1997-03-04,45.83333206176758,48.33333206176758,45.0,46.66666793823242,25305,ASUR,462
1997-03-05,45.83333206176758,47.5,45.83333206176758,47.5,9870,ASUR,462
1997-03-06,45.0,46.66666793823242,45.0,46.66666793823242,21555,ASUR,462
1997-03-07,45.0,46.66666793823242,45.0,45.0,15360,ASUR,462
1997-03-10,44.16666793823242,45.83333206176758,44.16666793823242,45.83333206176758,9525,ASUR,462
1997-03-11,44.16666793823242,45.83333206176758,42.5,45.83333206176758,17940,ASUR,462
1997-03-12,44.16666793823242,45.0,42.5,42.91666793823242,14985,ASUR,462
1997-03-13,45.0,45.83333206176758,43.33333206176758,45.0,20685,ASUR,462
1997-03-14,43.33333206176758,45.83333206176758,43.33333206176758,45.83333206176758,12285,ASUR,462
1997-03-17,42.08333206176758,45.0,41.66666793823242,43.33333206176758,20025,ASUR,462
1997-03-18,41.66666793823242,44.16666793823242,41.66666793823242,41.66666793823242,19455,ASUR,462
1997-03-19,39.16666793823242,44.16666793823242,39.16666793823242,44.16666793823242,24180,ASUR,462
1997-03-20,39.16666793823242,40.83333206176758,38.33333206176758,39.16666793823242,22365,ASUR,462
1997-03-21,39.16666793823242,40.83333206176758,38.33333206176758,39.16666793823242,18585,ASUR,462
1997-03-24,39.58333206176758,40.83333206176758,38.33333206176758,38.33333206176758,10695,ASUR,462
1997-03-25,40.83333206176758,42.5,39.16666793823242,39.16666793823242,15630,ASUR,462
1997-03-26,40.9375,41.66666793823242,40.83333206176758,40.83333206176758,7350,ASUR,462
1997-03-27,38.33333206176758,41.66666793823242,35.83333206176758,40.83333206176758,27345,ASUR,462
1997-03-31,39.16666793823242,39.16666793823242,37.5,38.33333206176758,11895,ASUR,462
1997-04-01,37.5,40.0,37.5,39.16666793823242,10710,ASUR,462
1997-04-02,35.0,38.33333206176758,35.0,38.33333206176758,13905,ASUR,462
1997-04-03,32.5,36.66666793823242,30.833332061767578,36.66666793823242,31035,ASUR,462
1997-04-04,32.5,32.5,29.166667938232422,32.5,33585,ASUR,462
1997-04-07,39.16666793823242,39.16666793823242,31.666667938232422,31.666667938232422,29070,ASUR,462
1997-04-08,38.33333206176758,40.83333206176758,37.5,39.16666793823242,11895,ASUR,462
1997-04-09,39.16666793823242,41.66666793823242,38.33333206176758,40.0,14610,ASUR,462
1997-04-10,37.5,39.16666793823242,37.5,39.16666793823242,6510,ASUR,462
1997-04-11,38.33333206176758,39.16666793823242,37.5,39.16666793823242,3840,ASUR,462
1997-04-14,40.0,40.0,38.33333206176758,38.33333206176758,8670,ASUR,462
1997-04-15,38.33333206176758,40.83333206176758,38.33333206176758,40.83333206176758,9750,ASUR,462
1997-04-16,40.0,40.0,38.33333206176758,40.0,9150,ASUR,462
1997-04-17,37.5,40.83333206176758,37.5,38.33333206176758,7965,ASUR,462
1997-04-18,39.16666793823242,39.16666793823242,36.66666793823242,37.5,4350,ASUR,462
1997-04-21,37.5,39.16666793823242,36.66666793823242,36.66666793823242,10815,ASUR,462
1997-04-22,35.83333206176758,38.33333206176758,35.83333206176758,36.66666793823242,7200,ASUR,462
1997-04-23,35.0,37.5,35.0,36.66666793823242,8400,ASUR,462
1997-04-24,34.16666793823242,36.66666793823242,34.16666793823242,35.20833206176758,9330,ASUR,462
1997-04-25,35.0,35.0,33.33333206176758,34.58333206176758,6585,ASUR,462
1997-04-28,36.66666793823242,39.16666793823242,33.33333206176758,35.0,18315,ASUR,462
1997-04-29,35.41666793823242,38.33333206176758,35.0,36.66666793823242,10260,ASUR,462
1997-04-30,35.83333206176758,37.08333206176758,35.0,36.66666793823242,10890,ASUR,462
1997-05-01,35.83333206176758,36.66666793823242,35.0,35.83333206176758,3765,ASUR,462
1997-05-02,38.33333206176758,38.33333206176758,35.0,36.66666793823242,22725,ASUR,462
1997-05-05,41.66666793823242,42.5,36.66666793823242,36.66666793823242,42600,ASUR,462
1997-05-06,38.33333206176758,42.5,38.33333206176758,41.66666793823242,19050,ASUR,462
1997-05-07,37.08333206176758,39.16666793823242,36.66666793823242,39.16666793823242,4500,ASUR,462
1997-05-08,37.91666793823242,39.16666793823242,36.66666793823242,38.33333206176758,22230,ASUR,462
1997-05-09,38.33333206176758,38.75,37.5,38.75,11310,ASUR,462
1997-05-12,37.5,38.75,37.5,38.33333206176758,13635,ASUR,462
1997-05-13,37.5,38.75,37.5,38.75,11670,ASUR,462
1997-05-14,37.5,39.16666793823242,37.5,39.16666793823242,12075,ASUR,462
1997-05-15,38.33333206176758,38.33333206176758,36.66666793823242,38.33333206176758,20985,ASUR,462
1997-05-16,38.75,40.0,38.33333206176758,40.0,16515,ASUR,462
1997-05-19,38.33333206176758,40.0,38.33333206176758,38.33333206176758,8370,ASUR,462
1997-05-20,38.125,39.16666793823242,37.5,39.16666793823242,6615,ASUR,462
1997-05-21,37.5,38.33333206176758,37.5,37.5,13995,ASUR,462
1997-05-22,37.91666793823242,38.33333206176758,37.5,38.33333206176758,10200,ASUR,462
1997-05-23,38.33333206176758,40.0,37.08333206176758,38.33333206176758,23220,ASUR,462
1997-05-27,41.66666793823242,43.33333206176758,38.33333206176758,38.33333206176758,38955,ASUR,462
1997-05-28,40.0,43.33333206176758,38.33333206176758,42.5,19515,ASUR,462
1997-05-29,40.0,41.66666793823242,39.16666793823242,40.83333206176758,10290,ASUR,462
1997-05-30,40.83333206176758,40.83333206176758,38.33333206176758,39.16666793823242,5775,ASUR,462
1997-06-02,41.66666793823242,42.5,39.58333206176758,40.83333206176758,20040,ASUR,462
1997-06-03,45.41666793823242,45.83333206176758,40.0,40.0,28965,ASUR,462
1997-06-04,45.83333206176758,49.58333206176758,45.83333206176758,45.83333206176758,47595,ASUR,462
1997-06-05,47.5,50.0,46.66666793823242,48.33333206176758,42060,ASUR,462
1997-06-06,47.5,49.16666793823242,46.66666793823242,47.5,14370,ASUR,462
1997-06-09,46.25,50.0,45.83333206176758,48.33333206176758,16080,ASUR,462
1997-06-10,46.25,48.33333206176758,45.83333206176758,47.5,12465,ASUR,462
1997-06-11,45.83333206176758,46.66666793823242,43.33333206176758,45.83333206176758,18240,ASUR,462
1997-06-12,44.16666793823242,45.83333206176758,42.5,44.16666793823242,20175,ASUR,462
1997-06-13,43.33333206176758,44.16666793823242,42.5,43.33333206176758,24765,ASUR,462
1997-06-16,40.83333206176758,44.16666793823242,40.83333206176758,42.5,10860,ASUR,462
1997-06-17,41.25,43.33333206176758,40.83333206176758,41.66666793823242,8895,ASUR,462
1997-06-18,43.33333206176758,43.33333206176758,41.25,41.25,7065,ASUR,462
1997-06-19,46.66666793823242,48.33333206176758,43.33333206176758,43.33333206176758,27120,ASUR,462
1997-06-20,45.83333206176758,49.16666793823242,45.0,46.66666793823242,32925,ASUR,462
1997-06-23,45.0,47.5,43.33333206176758,47.5,13110,ASUR,462
1997-06-24,44.58333206176758,45.83333206176758,43.33333206176758,43.33333206176758,9345,ASUR,462
1997-06-25,46.25,46.25,44.16666793823242,45.0,17655,ASUR,462
1997-06-26,43.33333206176758,46.25,42.5,45.0,23715,ASUR,462
1997-06-27,42.5,44.16666793823242,42.5,44.16666793823242,10230,ASUR,462
1997-06-30,40.0,44.16666793823242,40.0,42.5,14100,ASUR,462
1997-07-01,40.41666793823242,41.66666793823242,39.16666793823242,41.66666793823242,11475,ASUR,462
1997-07-02,42.08333206176758,42.5,40.0,40.0,11715,ASUR,462
1997-07-03,44.16666793823242,45.41666793823242,42.08333206176758,43.33333206176758,18375,ASUR,462
1997-07-07,41.66666793823242,45.0,41.66666793823242,43.75,8355,ASUR,462
1997-07-08,42.5,43.75,41.66666793823242,41.66666793823242,6150,ASUR,462
1997-07-09,40.0,44.16666793823242,39.16666793823242,43.33333206176758,23700,ASUR,462
1997-07-10,40.41666793823242,40.83333206176758,39.58333206176758,40.0,10470,ASUR,462
1997-07-11,40.83333206176758,40.83333206176758,39.58333206176758,40.0,12135,ASUR,462
1997-07-14,40.83333206176758,41.66666793823242,40.0,40.0,11700,ASUR,462
1997-07-15,40.0,41.66666793823242,39.16666793823242,40.83333206176758,20670,ASUR,462
1997-07-16,38.33333206176758,40.83333206176758,36.66666793823242,39.16666793823242,46200,ASUR,462
1997-07-17,36.66666793823242,38.75,36.66666793823242,37.91666793823242,22125,ASUR,462
1997-07-18,36.66666793823242,37.91666793823242,35.0,36.66666793823242,23340,ASUR,462
1997-07-21,38.75,40.0,35.83333206176758,36.66666793823242,16560,ASUR,462
1997-07-22,41.25,42.08333206176758,38.75,38.75,21810,ASUR,462
1997-07-23,40.0,42.5,40.0,42.08333206176758,13905,ASUR,462
1997-07-24,40.0,42.5,38.33333206176758,42.5,8685,ASUR,462
1997-07-25,38.33333206176758,40.0,37.91666793823242,40.0,5865,ASUR,462
1997-07-28,38.33333206176758,40.0,37.91666793823242,37.91666793823242,11430,ASUR,462
1997-07-29,39.16666793823242,40.0,37.91666793823242,37.91666793823242,12405,ASUR,462
1997-07-30,39.16666793823242,40.0,38.33333206176758,38.33333206176758,14505,ASUR,462
1997-07-31,39.16666793823242,39.58333206176758,38.33333206176758,38.33333206176758,11040,ASUR,462
1997-08-01,38.75,40.0,38.33333206176758,39.16666793823242,6480,ASUR,462
1997-08-04,38.33333206176758,39.58333206176758,37.91666793823242,38.33333206176758,18345,ASUR,462
1997-08-05,38.75,38.75,37.91666793823242,37.91666793823242,9510,ASUR,462
1997-08-06,37.5,39.16666793823242,37.5,37.91666793823242,16665,ASUR,462
1997-08-07,37.70833206176758,38.33333206176758,36.25,37.5,32775,ASUR,462
1997-08-08,37.91666793823242,37.91666793823242,36.66666793823242,37.91666793823242,18855,ASUR,462
1997-08-11,38.75,39.16666793823242,36.25,37.08333206176758,20070,ASUR,462
1997-08-12,37.5,38.75,37.5,38.75,8940,ASUR,462
1997-08-13,37.08333206176758,38.75,36.25,36.66666793823242,17295,ASUR,462
1997-08-14,37.91666793823242,40.0,36.66666793823242,36.66666793823242,12060,ASUR,462
1997-08-15,37.91666793823242,39.58333206176758,37.5,37.91666793823242,15765,ASUR,462
1997-08-18,37.08333206176758,38.33333206176758,36.66666793823242,36.66666793823242,5460,ASUR,462
1997-08-19,37.5,38.75,36.66666793823242,36.66666793823242,12075,ASUR,462
1997-08-20,37.70833206176758,38.75,37.08333206176758,37.91666793823242,16440,ASUR,462
1997-08-21,40.0,40.41666793823242,37.91666793823242,37.91666793823242,28665,ASUR,462
1997-08-22,42.91666793823242,45.0,40.0,40.41666793823242,96360,ASUR,462
1997-08-25,46.66666793823242,47.91666793823242,44.58333206176758,45.0,92565,ASUR,462
1997-08-26,49.16666793823242,50.83333206176758,47.5,47.91666793823242,101925,ASUR,462
1997-08-27,45.83333206176758,49.16666793823242,45.41666793823242,49.16666793823242,46995,ASUR,462
1997-08-28,46.66666793823242,47.5,45.0,46.66666793823242,23610,ASUR,462
1997-08-29,48.75,49.16666793823242,45.83333206176758,46.66666793823242,23385,ASUR,462
1997-09-02,50.83333206176758,53.75,48.33333206176758,50.0,69750,ASUR,462
1997-09-03,49.16666793823242,52.5,49.16666793823242,51.66666793823242,36105,ASUR,462
1997-09-04,49.16666793823242,51.66666793823242,49.16666793823242,49.16666793823242,29280,ASUR,462
1997-09-05,49.58333206176758,50.83333206176758,49.16666793823242,50.0,18210,ASUR,462
1997-09-08,52.5,53.33333206176758,49.16666793823242,50.0,33030,ASUR,462
1997-09-09,51.25,52.91666793823242,50.83333206176758,52.91666793823242,26325,ASUR,462
1997-09-10,46.66666793823242,51.66666793823242,46.66666793823242,50.83333206176758,33105,ASUR,462
1997-09-11,46.25,47.5,45.83333206176758,47.5,17520,ASUR,462
1997-09-12,49.16666793823242,50.0,45.83333206176758,45.83333206176758,15060,ASUR,462
1997-09-15,48.75,50.0,48.75,49.16666793823242,15330,ASUR,462
1997-09-16,48.33333206176758,50.0,47.5,50.0,19995,ASUR,462
1997-09-17,50.0,50.0,47.91666793823242,49.16666793823242,15540,ASUR,462
1997-09-18,50.0,50.0,47.91666793823242,48.75,18390,ASUR,462
1997-09-19,49.16666793823242,50.0,48.33333206176758,50.0,18810,ASUR,462
1997-09-22,48.75,50.0,47.5,49.16666793823242,20340,ASUR,462
1997-09-23,48.33333206176758,49.16666793823242,47.08333206176758,48.75,23850,ASUR,462
1997-09-24,45.83333206176758,49.16666793823242,45.41666793823242,47.5,15420,ASUR,462
1997-09-25,40.41666793823242,45.83333206176758,40.0,45.0,61950,ASUR,462
1997-09-26,42.5,43.33333206176758,40.0,41.25,27435,ASUR,462
1997-09-29,48.75,49.58333206176758,42.5,42.5,64755,ASUR,462
1997-09-30,51.25,51.66666793823242,47.91666793823242,48.75,85050,ASUR,462
1997-10-01,52.5,52.5,50.83333206176758,51.66666793823242,93660,ASUR,462
1997-10-02,52.91666793823242,53.33333206176758,52.08333206176758,52.5,45030,ASUR,462
1997-10-03,52.5,53.75,51.25,52.5,88290,ASUR,462
1997-10-06,55.83333206176758,57.08333206176758,52.08333206176758,52.08333206176758,88755,ASUR,462
1997-10-07,55.0,56.66666793823242,54.16666793823242,56.25,85980,ASUR,462
1997-10-08,56.25,59.16666793823242,55.0,55.83333206176758,71985,ASUR,462
1997-10-09,55.83333206176758,56.66666793823242,55.41666793823242,56.66666793823242,29880,ASUR,462
1997-10-10,55.83333206176758,55.83333206176758,53.33333206176758,55.41666793823242,29970,ASUR,462
1997-10-13,54.58333206176758,56.66666793823242,53.75,56.66666793823242,48960,ASUR,462
1997-10-14,53.75,55.83333206176758,52.91666793823242,54.58333206176758,39495,ASUR,462
1997-10-15,57.5,58.33333206176758,52.91666793823242,52.91666793823242,83880,ASUR,462
1997-10-16,53.33333206176758,59.16666793823242,53.33333206176758,58.33333206176758,62970,ASUR,462
1997-10-17,52.5,53.75,50.83333206176758,53.33333206176758,20490,ASUR,462
1997-10-20,51.66666793823242,53.75,51.66666793823242,52.5,17130,ASUR,462
1997-10-21,52.5,52.5,51.66666793823242,51.66666793823242,16185,ASUR,462
1997-10-22,52.5,53.33333206176758,51.66666793823242,52.08333206176758,12750,ASUR,462
1997-10-23,52.08333206176758,52.5,50.0,50.83333206176758,29010,ASUR,462
1997-10-24,51.66666793823242,52.5,51.25,51.66666793823242,108705,ASUR,462
1997-10-27,46.66666793823242,52.08333206176758,46.66666793823242,50.0,37830,ASUR,462
1997-10-28,51.25,51.66666793823242,43.33333206176758,44.16666793823242,46695,ASUR,462
1997-10-29,49.16666793823242,51.66666793823242,49.16666793823242,51.66666793823242,11565,ASUR,462
1997-10-30,47.08333206176758,49.16666793823242,46.66666793823242,48.33333206176758,10185,ASUR,462
1997-10-31,49.16666793823242,49.58333206176758,46.66666793823242,46.66666793823242,13935,ASUR,462
1997-11-03,50.625,50.83333206176758,49.16666793823242,49.16666793823242,21420,ASUR,462
1997-11-04,49.16666793823242,50.83333206176758,48.33333206176758,50.0,13485,ASUR,462
1997-11-05,52.5,54.16666793823242,50.83333206176758,53.33333206176758,76500,ASUR,462
1997-11-06,52.08333206176758,53.33333206176758,51.66666793823242,52.91666793823242,16680,ASUR,462
1997-11-07,50.0,51.66666793823242,48.33333206176758,50.41666793823242,24375,ASUR,462
1997-11-10,50.41666793823242,50.83333206176758,49.16666793823242,49.16666793823242,12825,ASUR,462
1997-11-11,49.16666793823242,51.66666793823242,48.33333206176758,49.79166793823242,46905,ASUR,462
1997-11-12,47.5,50.0,47.5,48.33333206176758,19200,ASUR,462
1997-11-13,47.91666793823242,49.16666793823242,47.5,49.16666793823242,14295,ASUR,462
1997-11-14,48.75,51.66666793823242,48.33333206176758,49.16666793823242,18375,ASUR,462
1997-11-17,50.0,50.83333206176758,48.33333206176758,49.16666793823242,21525,ASUR,462
1997-11-18,50.0,50.83333206176758,50.0,50.83333206176758,20745,ASUR,462
1997-11-19,50.83333206176758,50.83333206176758,50.0,50.0,22950,ASUR,462
1997-11-20,52.91666793823242,56.25,51.66666793823242,54.58333206176758,84030,ASUR,462
1997-11-21,51.66666793823242,54.58333206176758,51.66666793823242,53.33333206176758,21495,ASUR,462
1997-11-24,48.75,52.5,48.33333206176758,52.08333206176758,34605,ASUR,462
1997-11-25,49.16666793823242,50.0,48.33333206176758,50.0,12960,ASUR,462
1997-11-26,49.16666793823242,50.83333206176758,48.33333206176758,49.16666793823242,18960,ASUR,462
1997-11-28,48.125,48.75,47.5,48.75,8580,ASUR,462
1997-12-01,49.16666793823242,50.0,47.5,47.5,18375,ASUR,462
1997-12-02,49.16666793823242,50.0,48.33333206176758,49.16666793823242,22680,ASUR,462
1997-12-03,47.91666793823242,49.16666793823242,47.5,49.16666793823242,24960,ASUR,462
1997-12-04,47.08333206176758,49.16666793823242,47.08333206176758,48.33333206176758,17850,ASUR,462
1997-12-05,47.91666793823242,48.75,45.83333206176758,46.66666793823242,24525,ASUR,462
1997-12-08,47.91666793823242,48.75,47.5,47.91666793823242,15600,ASUR,462
1997-12-09,47.08333206176758,48.33333206176758,46.66666793823242,47.5,12780,ASUR,462
1997-12-10,46.66666793823242,47.5,45.83333206176758,47.5,27735,ASUR,462
1997-12-11,46.66666793823242,47.5,45.83333206176758,45.83333206176758,20130,ASUR,462
1997-12-12,45.41666793823242,48.33333206176758,45.0,47.5,17475,ASUR,462
1997-12-15,42.5,46.66666793823242,42.5,45.83333206176758,32835,ASUR,462
1997-12-16,42.08333206176758,44.16666793823242,41.66666793823242,43.33333206176758,29205,ASUR,462
1997-12-17,42.91666793823242,43.33333206176758,40.83333206176758,42.08333206176758,28830,ASUR,462
1997-12-18,42.91666793823242,43.33333206176758,41.66666793823242,42.5,27810,ASUR,462
1997-12-19,42.91666793823242,43.33333206176758,41.66666793823242,42.91666793823242,31755,ASUR,462
1997-12-22,42.5,43.33333206176758,42.08333206176758,42.5,35295,ASUR,462
1997-12-23,41.25,42.5,41.25,42.08333206176758,23850,ASUR,462
1997-12-24,42.08333206176758,42.5,41.66666793823242,42.5,10530,ASUR,462
1997-12-26,40.83333206176758,42.5,40.83333206176758,41.66666793823242,8625,ASUR,462
1997-12-29,38.75,42.5,38.75,40.83333206176758,51765,ASUR,462
1997-12-30,40.0,40.41666793823242,37.5,38.33333206176758,56490,ASUR,462
1997-12-31,40.83333206176758,40.83333206176758,39.16666793823242,39.16666793823242,126435,ASUR,462
1998-01-02,44.58333206176758,44.58333206176758,40.20833206176758,40.20833206176758,20085,ASUR,462
1998-01-05,45.0,46.25,44.16666793823242,45.0,16170,ASUR,462
1998-01-06,45.41666793823242,45.83333206176758,44.16666793823242,45.0,11700,ASUR,462
1998-01-07,45.83333206176758,46.66666793823242,45.0,45.0,20400,ASUR,462
1998-01-08,46.66666793823242,46.66666793823242,45.41666793823242,46.25,6150,ASUR,462
1998-01-09,42.5,46.66666793823242,41.66666793823242,45.41666793823242,14205,ASUR,462
1998-01-12,42.08333206176758,43.33333206176758,40.0,41.66666793823242,11370,ASUR,462
1998-01-13,44.16666793823242,44.58333206176758,41.66666793823242,41.66666793823242,15150,ASUR,462
1998-01-14,44.58333206176758,45.83333206176758,43.33333206176758,44.58333206176758,14625,ASUR,462
1998-01-15,44.58333206176758,44.58333206176758,43.75,44.58333206176758,13920,ASUR,462
1998-01-16,44.58333206176758,45.83333206176758,44.16666793823242,44.16666793823242,11775,ASUR,462
1998-01-20,45.625,45.83333206176758,44.58333206176758,45.83333206176758,9195,ASUR,462
1998-01-21,45.0,45.83333206176758,45.0,45.0,15615,ASUR,462
1998-01-22,45.0,45.41666793823242,45.0,45.0,7335,ASUR,462
1998-01-23,45.0,45.41666793823242,45.0,45.0,15645,ASUR,462
1998-01-26,45.0,45.41666793823242,45.0,45.0,5670,ASUR,462
1998-01-27,45.0,45.83333206176758,45.0,45.0,10395,ASUR,462
1998-01-28,50.0,50.0,44.79166793823242,45.41666793823242,53670,ASUR,462
1998-01-29,50.0,50.41666793823242,47.5,50.0,31755,ASUR,462
1998-01-30,48.33333206176758,50.83333206176758,47.91666793823242,50.0,28965,ASUR,462
1998-02-02,48.75,50.0,48.33333206176758,50.0,28080,ASUR,462
1998-02-03,49.58333206176758,50.0,48.75,48.75,22620,ASUR,462
1998-02-04,49.16666793823242,50.83333206176758,49.16666793823242,50.83333206176758,20085,ASUR,462
1998-02-05,48.75,50.0,46.66666793823242,50.0,12570,ASUR,462
1998-02-06,50.0,51.25,48.33333206176758,49.16666793823242,23265,ASUR,462
1998-02-09,49.16666793823242,50.83333206176758,49.16666793823242,50.83333206176758,9465,ASUR,462
1998-02-10,48.33333206176758,49.16666793823242,48.33333206176758,48.75,8190,ASUR,462
1998-02-11,45.41666793823242,49.16666793823242,43.33333206176758,48.33333206176758,30135,ASUR,462
1998-02-12,43.33333206176758,46.66666793823242,43.33333206176758,45.83333206176758,19350,ASUR,462
1998-02-13,42.08333206176758,44.16666793823242,41.66666793823242,44.16666793823242,39150,ASUR,462
1998-02-17,40.41666793823242,43.75,40.0,43.33333206176758,60000,ASUR,462
1998-02-18,42.08333206176758,45.0,40.41666793823242,41.25,54960,ASUR,462
1998-02-19,41.66666793823242,43.75,40.83333206176758,42.5,55305,ASUR,462
1998-02-20,40.41666793823242,42.08333206176758,40.41666793823242,41.25,18510,ASUR,462
1998-02-23,40.0,41.25,39.16666793823242,41.25,38310,ASUR,462
1998-02-24,40.625,41.66666793823242,39.16666793823242,39.16666793823242,54720,ASUR,462
1998-02-25,40.20833206176758,41.25,40.0,40.41666793823242,34335,ASUR,462
1998-02-26,40.41666793823242,40.83333206176758,39.58333206176758,40.83333206176758,31830,ASUR,462
1998-02-27,40.0,41.25,39.16666793823242,40.625,63210,ASUR,462
1998-03-02,44.16666793823242,44.58333206176758,40.41666793823242,40.41666793823242,128805,ASUR,462
1998-03-03,42.5,45.0,42.08333206176758,44.58333206176758,33195,ASUR,462
1998-03-04,42.5,43.33333206176758,42.5,43.33333206176758,13110,ASUR,462
1998-03-05,41.04166793823242,42.08333206176758,40.41666793823242,41.66666793823242,26310,ASUR,462
1998-03-06,41.66666793823242,42.5,40.0,40.0,7695,ASUR,462
1998-03-09,40.0,41.25,39.58333206176758,40.83333206176758,33285,ASUR,462
1998-03-10,40.0,40.83333206176758,39.58333206176758,40.83333206176758,15420,ASUR,462
1998-03-11,40.0,40.83333206176758,40.0,40.0,26370,ASUR,462
1998-03-12,39.16666793823242,40.41666793823242,39.16666793823242,40.0,27585,ASUR,462
1998-03-13,39.58333206176758,40.41666793823242,39.16666793823242,40.41666793823242,25200,ASUR,462
1998-03-16,39.79166793823242,41.66666793823242,39.79166793823242,40.83333206176758,37065,ASUR,462
1998-03-17,40.0,40.0,39.16666793823242,39.16666793823242,15855,ASUR,462
1998-03-18,38.75,40.0,38.33333206176758,40.0,17220,ASUR,462
1998-03-19,38.33333206176758,39.58333206176758,38.33333206176758,38.33333206176758,18375,ASUR,462
1998-03-20,39.16666793823242,39.375,38.33333206176758,38.33333206176758,41355,ASUR,462
1998-03-23,42.08333206176758,43.75,38.75,40.0,89700,ASUR,462
1998-03-24,41.04166793823242,42.5,40.41666793823242,42.5,26790,ASUR,462
1998-03-25,39.79166793823242,42.08333206176758,39.79166793823242,41.04166793823242,29790,ASUR,462
1998-03-26,40.20833206176758,40.83333206176758,39.58333206176758,39.58333206176758,22530,ASUR,462
1998-03-27,40.41666793823242,41.45833206176758,40.0,40.41666793823242,14745,ASUR,462
1998-03-30,40.20833206176758,41.25,40.20833206176758,40.41666793823242,14025,ASUR,462
1998-03-31,40.83333206176758,41.25,40.20833206176758,40.83333206176758,18840,ASUR,462
1998-04-01,40.83333206176758,41.45833206176758,40.20833206176758,40.20833206176758,15420,ASUR,462
1998-04-02,41.25,41.45833206176758,40.625,41.45833206176758,10230,ASUR,462
1998-04-03,40.0,42.08333206176758,39.79166793823242,41.25,27885,ASUR,462
1998-04-06,39.16666793823242,40.41666793823242,39.16666793823242,40.41666793823242,16110,ASUR,462
1998-04-07,37.91666793823242,40.0,37.91666793823242,40.0,27540,ASUR,462
1998-04-08,36.25,39.16666793823242,35.0,38.33333206176758,37140,ASUR,462
1998-04-09,35.83333206176758,37.5,35.83333206176758,37.5,29175,ASUR,462
1998-04-13,36.25,37.08333206176758,36.04166793823242,37.08333206176758,31995,ASUR,462
1998-04-14,36.25,37.08333206176758,35.83333206176758,37.08333206176758,16950,ASUR,462
1998-04-15,37.91666793823242,40.0,37.5,37.91666793823242,26895,ASUR,462
1998-04-16,40.0,40.41666793823242,37.5,37.5,36105,ASUR,462
1998-04-17,39.79166793823242,40.41666793823242,39.16666793823242,40.41666793823242,18285,ASUR,462
1998-04-20,37.5,40.0,37.5,40.0,19470,ASUR,462
1998-04-21,38.33333206176758,38.75,37.5,38.54166793823242,14655,ASUR,462
1998-04-22,38.75,40.0,38.33333206176758,38.75,22050,ASUR,462
1998-04-23,37.5,39.58333206176758,36.66666793823242,38.33333206176758,14115,ASUR,462
1998-04-24,36.66666793823242,37.91666793823242,35.83333206176758,36.66666793823242,22905,ASUR,462
1998-04-27,36.45833206176758,37.08333206176758,35.41666793823242,35.41666793823242,19425,ASUR,462
1998-04-28,36.66666793823242,37.5,35.83333206176758,37.08333206176758,24090,ASUR,462
1998-04-29,36.25,37.91666793823242,36.25,36.25,16350,ASUR,462
1998-04-30,37.5,38.33333206176758,36.66666793823242,36.66666793823242,17640,ASUR,462
1998-05-01,37.08333206176758,37.5,37.08333206176758,37.5,13155,ASUR,462
1998-05-04,36.875,38.33333206176758,36.66666793823242,37.70833206176758,13950,ASUR,462
1998-05-05,36.25,37.5,35.83333206176758,36.66666793823242,38820,ASUR,462
1998-05-06,33.75,36.25,33.33333206176758,35.83333206176758,52815,ASUR,462
1998-05-07,35.0,35.83333206176758,33.75,35.0,20895,ASUR,462
1998-05-08,38.33333206176758,39.79166793823242,34.16666793823242,35.0,55500,ASUR,462
1998-05-11,38.75,40.0,37.91666793823242,39.16666793823242,30000,ASUR,462
1998-05-12,39.16666793823242,39.16666793823242,37.08333206176758,38.75,20085,ASUR,462
1998-05-13,40.41666793823242,41.66666793823242,37.91666793823242,39.58333206176758,46365,ASUR,462
1998-05-14,43.33333206176758,45.0,39.79166793823242,39.79166793823242,130530,ASUR,462
1998-05-15,43.54166793823242,46.04166793823242,42.5,44.16666793823242,117390,ASUR,462
1998-05-18,45.0,45.0,43.33333206176758,43.54166793823242,33585,ASUR,462
1998-05-19,42.08333206176758,47.08333206176758,39.58333206176758,45.0,81900,ASUR,462
1998-05-20,40.83333206176758,43.75,40.83333206176758,42.5,16350,ASUR,462
1998-05-21,40.41666793823242,45.83333206176758,40.0,45.0,65625,ASUR,462
1998-05-22,37.5,41.25,37.5,40.0,15255,ASUR,462
1998-05-26,35.83333206176758,39.16666793823242,35.0,39.16666793823242,63600,ASUR,462
1998-05-27,35.83333206176758,36.25,34.58333206176758,35.41666793823242,15315,ASUR,462
1998-05-28,38.75,39.16666793823242,35.41666793823242,36.66666793823242,16635,ASUR,462
1998-05-29,38.33333206176758,39.16666793823242,37.91666793823242,38.33333206176758,13080,ASUR,462
1998-06-01,36.66666793823242,38.33333206176758,35.83333206176758,38.33333206176758,10155,ASUR,462
1998-06-02,37.5,38.33333206176758,35.83333206176758,35.83333206176758,14265,ASUR,462
1998-06-03,37.5,38.33333206176758,36.25,37.91666793823242,9630,ASUR,462
1998-06-04,37.08333206176758,37.91666793823242,35.83333206176758,36.25,14550,ASUR,462
1998-06-05,36.66666793823242,37.5,36.25,36.66666793823242,5700,ASUR,462
1998-06-08,37.5,38.33333206176758,36.25,37.5,11535,ASUR,462
1998-06-09,37.08333206176758,38.33333206176758,35.83333206176758,36.66666793823242,22845,ASUR,462
1998-06-10,35.83333206176758,37.08333206176758,35.0,37.08333206176758,17715,ASUR,462
1998-06-11,37.08333206176758,37.91666793823242,35.0,35.0,12705,ASUR,462
1998-06-12,35.83333206176758,36.66666793823242,35.41666793823242,36.66666793823242,6630,ASUR,462
1998-06-15,36.25,36.66666793823242,35.0,35.41666793823242,9525,ASUR,462
1998-06-16,35.83333206176758,36.66666793823242,35.0,36.66666793823242,11205,ASUR,462
1998-06-17,34.58333206176758,36.66666793823242,34.58333206176758,36.25,21750,ASUR,462
1998-06-18,33.75,35.41666793823242,33.75,35.41666793823242,18870,ASUR,462
1998-06-19,33.75,35.41666793823242,33.75,35.0,7500,ASUR,462
1998-06-22,34.16666793823242,35.0,33.33333206176758,33.75,16425,ASUR,462
1998-06-23,33.54166793823242,35.0,33.54166793823242,34.58333206176758,13635,ASUR,462
1998-06-24,33.33333206176758,34.16666793823242,31.666667938232422,34.16666793823242,32175,ASUR,462
1998-06-25,36.66666793823242,37.08333206176758,32.91666793823242,33.33333206176758,66345,ASUR,462
1998-06-26,37.5,37.91666793823242,35.41666793823242,35.41666793823242,26640,ASUR,462
1998-06-29,40.41666793823242,41.25,35.83333206176758,35.83333206176758,61830,ASUR,462
1998-06-30,42.91666793823242,43.33333206176758,40.0,40.83333206176758,57345,ASUR,462
1998-07-01,40.41666793823242,42.5,40.0,42.5,30915,ASUR,462
1998-07-02,42.08333206176758,43.33333206176758,39.58333206176758,40.83333206176758,39615,ASUR,462
1998-07-06,41.66666793823242,42.91666793823242,41.25,41.66666793823242,20250,ASUR,462
1998-07-07,40.83333206176758,42.5,40.41666793823242,42.08333206176758,28020,ASUR,462
1998-07-08,40.83333206176758,40.83333206176758,39.58333206176758,40.41666793823242,21570,ASUR,462
1998-07-09,42.5,42.5,39.16666793823242,40.41666793823242,30345,ASUR,462
1998-07-10,42.5,45.0,41.66666793823242,41.66666793823242,64335,ASUR,462
1998-07-13,41.66666793823242,43.33333206176758,41.25,43.33333206176758,20490,ASUR,462
1998-07-14,40.41666793823242,42.08333206176758,40.0,42.08333206176758,22110,ASUR,462
1998-07-15,42.5,42.5,39.58333206176758,40.20833206176758,27540,ASUR,462
1998-07-16,40.83333206176758,42.5,40.0,41.66666793823242,9000,ASUR,462
1998-07-17,42.08333206176758,43.33333206176758,40.83333206176758,40.83333206176758,26580,ASUR,462
1998-07-20,40.83333206176758,42.5,40.625,41.25,13320,ASUR,462
1998-07-21,40.625,41.66666793823242,40.41666793823242,40.83333206176758,24360,ASUR,462
1998-07-22,40.41666793823242,40.83333206176758,40.0,40.41666793823242,15105,ASUR,462
1998-07-23,39.58333206176758,40.83333206176758,39.58333206176758,40.41666793823242,41100,ASUR,462
1998-07-24,39.58333206176758,40.41666793823242,39.58333206176758,39.58333206176758,31095,ASUR,462
1998-07-27,37.5,40.0,36.66666793823242,39.58333206176758,37620,ASUR,462
1998-07-28,37.08333206176758,38.75,36.66666793823242,36.66666793823242,15915,ASUR,462
1998-07-29,37.5,38.33333206176758,36.66666793823242,37.91666793823242,5925,ASUR,462
1998-07-30,37.91666793823242,38.33333206176758,37.5,38.33333206176758,11925,ASUR,462
1998-07-31,37.5,39.16666793823242,37.5,38.33333206176758,14775,ASUR,462
1998-08-03,37.08333206176758,39.16666793823242,37.08333206176758,39.16666793823242,8835,ASUR,462
1998-08-04,36.25,37.5,35.83333206176758,37.08333206176758,10020,ASUR,462
1998-08-05,36.25,36.66666793823242,35.83333206176758,35.83333206176758,19230,ASUR,462
1998-08-06,36.66666793823242,37.5,35.83333206176758,36.25,26445,ASUR,462
1998-08-07,36.66666793823242,37.5,36.66666793823242,36.66666793823242,14700,ASUR,462
1998-08-10,36.25,37.91666793823242,36.25,36.66666793823242,10050,ASUR,462
1998-08-11,35.0,36.66666793823242,34.58333206176758,34.58333206176758,12000,ASUR,462
1998-08-12,35.83333206176758,36.66666793823242,35.0,35.0,11025,ASUR,462
1998-08-13,33.54166793823242,35.83333206176758,33.54166793823242,35.41666793823242,8175,ASUR,462
1998-08-14,33.75,34.16666793823242,32.91666793823242,33.33333206176758,14505,ASUR,462
1998-08-17,35.0,35.0,33.33333206176758,33.33333206176758,10545,ASUR,462
1998-08-18,35.83333206176758,36.25,35.0,35.0,10290,ASUR,462
1998-08-19,32.5,36.66666793823242,32.5,36.25,22905,ASUR,462
1998-08-20,32.91666793823242,33.75,32.5,33.75,16155,ASUR,462
1998-08-21,31.25,32.91666793823242,30.833332061767578,32.5,18705,ASUR,462
1998-08-24,32.5,33.33333206176758,31.458332061767578,31.458332061767578,14145,ASUR,462
1998-08-25,32.5,32.91666793823242,31.25,32.91666793823242,19515,ASUR,462
1998-08-26,30.0,32.5,29.166667938232422,32.5,22335,ASUR,462
1998-08-27,26.25,30.833332061767578,19.166667938232422,30.0,72045,ASUR,462
1998-08-28,25.416667938232422,27.5,22.5,26.666667938232422,37185,ASUR,462
1998-08-31,22.916667938232422,25.833332061767578,21.25,24.166667938232422,109560,ASUR,462
1998-09-01,24.791667938232422,25.0,22.5,23.333332061767578,26385,ASUR,462
1998-09-02,30.0,31.25,25.0,25.0,50655,ASUR,462
1998-09-03,26.666667938232422,30.0,26.666667938232422,30.0,20775,ASUR,462
1998-09-04,26.666667938232422,29.166667938232422,25.833332061767578,27.083332061767578,18780,ASUR,462
1998-09-08,27.5,29.166667938232422,25.833332061767578,26.666667938232422,16050,ASUR,462
1998-09-09,28.333332061767578,28.333332061767578,26.666667938232422,26.666667938232422,14430,ASUR,462
1998-09-10,27.083332061767578,28.333332061767578,24.166667938232422,28.333332061767578,18900,ASUR,462
1998-09-11,27.916667938232422,28.333332061767578,26.666667938232422,27.083332061767578,32340,ASUR,462
1998-09-14,26.666667938232422,28.333332061767578,26.25,27.5,28215,ASUR,462
1998-09-15,26.666667938232422,27.5,26.666667938232422,27.5,23430,ASUR,462
1998-09-16,25.833332061767578,27.083332061767578,25.833332061767578,26.666667938232422,19515,ASUR,462
1998-09-17,25.416667938232422,26.25,23.333332061767578,25.833332061767578,19770,ASUR,462
1998-09-18,26.666667938232422,26.875,20.208332061767578,24.166667938232422,39270,ASUR,462
1998-09-21,26.25,26.666667938232422,24.583332061767578,25.416667938232422,141135,ASUR,462
1998-09-22,28.75,29.166667938232422,26.666667938232422,26.666667938232422,31605,ASUR,462
1998-09-23,30.0,32.5,29.166667938232422,30.0,32430,ASUR,462
1998-09-24,30.833332061767578,35.41666793823242,29.166667938232422,32.91666793823242,46500,ASUR,462
1998-09-25,29.583332061767578,34.16666793823242,29.166667938232422,30.416667938232422,36330,ASUR,462
1998-09-28,27.5,30.833332061767578,26.666667938232422,30.0,12405,ASUR,462
1998-09-29,27.916667938232422,29.583332061767578,26.666667938232422,28.333332061767578,20355,ASUR,462
1998-09-30,27.5,27.916667938232422,26.666667938232422,27.5,5040,ASUR,462
1998-10-01,26.666667938232422,27.083332061767578,26.666667938232422,26.666667938232422,16650,ASUR,462
1998-10-02,27.5,27.5,26.666667938232422,27.083332061767578,8310,ASUR,462
1998-10-05,27.083332061767578,27.916667938232422,27.083332061767578,27.5,17640,ASUR,462
1998-10-06,27.916667938232422,28.125,27.083332061767578,27.083332061767578,25245,ASUR,462
1998-10-07,27.083332061767578,29.583332061767578,26.666667938232422,29.166667938232422,30300,ASUR,462
1998-10-08,29.166667938232422,29.583332061767578,26.666667938232422,26.666667938232422,78435,ASUR,462
1998-10-09,28.958332061767578,30.0,28.333332061767578,29.166667938232422,45735,ASUR,462
1998-10-12,28.333332061767578,30.833332061767578,28.333332061767578,30.0,31230,ASUR,462
1998-10-13,28.75,30.0,27.916667938232422,30.0,15660,ASUR,462
1998-10-14,28.333332061767578,29.583332061767578,27.5,27.916667938232422,14490,ASUR,462
1998-10-15,30.833332061767578,32.5,28.333332061767578,28.75,30165,ASUR,462
1998-10-16,28.333332061767578,31.666667938232422,28.333332061767578,31.666667938232422,13515,ASUR,462
1998-10-19,28.75,30.0,27.5,28.541667938232422,8835,ASUR,462
1998-10-20,30.833332061767578,31.25,29.583332061767578,29.583332061767578,15255,ASUR,462
1998-10-21,31.666667938232422,33.125,30.833332061767578,32.08333206176758,22155,ASUR,462
1998-10-22,32.08333206176758,32.5,30.416667938232422,32.08333206176758,15480,ASUR,462
1998-10-23,33.75,34.58333206176758,31.666667938232422,31.666667938232422,19035,ASUR,462
1998-10-26,33.33333206176758,35.0,31.666667938232422,33.75,20745,ASUR,462
1998-10-27,32.5,33.75,31.666667938232422,33.33333206176758,11670,ASUR,462
1998-10-28,30.833332061767578,32.91666793823242,30.833332061767578,32.91666793823242,8250,ASUR,462
1998-10-29,31.666667938232422,31.666667938232422,30.0,30.833332061767578,17535,ASUR,462
1998-10-30,30.416667938232422,31.666667938232422,28.333332061767578,31.666667938232422,30135,ASUR,462
1998-11-02,29.375,31.041667938232422,29.166667938232422,31.041667938232422,16200,ASUR,462
1998-11-03,29.583332061767578,30.0,29.166667938232422,29.583332061767578,12540,ASUR,462
1998-11-04,31.25,31.666667938232422,28.333332061767578,30.0,25830,ASUR,462
1998-11-05,30.416667938232422,31.666667938232422,30.416667938232422,31.25,10650,ASUR,462
1998-11-06,30.833332061767578,31.25,29.166667938232422,30.0,17220,ASUR,462
1998-11-09,25.0,27.5,23.333332061767578,25.833332061767578,104100,ASUR,462
1998-11-10,24.583332061767578,25.833332061767578,24.166667938232422,25.0,25200,ASUR,462
1998-11-11,23.75,25.833332061767578,22.5,25.416667938232422,21420,ASUR,462
1998-11-12,25.0,26.458332061767578,24.166667938232422,24.583332061767578,19530,ASUR,462
1998-11-13,23.75,25.833332061767578,23.75,25.0,23475,ASUR,462
1998-11-16,22.5,25.416667938232422,22.5,24.166667938232422,42000,ASUR,462
1998-11-17,20.416667938232422,23.333332061767578,20.0,22.708332061767578,57420,ASUR,462
1998-11-18,20.833332061767578,22.083332061767578,20.0,20.625,30630,ASUR,462
1998-11-19,20.0,21.666667938232422,19.375,20.833332061767578,38565,ASUR,462
1998-11-20,19.583332061767578,20.416667938232422,19.166667938232422,20.416667938232422,26550,ASUR,462
1998-11-23,16.666667938232422,20.0,16.666667938232422,19.375,128970,ASUR,462
1998-11-24,18.75,19.583332061767578,17.083332061767578,17.916667938232422,58545,ASUR,462
1998-11-25,18.333332061767578,19.583332061767578,17.083332061767578,19.583332061767578,23895,ASUR,462
1998-11-27,20.0,20.416667938232422,18.958332061767578,19.166667938232422,22845,ASUR,462
1998-11-30,20.0,21.458332061767578,19.166667938232422,21.25,45675,ASUR,462
1998-12-01,19.375,21.25,19.166667938232422,20.0,20850,ASUR,462
1998-12-02,22.5,24.166667938232422,19.166667938232422,20.416667938232422,58410,ASUR,462
1998-12-03,19.166667938232422,23.333332061767578,19.166667938232422,22.5,26520,ASUR,462
1998-12-04,20.0,20.833332061767578,19.166667938232422,20.0,27660,ASUR,462
1998-12-07,21.25,21.666667938232422,20.833332061767578,21.041667938232422,30960,ASUR,462
1998-12-08,20.0,21.458332061767578,20.0,21.458332061767578,17415,ASUR,462
1998-12-09,19.583332061767578,20.833332061767578,18.958332061767578,20.416667938232422,57915,ASUR,462
1998-12-10,20.0,20.833332061767578,19.166667938232422,20.0,15360,ASUR,462
1998-12-11,20.208332061767578,20.833332061767578,19.583332061767578,20.208332061767578,28065,ASUR,462
1998-12-14,19.583332061767578,20.416667938232422,19.166667938232422,20.416667938232422,31305,ASUR,462
1998-12-15,19.791667938232422,19.791667938232422,19.166667938232422,19.166667938232422,5685,ASUR,462
1998-12-16,18.958332061767578,20.0,18.333332061767578,20.0,11040,ASUR,462
1998-12-17,17.5,19.166667938232422,17.5,18.75,31365,ASUR,462
1998-12-18,18.125,18.75,16.666667938232422,16.666667938232422,22305,ASUR,462
1998-12-21,17.5,18.333332061767578,16.666667938232422,18.125,42240,ASUR,462
1998-12-22,16.875,17.5,16.666667938232422,16.875,45255,ASUR,462
1998-12-23,17.291667938232422,17.5,16.666667938232422,16.875,31785,ASUR,462
1998-12-24,16.875,17.5,16.875,17.5,7755,ASUR,462
1998-12-28,17.083332061767578,20.0,17.083332061767578,17.291667938232422,88320,ASUR,462
1998-12-29,17.916667938232422,19.583332061767578,16.875,17.083332061767578,63255,ASUR,462
1998-12-30,16.979167938232422,18.75,16.875,17.5,60870,ASUR,462
1998-12-31,17.083332061767578,19.166667938232422,16.875,16.875,75930,ASUR,462
1999-01-04,17.916667938232422,18.333332061767578,17.5,18.333332061767578,32910,ASUR,462
1999-01-05,17.916667938232422,19.166667938232422,17.5,17.708332061767578,12000,ASUR,462
1999-01-06,18.333332061767578,19.166667938232422,17.083332061767578,17.5,28680,ASUR,462
1999-01-07,20.625,20.833332061767578,18.333332061767578,18.333332061767578,68085,ASUR,462
1999-01-08,19.375,21.666667938232422,18.333332061767578,20.833332061767578,51150,ASUR,462
1999-01-11,20.833332061767578,20.833332061767578,17.916667938232422,20.625,45690,ASUR,462
1999-01-12,20.416667938232422,21.666667938232422,19.791667938232422,20.833332061767578,50550,ASUR,462
1999-01-13,18.333332061767578,20.625,17.5,20.416667938232422,30420,ASUR,462
1999-01-14,19.375,20.416667938232422,17.5,19.166667938232422,38970,ASUR,462
1999-01-15,19.791667938232422,20.208332061767578,19.166667938232422,19.583332061767578,21915,ASUR,462
1999-01-19,20.0,20.833332061767578,19.375,20.0,32805,ASUR,462
1999-01-20,19.166667938232422,20.625,18.958332061767578,20.416667938232422,30225,ASUR,462
1999-01-21,19.583332061767578,19.791667938232422,18.541667938232422,19.166667938232422,13305,ASUR,462
1999-01-22,18.75,19.791667938232422,18.333332061767578,18.75,15090,ASUR,462
1999-01-25,17.916667938232422,19.166667938232422,17.5,18.333332061767578,10500,ASUR,462
1999-01-26,18.333332061767578,19.166667938232422,17.916667938232422,17.916667938232422,16020,ASUR,462
1999-01-27,17.083332061767578,18.75,17.083332061767578,18.75,41205,ASUR,462
1999-01-28,17.083332061767578,17.916667938232422,17.083332061767578,17.708332061767578,20010,ASUR,462
1999-01-29,18.75,19.166667938232422,17.083332061767578,17.5,37830,ASUR,462
1999-02-01,17.5,19.166667938232422,17.5,18.75,21930,ASUR,462
1999-02-02,17.5,18.541667938232422,17.083332061767578,17.5,25650,ASUR,462
1999-02-03,18.125,18.75,17.083332061767578,17.083332061767578,251025,ASUR,462
1999-02-04,19.583332061767578,20.0,18.125,18.125,189645,ASUR,462
1999-02-05,20.625,22.291667938232422,20.0,20.208332061767578,154290,ASUR,462
1999-02-08,20.833332061767578,21.666667938232422,20.416667938232422,21.25,60255,ASUR,462
1999-02-09,18.958332061767578,21.666667938232422,18.333332061767578,21.041667938232422,26415,ASUR,462
1999-02-10,19.583332061767578,20.0,18.958332061767578,19.791667938232422,14550,ASUR,462
1999-02-11,19.166667938232422,21.666667938232422,18.75,21.666667938232422,25875,ASUR,462
1999-02-12,19.583332061767578,19.583332061767578,18.333332061767578,19.166667938232422,15240,ASUR,462
1999-02-16,18.75,19.583332061767578,17.708332061767578,19.583332061767578,15465,ASUR,462
1999-02-17,18.333332061767578,18.75,17.708332061767578,17.708332061767578,15975,ASUR,462
1999-02-18,16.875,17.916667938232422,16.666667938232422,17.5,42795,ASUR,462
1999-02-19,17.083332061767578,17.916667938232422,16.666667938232422,17.083332061767578,18315,ASUR,462
1999-02-22,17.083332061767578,17.916667938232422,15.416666984558105,17.916667938232422,41970,ASUR,462
1999-02-23,15.416666984558105,17.083332061767578,15.0,15.833333015441895,22365,ASUR,462
1999-02-24,15.416666984558105,16.666667938232422,15.0,15.416666984558105,35400,ASUR,462
1999-02-25,15.0,16.25,15.0,15.208333015441895,16485,ASUR,462
1999-02-26,15.416666984558105,15.833333015441895,14.583333015441895,15.416666984558105,18795,ASUR,462
1999-03-01,14.791666984558105,15.833333015441895,14.166666984558105,15.625,18120,ASUR,462
1999-03-02,13.75,15.0,13.75,14.583333015441895,23265,ASUR,462
1999-03-03,13.333333015441895,14.583333015441895,13.333333015441895,13.958333015441895,23970,ASUR,462
1999-03-04,13.541666984558105,14.583333015441895,13.333333015441895,13.75,25365,ASUR,462
1999-03-05,14.583333015441895,14.791666984558105,13.541666984558105,14.166666984558105,21450,ASUR,462
1999-03-08,14.166666984558105,15.208333015441895,13.75,14.583333015441895,20175,ASUR,462
1999-03-09,15.208333015441895,15.208333015441895,13.75,13.75,27225,ASUR,462
1999-03-10,20.416667938232422,22.5,16.666667938232422,18.125,256965,ASUR,462
1999-03-11,19.166667938232422,21.666667938232422,17.5,21.666667938232422,74340,ASUR,462
1999-03-12,18.125,19.583332061767578,17.916667938232422,19.375,25320,ASUR,462
1999-03-15,18.75,20.833332061767578,15.833333015441895,18.75,88410,ASUR,462
1999-03-16,20.833332061767578,20.833332061767578,19.166667938232422,20.0,63630,ASUR,462
1999-03-17,20.416667938232422,22.291667938232422,20.416667938232422,20.833332061767578,73635,ASUR,462
1999-03-18,20.833332061767578,22.083332061767578,20.416667938232422,20.833332061767578,59835,ASUR,462
1999-03-19,22.5,24.166667938232422,20.0,20.416667938232422,94455,ASUR,462
1999-03-22,25.833332061767578,28.333332061767578,21.666667938232422,22.916667938232422,250875,ASUR,462
1999-03-23,24.583332061767578,26.875,23.333332061767578,26.875,62670,ASUR,462
1999-03-24,24.583332061767578,25.416667938232422,23.333332061767578,24.583332061767578,41535,ASUR,462
1999-03-25,23.333332061767578,25.0,23.333332061767578,24.166667938232422,30360,ASUR,462
1999-03-26,22.916667938232422,23.958332061767578,21.666667938232422,23.333332061767578,37710,ASUR,462
1999-03-29,24.583332061767578,28.333332061767578,22.5,22.916667938232422,98940,ASUR,462
1999-03-30,25.0,26.041667938232422,24.166667938232422,25.833332061767578,32580,ASUR,462
1999-03-31,22.916667938232422,25.833332061767578,21.25,24.791667938232422,31950,ASUR,462
1999-04-01,22.916667938232422,24.583332061767578,22.916667938232422,22.916667938232422,13875,ASUR,462
1999-04-05,23.333332061767578,24.583332061767578,22.916667938232422,23.333332061767578,20130,ASUR,462
1999-04-06,22.083332061767578,23.333332061767578,22.083332061767578,22.916667938232422,30015,ASUR,462
1999-04-07,20.416667938232422,22.916667938232422,20.0,21.666667938232422,30000,ASUR,462
1999-04-08,23.75,23.75,20.833332061767578,21.666667938232422,44025,ASUR,462
1999-04-09,30.833332061767578,31.666667938232422,24.166667938232422,25.0,208500,ASUR,462
1999-04-12,33.33333206176758,37.91666793823242,31.666667938232422,32.91666793823242,455100,ASUR,462
1999-04-13,46.66666793823242,49.58333206176758,33.33333206176758,36.875,343635,ASUR,462
1999-04-14,43.33333206176758,61.66666793823242,41.66666793823242,53.33333206176758,476595,ASUR,462
1999-04-15,40.0,48.33333206176758,35.0,44.16666793823242,239910,ASUR,462
1999-04-16,39.58333206176758,45.41666793823242,37.5,40.83333206176758,113910,ASUR,462
1999-04-19,32.08333206176758,40.0,31.666667938232422,39.58333206176758,146415,ASUR,462
1999-04-20,32.70833206176758,33.33333206176758,27.083332061767578,32.5,86955,ASUR,462
1999-04-21,30.833332061767578,34.16666793823242,30.208332061767578,33.54166793823242,100095,ASUR,462
1999-04-22,30.833332061767578,33.33333206176758,29.166667938232422,31.666667938232422,71085,ASUR,462
1999-04-23,30.625,32.5,29.583332061767578,30.0,74190,ASUR,462
1999-04-26,29.791667938232422,30.833332061767578,28.333332061767578,30.416667938232422,42795,ASUR,462
1999-04-27,31.666667938232422,32.91666793823242,30.208332061767578,31.666667938232422,64410,ASUR,462
1999-04-28,30.625,32.08333206176758,30.625,31.666667938232422,25365,ASUR,462
1999-04-29,35.0,37.91666793823242,30.625,30.625,139740,ASUR,462
1999-04-30,34.16666793823242,37.5,33.75,36.25,62325,ASUR,462
1999-05-03,32.08333206176758,36.25,31.25,35.20833206176758,49785,ASUR,462
1999-05-04,29.583332061767578,32.91666793823242,29.166667938232422,32.5,49575,ASUR,462
1999-05-05,28.75,30.416667938232422,27.083332061767578,29.583332061767578,51855,ASUR,462
1999-05-06,27.5,30.0,26.666667938232422,29.375,61110,ASUR,462
1999-05-07,27.916667938232422,29.166667938232422,26.875,27.083332061767578,23850,ASUR,462
1999-05-10,31.666667938232422,33.33333206176758,27.5,28.333332061767578,35940,ASUR,462
1999-05-11,34.58333206176758,36.66666793823242,32.5,32.91666793823242,80235,ASUR,462
1999-05-12,36.45833206176758,36.875,35.0,36.45833206176758,60720,ASUR,462
1999-05-13,35.83333206176758,38.33333206176758,35.0,36.04166793823242,53040,ASUR,462
1999-05-14,35.0,35.41666793823242,33.33333206176758,35.20833206176758,27645,ASUR,462
1999-05-17,37.5,38.33333206176758,33.75,34.58333206176758,45120,ASUR,462
1999-05-18,37.08333206176758,39.79166793823242,36.45833206176758,36.66666793823242,51795,ASUR,462
1999-05-19,40.0,40.0,36.66666793823242,37.91666793823242,75795,ASUR,462
1999-05-20,34.16666793823242,43.33333206176758,34.16666793823242,42.5,131400,ASUR,462
1999-05-21,35.41666793823242,36.25,32.5,34.16666793823242,39570,ASUR,462
1999-05-24,33.33333206176758,36.66666793823242,31.666667938232422,36.25,44070,ASUR,462
1999-05-25,33.75,35.83333206176758,33.33333206176758,33.75,44145,ASUR,462
1999-05-26,33.33333206176758,35.20833206176758,32.08333206176758,34.47916793823242,32040,ASUR,462
1999-05-27,31.25,34.16666793823242,30.833332061767578,32.91666793823242,34230,ASUR,462
1999-05-28,32.91666793823242,33.75,31.25,31.666667938232422,29025,ASUR,462
1999-06-01,32.08333206176758,33.33333206176758,30.833332061767578,31.875,12510,ASUR,462
1999-06-02,32.08333206176758,32.5,30.0,31.666667938232422,34005,ASUR,462
1999-06-03,32.29166793823242,32.5,30.833332061767578,31.875,13725,ASUR,462
1999-06-04,33.33333206176758,33.75,31.25,31.25,40110,ASUR,462
1999-06-07,32.5,34.58333206176758,32.08333206176758,34.375,24045,ASUR,462
1999-06-08,33.75,35.0,32.08333206176758,33.125,34155,ASUR,462
1999-06-09,34.58333206176758,35.41666793823242,33.33333206176758,33.33333206176758,23955,ASUR,462
1999-06-10,33.33333206176758,34.375,32.29166793823242,34.375,14700,ASUR,462
1999-06-11,31.666667938232422,33.33333206176758,31.666667938232422,32.70833206176758,57105,ASUR,462
1999-06-14,32.08333206176758,32.91666793823242,31.666667938232422,32.91666793823242,20685,ASUR,462
1999-06-15,30.416667938232422,32.5,30.0,31.25,24030,ASUR,462
1999-06-16,32.08333206176758,32.08333206176758,30.416667938232422,30.729167938232422,19245,ASUR,462
1999-06-17,31.666667938232422,32.91666793823242,31.25,32.08333206176758,12645,ASUR,462
1999-06-18,31.25,32.5,30.833332061767578,31.25,16755,ASUR,462
1999-06-21,29.166667938232422,30.833332061767578,29.166667938232422,30.0,23475,ASUR,462
1999-06-22,31.666667938232422,33.125,28.541667938232422,28.541667938232422,22815,ASUR,462
1999-06-23,30.833332061767578,32.5,30.0,31.666667938232422,12960,ASUR,462
1999-06-24,30.416667938232422,30.833332061767578,29.583332061767578,30.0,18375,ASUR,462
1999-06-25,30.0,30.833332061767578,29.166667938232422,30.0,38265,ASUR,462
1999-06-28,29.583332061767578,31.666667938232422,28.75,30.416667938232422,14460,ASUR,462
1999-06-29,28.75,30.416667938232422,28.333332061767578,29.479167938232422,26520,ASUR,462
1999-06-30,28.333332061767578,30.0,27.5,28.75,28785,ASUR,462
1999-07-01,29.583332061767578,30.0,26.875,28.333332061767578,38550,ASUR,462
1999-07-02,30.0,31.666667938232422,28.333332061767578,30.0,21945,ASUR,462
1999-07-06,32.5,32.5,30.0,30.0,31680,ASUR,462
1999-07-07,37.5,39.16666793823242,34.58333206176758,34.58333206176758,487905,ASUR,462
1999-07-08,34.79166793823242,38.33333206176758,33.75,38.33333206176758,102585,ASUR,462
1999-07-09,34.16666793823242,36.25,33.75,35.0,45795,ASUR,462
1999-07-12,33.33333206176758,35.83333206176758,33.33333206176758,35.20833206176758,28380,ASUR,462
1999-07-13,35.0,35.0,33.33333206176758,34.375,27990,ASUR,462
1999-07-14,36.25,37.5,35.0,35.41666793823242,40920,ASUR,462
1999-07-15,35.41666793823242,37.91666793823242,35.41666793823242,36.66666793823242,38850,ASUR,462
1999-07-16,35.0,36.66666793823242,35.0,36.66666793823242,29655,ASUR,462
1999-07-19,35.0,36.66666793823242,33.33333206176758,35.0,25230,ASUR,462
1999-07-20,33.75,35.83333206176758,32.5,35.41666793823242,29025,ASUR,462
1999-07-21,32.91666793823242,34.58333206176758,32.5,33.54166793823242,13005,ASUR,462
1999-07-22,32.08333206176758,34.16666793823242,30.0,33.33333206176758,31545,ASUR,462
1999-07-23,30.416667938232422,31.875,30.0,31.875,20640,ASUR,462
1999-07-26,30.0,31.666667938232422,28.333332061767578,30.833332061767578,23535,ASUR,462
1999-07-27,29.583332061767578,31.666667938232422,28.75,31.458332061767578,17835,ASUR,462
1999-07-28,29.166667938232422,30.416667938232422,27.5,30.416667938232422,25590,ASUR,462
1999-07-29,30.833332061767578,31.25,27.5,28.333332061767578,31470,ASUR,462
1999-07-30,30.0,30.833332061767578,27.708332061767578,28.75,19185,ASUR,462
1999-08-02,29.166667938232422,30.0,27.5,28.333332061767578,17235,ASUR,462
1999-08-03,27.916667938232422,29.583332061767578,27.083332061767578,29.166667938232422,23610,ASUR,462
1999-08-04,27.916667938232422,30.0,27.083332061767578,28.333332061767578,16785,ASUR,462
1999-08-05,26.666667938232422,27.916667938232422,25.0,27.1875,61365,ASUR,462
1999-08-06,26.25,27.291667938232422,25.0,26.666667938232422,11970,ASUR,462
1999-08-09,25.0,26.666667938232422,25.0,26.25,8985,ASUR,462
1999-08-10,24.583332061767578,25.833332061767578,21.458332061767578,25.0,33945,ASUR,462
1999-08-11,24.166667938232422,24.583332061767578,23.333332061767578,23.333332061767578,14565,ASUR,462
1999-08-12,24.166667938232422,25.0,23.541667938232422,24.583332061767578,15180,ASUR,462
1999-08-13,22.5,25.0,21.666667938232422,24.375,24660,ASUR,462
1999-08-16,21.666667938232422,22.916667938232422,20.833332061767578,22.083332061767578,24750,ASUR,462
1999-08-17,22.083332061767578,22.5,21.666667938232422,21.666667938232422,26970,ASUR,462
1999-08-18,25.0,25.0,22.083332061767578,22.5,47295,ASUR,462
1999-08-19,25.0,25.0,23.75,25.0,8925,ASUR,462
1999-08-20,25.0,25.0,23.75,23.75,5715,ASUR,462
1999-08-23,23.333332061767578,25.833332061767578,23.333332061767578,25.0,16410,ASUR,462
1999-08-24,25.416667938232422,26.458332061767578,23.75,23.958332061767578,19845,ASUR,462
1999-08-25,25.416667938232422,26.25,24.166667938232422,25.416667938232422,23865,ASUR,462
1999-08-26,24.166667938232422,25.0,23.333332061767578,25.0,16350,ASUR,462
1999-08-27,23.333332061767578,24.583332061767578,23.333332061767578,23.958332061767578,14595,ASUR,462
1999-08-30,24.583332061767578,24.583332061767578,23.333332061767578,23.333332061767578,15210,ASUR,462
1999-08-31,26.666667938232422,27.5,24.583332061767578,24.791667938232422,29460,ASUR,462
1999-09-01,25.0,26.666667938232422,25.0,25.416667938232422,9120,ASUR,462
1999-09-02,24.166667938232422,26.25,24.166667938232422,25.0,9300,ASUR,462
1999-09-03,25.0,26.25,24.166667938232422,25.416667938232422,5505,ASUR,462
1999-09-07,23.333332061767578,25.0,23.333332061767578,25.0,22530,ASUR,462
1999-09-08,23.333332061767578,25.0,21.666667938232422,23.125,19845,ASUR,462
1999-09-09,25.416667938232422,25.416667938232422,22.083332061767578,22.916667938232422,21090,ASUR,462
1999-09-10,23.333332061767578,26.25,22.5,24.583332061767578,37605,ASUR,462
1999-09-13,26.25,27.5,23.229167938232422,23.229167938232422,49320,ASUR,462
1999-09-14,28.333332061767578,30.416667938232422,25.416667938232422,26.25,73590,ASUR,462
1999-09-15,27.083332061767578,30.0,26.25,28.333332061767578,22755,ASUR,462
1999-09-16,25.416667938232422,27.083332061767578,25.0,25.833332061767578,16800,ASUR,462
1999-09-17,25.833332061767578,26.25,24.791667938232422,25.833332061767578,22980,ASUR,462
1999-09-20,25.625,26.25,24.583332061767578,25.833332061767578,9015,ASUR,462
1999-09-21,25.0,25.416667938232422,24.166667938232422,25.0,14220,ASUR,462
1999-09-22,26.25,27.5,24.166667938232422,24.166667938232422,41460,ASUR,462
1999-09-23,26.25,27.5,25.0,26.875,18120,ASUR,462
1999-09-24,25.833332061767578,26.25,24.166667938232422,25.0,23550,ASUR,462
1999-09-27,25.416667938232422,26.666667938232422,25.0,25.208332061767578,20595,ASUR,462
1999-09-28,28.333332061767578,28.333332061767578,24.583332061767578,25.833332061767578,28125,ASUR,462
1999-09-29,26.25,28.333332061767578,24.166667938232422,27.5,50085,ASUR,462
1999-09-30,24.583332061767578,26.25,24.166667938232422,26.25,18285,ASUR,462
1999-10-01,26.25,26.666667938232422,24.166667938232422,24.166667938232422,26535,ASUR,462
1999-10-04,25.208332061767578,26.666667938232422,24.583332061767578,25.416667938232422,26535,ASUR,462
1999-10-05,24.375,25.416667938232422,24.166667938232422,24.895832061767578,21795,ASUR,462
1999-10-06,23.333332061767578,25.0,23.125,24.6875,24645,ASUR,462
1999-10-07,24.583332061767578,25.0,22.916667938232422,24.166667938232422,16950,ASUR,462
1999-10-08,23.333332061767578,24.583332061767578,23.333332061767578,23.75,16740,ASUR,462
1999-10-11,23.333332061767578,23.75,23.333332061767578,23.333332061767578,7365,ASUR,462
1999-10-12,23.125,24.166667938232422,22.708332061767578,23.333332061767578,11145,ASUR,462
1999-10-13,22.083332061767578,24.166667938232422,22.083332061767578,23.541667938232422,11055,ASUR,462
1999-10-14,22.5,23.125,21.875,22.916667938232422,6285,ASUR,462
1999-10-15,22.916667938232422,23.75,21.666667938232422,22.916667938232422,11010,ASUR,462
1999-10-18,22.916667938232422,24.166667938232422,21.666667938232422,22.083332061767578,26760,ASUR,462
1999-10-19,22.708332061767578,24.166667938232422,22.083332061767578,23.333332061767578,21390,ASUR,462
1999-10-20,22.083332061767578,23.541667938232422,22.083332061767578,22.916667938232422,7920,ASUR,462
1999-10-21,20.208332061767578,22.916667938232422,20.0,22.083332061767578,15900,ASUR,462
1999-10-22,20.833332061767578,21.25,20.0,20.3125,11985,ASUR,462
1999-10-25,23.125,23.125,20.0,20.416667938232422,15555,ASUR,462
1999-10-26,21.666667938232422,23.333332061767578,21.25,22.5,9690,ASUR,462
1999-10-27,21.666667938232422,22.708332061767578,21.25,21.666667938232422,4215,ASUR,462
1999-10-28,20.833332061767578,21.875,20.0,21.875,23250,ASUR,462
1999-10-29,20.416667938232422,21.25,20.208332061767578,20.416667938232422,15900,ASUR,462
1999-11-01,21.666667938232422,22.5,20.833332061767578,22.291667938232422,18750,ASUR,462
1999-11-02,20.833332061767578,23.333332061767578,20.833332061767578,22.083332061767578,20925,ASUR,462
1999-11-03,24.166667938232422,24.166667938232422,20.833332061767578,20.833332061767578,46530,ASUR,462
1999-11-04,22.916667938232422,25.0,22.5,25.0,22725,ASUR,462
1999-11-05,22.5,23.75,22.083332061767578,22.708332061767578,13650,ASUR,462
1999-11-08,21.666667938232422,23.125,20.833332061767578,22.5,18675,ASUR,462
1999-11-09,20.833332061767578,21.666667938232422,20.416667938232422,21.25,28470,ASUR,462
1999-11-10,20.833332061767578,21.25,20.416667938232422,21.25,20865,ASUR,462
1999-11-11,20.625,21.25,20.0,20.833332061767578,40290,ASUR,462
1999-11-12,20.0,20.833332061767578,19.375,20.416667938232422,31815,ASUR,462
1999-11-15,21.666667938232422,21.666667938232422,20.0,20.0,35820,ASUR,462
1999-11-16,21.041667938232422,21.25,20.208332061767578,21.145832061767578,31935,ASUR,462
1999-11-17,17.5,21.041667938232422,16.041667938232422,21.041667938232422,175005,ASUR,462
1999-11-18,19.375,20.0,17.5,18.020832061767578,73065,ASUR,462
1999-11-19,21.458332061767578,21.666667938232422,19.583332061767578,20.0,66015,ASUR,462
1999-11-22,21.25,21.666667938232422,20.416667938232422,21.25,68520,ASUR,462
1999-11-23,21.25,21.666667938232422,20.833332061767578,21.458332061767578,43965,ASUR,462
1999-11-24,21.25,21.666667938232422,20.833332061767578,21.25,41400,ASUR,462
1999-11-26,21.666667938232422,21.666667938232422,21.25,21.458332061767578,12990,ASUR,462
1999-11-29,21.25,22.083332061767578,20.833332061767578,22.083332061767578,34995,ASUR,462
1999-11-30,24.166667938232422,24.583332061767578,21.041667938232422,21.041667938232422,70215,ASUR,462
1999-12-01,23.333332061767578,25.416667938232422,22.5,24.791667938232422,39240,ASUR,462
1999-12-02,22.083332061767578,23.75,22.083332061767578,23.125,10425,ASUR,462
1999-12-03,21.666667938232422,23.333332061767578,21.666667938232422,23.333332061767578,24495,ASUR,462
1999-12-06,22.083332061767578,22.5,20.833332061767578,22.083332061767578,13335,ASUR,462
1999-12-07,23.333332061767578,26.25,23.333332061767578,23.333332061767578,63945,ASUR,462
1999-12-08,23.333332061767578,24.583332061767578,22.5,23.541667938232422,28515,ASUR,462
1999-12-09,25.0,26.25,24.166667938232422,25.0,51585,ASUR,462
1999-12-10,24.791667938232422,26.25,24.166667938232422,25.833332061767578,34125,ASUR,462
1999-12-13,24.166667938232422,25.0,24.166667938232422,24.6875,25515,ASUR,462
1999-12-14,22.708332061767578,24.583332061767578,22.708332061767578,23.541667938232422,31920,ASUR,462
1999-12-15,24.166667938232422,25.833332061767578,22.5,22.8125,20415,ASUR,462
1999-12-16,23.125,25.416667938232422,22.708332061767578,25.0,42120,ASUR,462
1999-12-17,24.166667938232422,24.166667938232422,21.666667938232422,23.333332061767578,30195,ASUR,462
1999-12-20,23.333332061767578,24.166667938232422,22.916667938232422,23.958332061767578,26820,ASUR,462
1999-12-21,23.333332061767578,24.791667938232422,22.5,23.4375,34020,ASUR,462
1999-12-22,21.666667938232422,23.333332061767578,21.25,22.708332061767578,36225,ASUR,462
1999-12-23,21.458332061767578,22.708332061767578,21.25,22.083332061767578,25200,ASUR,462
1999-12-27,20.833332061767578,22.083332061767578,20.416667938232422,21.458332061767578,51195,ASUR,462
1999-12-28,20.416667938232422,21.458332061767578,20.0,21.041667938232422,64170,ASUR,462
1999-12-29,21.875,23.333332061767578,20.0,20.520832061767578,57495,ASUR,462
1999-12-30,21.041667938232422,22.916667938232422,20.416667938232422,21.875,49545,ASUR,462
1999-12-31,21.875,23.125,20.833332061767578,22.083332061767578,33225,ASUR,462
2000-01-03,22.916667938232422,22.916667938232422,21.875,22.5,24420,ASUR,462
2000-01-04,21.25,23.333332061767578,20.0,22.604167938232422,47175,ASUR,462
2000-01-05,20.833332061767578,22.5,20.208332061767578,21.979167938232422,26655,ASUR,462
2000-01-06,21.666667938232422,22.5,20.833332061767578,21.25,14805,ASUR,462
2000-01-07,21.458332061767578,22.083332061767578,20.833332061767578,20.833332061767578,26655,ASUR,462
2000-01-10,21.666667938232422,22.291667938232422,20.833332061767578,21.666667938232422,23835,ASUR,462
2000-01-11,21.25,21.666667938232422,20.833332061767578,21.666667938232422,16755,ASUR,462
2000-01-12,21.666667938232422,21.666667938232422,20.416667938232422,20.833332061767578,14115,ASUR,462
2000-01-13,20.625,21.666667938232422,20.416667938232422,21.25,19935,ASUR,462
2000-01-14,20.833332061767578,21.666667938232422,20.416667938232422,21.458332061767578,15555,ASUR,462
2000-01-18,21.041667938232422,21.666667938232422,20.625,21.458332061767578,27465,ASUR,462
2000-01-19,25.0,25.833332061767578,20.625,21.25,95580,ASUR,462
2000-01-20,29.166667938232422,30.0,25.416667938232422,25.625,133665,ASUR,462
2000-01-21,34.16666793823242,36.66666793823242,30.0,30.416667938232422,245610,ASUR,462
2000-01-24,38.125,42.5,35.83333206176758,36.66666793823242,248490,ASUR,462
2000-01-25,35.0,40.0,31.666667938232422,39.58333206176758,128265,ASUR,462
2000-01-26,31.666667938232422,35.625,31.666667938232422,35.41666793823242,57525,ASUR,462
2000-01-27,33.33333206176758,34.16666793823242,31.666667938232422,32.91666793823242,21315,ASUR,462
2000-01-28,31.25,33.33333206176758,30.0,33.33333206176758,64455,ASUR,462
2000-01-31,27.5,30.416667938232422,26.666667938232422,30.416667938232422,53325,ASUR,462
2000-02-01,29.166667938232422,30.833332061767578,26.666667938232422,27.083332061767578,33075,ASUR,462
2000-02-02,29.166667938232422,31.25,28.75,29.791667938232422,21975,ASUR,462
2000-02-03,31.666667938232422,32.08333206176758,29.583332061767578,29.583332061767578,21870,ASUR,462
2000-02-04,32.5,33.33333206176758,30.416667938232422,31.875,26475,ASUR,462
2000-02-07,31.666667938232422,33.125,27.916667938232422,32.91666793823242,24870,ASUR,462
2000-02-08,32.08333206176758,32.5,30.208332061767578,30.416667938232422,20715,ASUR,462
2000-02-09,30.0,32.08333206176758,29.791667938232422,31.875,21375,ASUR,462
2000-02-10,30.0,31.666667938232422,29.166667938232422,29.583332061767578,19230,ASUR,462
2000-02-11,29.166667938232422,30.0,28.333332061767578,29.791667938232422,19530,ASUR,462
2000-02-14,35.83333206176758,36.66666793823242,27.5,30.0,180390,ASUR,462
2000-02-15,33.33333206176758,39.16666793823242,32.08333206176758,36.25,84345,ASUR,462
2000-02-16,33.75,36.66666793823242,33.33333206176758,36.25,39555,ASUR,462
2000-02-17,39.58333206176758,40.0,33.33333206176758,35.41666793823242,122880,ASUR,462
2000-02-18,41.25,42.5,33.33333206176758,37.08333206176758,255825,ASUR,462
2000-02-22,41.875,45.0,39.58333206176758,43.33333206176758,199440,ASUR,462
2000-02-23,39.16666793823242,44.16666793823242,38.33333206176758,42.91666793823242,75015,ASUR,462
2000-02-24,40.0,40.20833206176758,38.33333206176758,38.54166793823242,65685,ASUR,462
2000-02-25,41.66666793823242,43.33333206176758,39.58333206176758,39.89583206176758,75930,ASUR,462
2000-02-28,44.58333206176758,45.83333206176758,40.83333206176758,43.02083206176758,83325,ASUR,462
2000-02-29,44.58333206176758,46.66666793823242,44.16666793823242,46.25,67830,ASUR,462
2000-03-01,48.75,49.58333206176758,45.0,46.66666793823242,116160,ASUR,462
2000-03-02,55.0,56.25,49.16666793823242,49.79166793823242,207855,ASUR,462
2000-03-03,53.54166793823242,56.66666793823242,51.66666793823242,54.6875,159675,ASUR,462
2000-03-06,61.25,63.33333206176758,57.5,61.25,333720,ASUR,462
2000-03-07,70.83333587646484,72.91666412353516,62.08333206176758,62.91666793823242,337620,ASUR,462
2000-03-08,66.66666412353516,80.0,63.33333206176758,76.66666412353516,270015,ASUR,462
2000-03-09,63.75,67.08333587646484,59.16666793823242,67.08333587646484,153885,ASUR,462
2000-03-10,67.5,70.0,63.33333206176758,65.41666412353516,187935,ASUR,462
2000-03-13,69.16666412353516,70.0,62.29166793823242,65.83333587646484,122265,ASUR,462
2000-03-14,63.33333206176758,73.33333587646484,62.5,71.66666412353516,134670,ASUR,462
2000-03-15,59.16666793823242,63.33333206176758,58.33333206176758,62.5,89190,ASUR,462
2000-03-16,55.83333206176758,59.16666793823242,47.5,58.33333206176758,175215,ASUR,462
2000-03-17,52.5,56.66666793823242,51.66666793823242,55.625,59220,ASUR,462
2000-03-20,55.0,58.33333206176758,51.66666793823242,52.29166793823242,66525,ASUR,462
2000-03-21,52.5,55.0,49.16666793823242,54.79166793823242,53505,ASUR,462
2000-03-22,53.33333206176758,53.75,50.83333206176758,51.25,37215,ASUR,462
2000-03-23,60.83333206176758,61.66666793823242,52.91666793823242,53.33333206176758,72435,ASUR,462
2000-03-24,59.16666793823242,61.66666793823242,55.83333206176758,61.66666793823242,42540,ASUR,462
2000-03-27,56.45833206176758,60.0,56.45833206176758,60.0,62235,ASUR,462
2000-03-28,54.16666793823242,59.16666793823242,53.33333206176758,55.0,37770,ASUR,462
2000-03-29,51.04166793823242,54.16666793823242,48.75,54.16666793823242,50790,ASUR,462
2000-03-30,52.08333206176758,53.33333206176758,45.41666793823242,47.08333206176758,82230,ASUR,462
2000-03-31,51.66666793823242,55.83333206176758,47.91666793823242,52.5,23295,ASUR,462
2000-04-03,49.16666793823242,56.66666793823242,49.16666793823242,56.25,27975,ASUR,462
2000-04-04,40.0,49.58333206176758,32.5,49.16666793823242,137685,ASUR,462
2000-04-05,45.83333206176758,48.33333206176758,40.0,40.83333206176758,65295,ASUR,462
2000-04-06,46.25,47.5,42.91666793823242,45.83333206176758,26790,ASUR,462
2000-04-07,42.70833206176758,46.66666793823242,42.5,46.25,14760,ASUR,462
2000-04-10,37.29166793823242,44.16666793823242,36.66666793823242,44.16666793823242,26940,ASUR,462
2000-04-11,34.58333206176758,38.33333206176758,33.33333206176758,35.83333206176758,109395,ASUR,462
2000-04-12,32.91666793823242,35.83333206176758,27.916667938232422,35.625,77100,ASUR,462
2000-04-13,30.208332061767578,36.66666793823242,28.333332061767578,36.66666793823242,63525,ASUR,462
2000-04-14,26.875,31.666667938232422,26.458332061767578,30.416667938232422,90810,ASUR,462
2000-04-17,25.833332061767578,26.25,21.666667938232422,21.875,129870,ASUR,462
2000-04-18,28.125,31.666667938232422,23.75,26.666667938232422,41610,ASUR,462
2000-04-19,27.5,30.0,25.0,28.333332061767578,39135,ASUR,462
2000-04-20,26.666667938232422,29.166667938232422,25.0,28.333332061767578,17580,ASUR,462
2000-04-24,29.583332061767578,29.583332061767578,26.041667938232422,27.083332061767578,28890,ASUR,462
2000-04-25,31.666667938232422,32.08333206176758,28.333332061767578,29.791667938232422,35250,ASUR,462
2000-04-26,30.416667938232422,33.33333206176758,30.0,32.91666793823242,28815,ASUR,462
2000-04-27,31.666667938232422,32.08333206176758,29.166667938232422,30.729167938232422,36060,ASUR,462
2000-04-28,27.916667938232422,32.5,27.916667938232422,32.08333206176758,30855,ASUR,462
2000-05-01,30.625,31.666667938232422,25.416667938232422,25.416667938232422,24330,ASUR,462
2000-05-02,30.208332061767578,31.25,29.166667938232422,30.416667938232422,16725,ASUR,462
2000-05-03,30.0,31.666667938232422,28.333332061767578,30.0,10875,ASUR,462
2000-05-04,29.166667938232422,30.833332061767578,28.333332061767578,30.208332061767578,7395,ASUR,462
2000-05-05,32.08333206176758,32.08333206176758,28.333332061767578,29.583332061767578,17385,ASUR,462
2000-05-08,31.666667938232422,35.0,29.166667938232422,29.166667938232422,24705,ASUR,462
2000-05-09,32.91666793823242,33.125,31.666667938232422,32.39583206176758,26505,ASUR,462
2000-05-10,31.25,33.125,30.0,33.02083206176758,25530,ASUR,462
2000-05-11,31.041667938232422,32.08333206176758,30.625,31.666667938232422,15855,ASUR,462
2000-05-12,32.5,32.91666793823242,30.833332061767578,32.08333206176758,17805,ASUR,462
2000-05-15,31.041667938232422,32.91666793823242,31.041667938232422,31.875,14100,ASUR,462
2000-05-16,31.25,33.125,30.833332061767578,31.25,26385,ASUR,462
2000-05-17,31.666667938232422,32.5,30.520832061767578,32.29166793823242,18735,ASUR,462
2000-05-18,30.833332061767578,31.666667938232422,30.0,31.25,15870,ASUR,462
2000-05-19,31.25,31.666667938232422,30.0,31.666667938232422,28860,ASUR,462
2000-05-22,26.25,31.458332061767578,25.416667938232422,31.25,39600,ASUR,462
2000-05-23,26.666667938232422,27.916667938232422,25.208332061767578,27.083332061767578,28245,ASUR,462
2000-05-24,26.25,27.5,25.0,26.666667938232422,23835,ASUR,462
2000-05-25,24.583332061767578,26.666667938232422,24.166667938232422,26.666667938232422,13275,ASUR,462
2000-05-26,23.75,25.208332061767578,22.916667938232422,24.583332061767578,11055,ASUR,462
2000-05-30,22.916667938232422,25.416667938232422,22.916667938232422,24.166667938232422,31650,ASUR,462
2000-05-31,23.333332061767578,25.0,21.875,21.875,18510,ASUR,462
2000-06-01,24.166667938232422,25.208332061767578,23.333332061767578,23.958332061767578,17865,ASUR,462
2000-06-02,29.166667938232422,29.583332061767578,23.75,23.75,43110,ASUR,462
2000-06-05,26.666667938232422,29.583332061767578,25.416667938232422,29.583332061767578,10965,ASUR,462
2000-06-06,30.0,30.625,26.666667938232422,26.666667938232422,14790,ASUR,462
2000-06-07,29.583332061767578,30.416667938232422,28.333332061767578,30.3125,24900,ASUR,462
2000-06-08,27.5,29.583332061767578,26.666667938232422,28.333332061767578,18465,ASUR,462
2000-06-09,28.333332061767578,29.583332061767578,26.875,28.541667938232422,13755,ASUR,462
2000-06-12,29.166667938232422,29.583332061767578,26.041667938232422,29.166667938232422,30510,ASUR,462
2000-06-13,27.5,30.416667938232422,26.666667938232422,29.166667938232422,36375,ASUR,462
2000-06-14,25.833332061767578,27.5,25.0,26.979167938232422,33015,ASUR,462
2000-06-15,26.666667938232422,27.083332061767578,23.75,26.666667938232422,30765,ASUR,462
2000-06-16,26.666667938232422,27.083332061767578,24.166667938232422,26.666667938232422,30285,ASUR,462
2000-06-19,25.416667938232422,27.5,25.0,27.291667938232422,28380,ASUR,462
2000-06-20,27.083332061767578,27.083332061767578,24.375,25.0,21960,ASUR,462
2000-06-21,25.0,26.666667938232422,24.583332061767578,26.458332061767578,23265,ASUR,462
2000-06-22,24.583332061767578,25.833332061767578,24.166667938232422,25.0,18525,ASUR,462
2000-06-23,24.166667938232422,24.791667938232422,24.166667938232422,24.6875,6660,ASUR,462
2000-06-26,23.75,25.833332061767578,23.75,24.166667938232422,8670,ASUR,462
2000-06-27,24.791667938232422,25.833332061767578,23.333332061767578,24.583332061767578,15390,ASUR,462
2000-06-28,25.833332061767578,26.25,24.583332061767578,25.625,8625,ASUR,462
2000-06-29,25.0,26.25,24.166667938232422,24.270832061767578,9930,ASUR,462
2000-06-30,25.0,25.833332061767578,24.166667938232422,25.208332061767578,12195,ASUR,462
2000-07-03,24.375,25.416667938232422,23.333332061767578,25.0,1515,ASUR,462
2000-07-05,23.75,25.0,23.75,23.958332061767578,10245,ASUR,462
2000-07-06,24.166667938232422,24.166667938232422,23.541667938232422,23.75,5550,ASUR,462
2000-07-07,25.0,25.0,24.166667938232422,24.895832061767578,18435,ASUR,462
2000-07-10,23.958332061767578,24.166667938232422,23.333332061767578,23.958332061767578,17175,ASUR,462
2000-07-11,23.333332061767578,24.166667938232422,22.916667938232422,23.854167938232422,22515,ASUR,462
2000-07-12,26.458332061767578,27.5,22.5,23.020832061767578,59085,ASUR,462
2000-07-13,28.333332061767578,29.583332061767578,25.416667938232422,26.875,60765,ASUR,462
2000-07-14,29.166667938232422,32.5,27.916667938232422,31.666667938232422,43665,ASUR,462
2000-07-17,27.5,29.375,26.25,29.270832061767578,17160,ASUR,462
2000-07-18,27.083332061767578,27.5,26.666667938232422,26.875,12945,ASUR,462
2000-07-19,25.0,27.083332061767578,24.583332061767578,26.979167938232422,13395,ASUR,462
2000-07-20,24.583332061767578,27.083332061767578,24.583332061767578,24.791667938232422,17505,ASUR,462
2000-07-21,24.583332061767578,27.916667938232422,24.166667938232422,27.916667938232422,12870,ASUR,462
2000-07-24,24.166667938232422,26.458332061767578,24.166667938232422,24.166667938232422,10920,ASUR,462
2000-07-25,24.583332061767578,26.666667938232422,24.166667938232422,24.375,12615,ASUR,462
2000-07-26,24.166667938232422,25.0,23.541667938232422,24.375,7410,ASUR,462
2000-07-27,21.666667938232422,24.166667938232422,21.458332061767578,24.166667938232422,26160,ASUR,462
2000-07-28,21.875,22.5,21.25,21.666667938232422,17415,ASUR,462
2000-07-31,20.416667938232422,21.666667938232422,20.0,21.041667938232422,11895,ASUR,462
2000-08-01,22.916667938232422,22.916667938232422,20.0,20.416667938232422,14835,ASUR,462
2000-08-02,21.25,22.916667938232422,20.833332061767578,22.916667938232422,11280,ASUR,462
2000-08-03,20.208332061767578,21.25,20.0,20.208332061767578,15915,ASUR,462
2000-08-04,21.25,21.875,20.416667938232422,21.875,15090,ASUR,462
2000-08-07,20.833332061767578,21.25,20.0,20.833332061767578,11715,ASUR,462
2000-08-08,20.833332061767578,22.291667938232422,20.625,20.833332061767578,13575,ASUR,462
2000-08-09,21.666667938232422,23.75,20.625,20.833332061767578,18015,ASUR,462
2000-08-10,21.979167938232422,23.75,21.666667938232422,22.5,8355,ASUR,462
2000-08-11,22.916667938232422,23.75,21.666667938232422,21.979167938232422,8490,ASUR,462
2000-08-14,23.333332061767578,24.166667938232422,22.083332061767578,23.541667938232422,7740,ASUR,462
2000-08-15,22.916667938232422,22.916667938232422,20.833332061767578,22.708332061767578,5295,ASUR,462
2000-08-16,21.666667938232422,22.5,20.416667938232422,20.625,12645,ASUR,462
2000-08-17,21.666667938232422,22.5,21.458332061767578,21.458332061767578,6555,ASUR,462
2000-08-18,21.041667938232422,21.666667938232422,20.833332061767578,21.25,12720,ASUR,462
2000-08-21,20.833332061767578,21.458332061767578,20.416667938232422,21.354167938232422,19980,ASUR,462
2000-08-22,22.083332061767578,22.5,20.416667938232422,21.666667938232422,14265,ASUR,462
2000-08-23,21.666667938232422,23.75,20.833332061767578,22.916667938232422,28230,ASUR,462
2000-08-24,22.5,23.75,20.416667938232422,21.770832061767578,28275,ASUR,462
2000-08-25,21.25,22.916667938232422,20.416667938232422,22.5,19365,ASUR,462
2000-08-28,22.5,24.166667938232422,21.041667938232422,21.666667938232422,55875,ASUR,462
2000-08-29,22.083332061767578,22.5,20.833332061767578,21.666667938232422,36510,ASUR,462
2000-08-30,20.0,22.291667938232422,20.0,21.875,55875,ASUR,462
2000-08-31,20.833332061767578,21.458332061767578,20.208332061767578,20.3125,39450,ASUR,462
2000-09-01,20.416667938232422,21.25,20.416667938232422,20.9375,22005,ASUR,462
2000-09-05,20.833332061767578,21.25,20.625,21.145832061767578,38730,ASUR,462
2000-09-06,20.208332061767578,21.875,20.0,20.520832061767578,27090,ASUR,462
2000-09-07,20.208332061767578,20.416667938232422,20.0,20.3125,24510,ASUR,462
2000-09-08,20.0,20.416667938232422,19.583332061767578,20.208332061767578,29445,ASUR,462
2000-09-11,19.166667938232422,19.791667938232422,18.333332061767578,19.791667938232422,19155,ASUR,462
2000-09-12,19.166667938232422,20.0,17.083332061767578,19.270832061767578,61485,ASUR,462
2000-09-13,18.958332061767578,20.0,18.75,19.166667938232422,7395,ASUR,462
2000-09-14,18.75,20.0,18.333332061767578,19.791667938232422,11400,ASUR,462
2000-09-15,17.5,19.166667938232422,17.291667938232422,18.333332061767578,24090,ASUR,462
2000-09-18,18.75,19.791667938232422,17.916667938232422,18.541667938232422,27075,ASUR,462
2000-09-19,17.5,18.854167938232422,17.5,18.541667938232422,15990,ASUR,462
2000-09-20,17.5,18.333332061767578,17.083332061767578,17.916667938232422,18405,ASUR,462
2000-09-21,17.5,18.75,16.666667938232422,18.75,17715,ASUR,462
2000-09-22,16.25,17.291667938232422,15.416666984558105,16.875,32160,ASUR,462
2000-09-25,18.75,19.791667938232422,16.666667938232422,17.5,31320,ASUR,462
2000-09-26,16.875,19.375,16.25,19.166667938232422,14070,ASUR,462
2000-09-27,16.25,18.333332061767578,15.416666984558105,17.916667938232422,19245,ASUR,462
2000-09-28,16.25,17.291667938232422,15.625,17.083332061767578,7410,ASUR,462
2000-09-29,16.25,16.666667938232422,15.833333015441895,15.833333015441895,17055,ASUR,462
2000-10-02,16.25,17.291667938232422,16.041667938232422,16.041667938232422,21930,ASUR,462
2000-10-03,15.833333015441895,16.666667938232422,15.625,16.25,7305,ASUR,462
2000-10-04,15.416666984558105,16.458332061767578,15.208333015441895,16.458332061767578,19560,ASUR,462
2000-10-05,15.0,15.833333015441895,14.166666984558105,15.3125,16680,ASUR,462
2000-10-06,14.583333015441895,15.416666984558105,13.75,14.375,22005,ASUR,462
2000-10-09,13.75,14.791666984558105,13.541666984558105,14.166666984558105,20925,ASUR,462
2000-10-10,13.541666984558105,14.166666984558105,13.333333015441895,13.541666984558105,19290,ASUR,462
2000-10-11,12.916666984558105,13.958333015441895,12.916666984558105,13.958333015441895,32550,ASUR,462
2000-10-12,11.875,13.333333015441895,11.25,12.916666984558105,40500,ASUR,462
2000-10-13,13.75,13.75,11.458333015441895,11.666666984558105,20175,ASUR,462
2000-10-16,14.166666984558105,15.833333015441895,13.541666984558105,14.166666984558105,14415,ASUR,462
2000-10-17,12.708333015441895,14.166666984558105,12.708333015441895,13.541666984558105,17235,ASUR,462
2000-10-18,12.916666984558105,13.125,12.083333015441895,12.8125,8925,ASUR,462
2000-10-19,13.333333015441895,13.333333015441895,12.5,12.604166984558105,19095,ASUR,462
2000-10-20,13.125,13.333333015441895,12.5,13.333333015441895,15105,ASUR,462
2000-10-23,12.916666984558105,13.333333015441895,12.5,12.708333015441895,5250,ASUR,462
2000-10-24,12.291666984558105,12.916666984558105,11.666666984558105,12.916666984558105,21780,ASUR,462
2000-10-25,11.875,12.708333015441895,11.875,12.1875,9900,ASUR,462
2000-10-26,11.25,12.5,11.25,11.875,8850,ASUR,462
2000-10-27,11.875,12.291666984558105,10.625,11.25,10065,ASUR,462
2000-10-30,12.291666984558105,12.291666984558105,11.666666984558105,11.666666984558105,4485,ASUR,462
2000-10-31,12.5,12.5,11.666666984558105,12.291666984558105,13245,ASUR,462
2000-11-01,12.083333015441895,12.916666984558105,11.666666984558105,12.1875,6945,ASUR,462
2000-11-02,12.291666984558105,13.125,11.875,12.083333015441895,13635,ASUR,462
2000-11-03,11.666666984558105,12.5,11.25,12.5,19050,ASUR,462
2000-11-06,13.125,13.125,10.833333015441895,11.666666984558105,16710,ASUR,462
2000-11-07,13.333333015441895,13.333333015441895,12.291666984558105,12.291666984558105,20835,ASUR,462
2000-11-08,12.916666984558105,13.333333015441895,12.5,13.125,5835,ASUR,462
2000-11-09,12.916666984558105,13.333333015441895,12.083333015441895,12.708333015441895,38865,ASUR,462
2000-11-10,13.75,13.958333015441895,12.708333015441895,12.708333015441895,14115,ASUR,462
2000-11-13,12.8125,13.958333015441895,11.041666984558105,13.75,24690,ASUR,462
2000-11-14,12.916666984558105,13.125,12.291666984558105,12.708333015441895,15525,ASUR,462
2000-11-15,12.916666984558105,13.333333015441895,12.5,12.708333015441895,15165,ASUR,462
2000-11-16,13.333333015441895,13.75,12.5,12.916666984558105,9285,ASUR,462
2000-11-17,14.375,15.0,12.5,13.229166984558105,22695,ASUR,462
2000-11-20,13.333333015441895,13.75,11.25,13.541666984558105,10785,ASUR,462
2000-11-21,12.083333015441895,13.333333015441895,11.666666984558105,12.8125,11745,ASUR,462
2000-11-22,11.041666984558105,12.5,11.041666984558105,12.5,21465,ASUR,462
2000-11-24,11.25,11.875,10.833333015441895,10.833333015441895,6900,ASUR,462
2000-11-27,11.25,12.5,10.833333015441895,11.354166984558105,18225,ASUR,462
2000-11-28,11.25,12.291666984558105,10.833333015441895,11.770833015441895,9390,ASUR,462
2000-11-29,11.354166984558105,12.291666984558105,10.833333015441895,12.291666984558105,15390,ASUR,462
2000-11-30,9.375,10.416666984558105,7.9166669845581055,9.583333015441895,31665,ASUR,462
2000-12-01,8.541666984558105,9.583333015441895,7.9166669845581055,9.375,11820,ASUR,462
2000-12-04,8.958333015441895,9.583333015441895,7.9166669845581055,8.541666984558105,43665,ASUR,462
2000-12-05,7.9166669845581055,10.0,7.9166669845581055,8.645833015441895,10455,ASUR,462
2000-12-06,8.75,10.0,8.125,8.333333015441895,15975,ASUR,462
2000-12-07,10.0,10.833333015441895,8.75,8.75,16515,ASUR,462
2000-12-08,10.833333015441895,11.666666984558105,9.166666984558105,10.0,11280,ASUR,462
2000-12-11,10.0,11.666666984558105,9.375,11.666666984558105,20520,ASUR,462
2000-12-12,9.375,10.833333015441895,9.166666984558105,9.375,9180,ASUR,462
2000-12-13,8.333333015441895,9.791666984558105,8.333333015441895,9.6875,21315,ASUR,462
2000-12-14,8.75,9.166666984558105,8.333333015441895,8.333333015441895,14370,ASUR,462
2000-12-15,9.375,9.583333015441895,7.9166669845581055,8.333333015441895,19485,ASUR,462
2000-12-18,8.125,9.583333015441895,7.2916669845581055,8.4375,87090,ASUR,462
2000-12-19,7.0833330154418945,8.125,6.6666669845581055,7.8125,55500,ASUR,462
2000-12-20,6.875,8.333333015441895,6.6666669845581055,6.875,47370,ASUR,462
2000-12-21,6.25,6.875,5.8333330154418945,6.4583330154418945,62610,ASUR,462
2000-12-22,5.8333330154418945,6.6666669845581055,5.4166669845581055,6.0416669845581055,59520,ASUR,462
2000-12-26,6.25,6.6666669845581055,5.2083330154418945,5.9375,62310,ASUR,462
2000-12-27,6.25,7.0833330154418945,5.4166669845581055,5.625,48990,ASUR,462
2000-12-28,5.8333330154418945,6.25,5.4166669845581055,5.8333330154418945,77760,ASUR,462
2000-12-29,5.8333330154418945,6.4583330154418945,4.7916669845581055,5.0,88095,ASUR,462
2001-01-02,7.9166669845581055,8.333333015441895,6.0416669845581055,6.1458330154418945,13185,ASUR,462
2001-01-03,8.333333015441895,8.333333015441895,7.0833330154418945,7.9166669845581055,10740,ASUR,462
2001-01-04,8.75,9.166666984558105,7.9166669845581055,8.645833015441895,14265,ASUR,462
2001-01-05,9.583333015441895,10.0,8.958333015441895,9.791666984558105,16005,ASUR,462
2001-01-08,8.958333015441895,10.0,8.75,10.0,13665,ASUR,462
2001-01-09,8.75,9.375,8.333333015441895,8.75,4950,ASUR,462
2001-01-10,9.375,9.583333015441895,8.75,8.75,7515,ASUR,462
2001-01-11,9.166666984558105,9.791666984558105,8.75,8.75,7710,ASUR,462
2001-01-12,9.791666984558105,10.0,8.958333015441895,9.375,6525,ASUR,462
2001-01-16,9.583333015441895,10.0,9.375,9.583333015441895,5340,ASUR,462
2001-01-17,9.583333015441895,10.0,9.166666984558105,9.791666984558105,17460,ASUR,462
2001-01-18,9.375,9.583333015441895,8.958333015441895,9.270833015441895,7560,ASUR,462
2001-01-19,9.583333015441895,9.791666984558105,9.166666984558105,9.583333015441895,7170,ASUR,462
2001-01-22,9.583333015441895,10.0,8.958333015441895,8.958333015441895,6195,ASUR,462
2001-01-23,9.791666984558105,9.791666984558105,8.958333015441895,9.583333015441895,11730,ASUR,462
2001-01-24,9.791666984558105,10.0,9.166666984558105,9.583333015441895,5475,ASUR,462
2001-01-25,9.791666984558105,10.0,9.166666984558105,9.166666984558105,15075,ASUR,462
2001-01-26,10.0,10.0,9.375,9.583333015441895,5895,ASUR,462
2001-01-29,9.791666984558105,9.791666984558105,9.375,9.375,3210,ASUR,462
2001-01-30,11.041666984558105,11.458333015441895,10.0,10.833333015441895,14400,ASUR,462
2001-01-31,9.583333015441895,11.458333015441895,9.583333015441895,11.25,6330,ASUR,462
2001-02-01,11.041666984558105,11.25,9.791666984558105,11.25,3300,ASUR,462
2001-02-02,9.6875,10.0,8.75,10.0,8175,ASUR,462
2001-02-05,9.791666984558105,10.833333015441895,9.375,10.625,3510,ASUR,462
2001-02-06,10.0,10.0,9.583333015441895,9.6875,2505,ASUR,462
2001-02-07,9.583333015441895,10.0,9.166666984558105,9.791666984558105,6675,ASUR,462
2001-02-08,9.583333015441895,10.0,8.75,9.791666984558105,6180,ASUR,462
2001-02-09,9.166666984558105,9.375,8.333333015441895,8.854166984558105,2835,ASUR,462
2001-02-12,8.75,8.958333015441895,8.541666984558105,8.645833015441895,4740,ASUR,462
2001-02-13,9.166666984558105,9.375,8.645833015441895,8.645833015441895,4095,ASUR,462
2001-02-14,8.958333015441895,10.833333015441895,8.75,9.375,9060,ASUR,462
2001-02-15,9.166666984558105,9.583333015441895,8.75,8.75,5040,ASUR,462
2001-02-16,8.75,9.166666984558105,8.333333015441895,8.75,7575,ASUR,462
2001-02-20,9.166666984558105,9.791666984558105,8.333333015441895,8.854166984558105,6195,ASUR,462
2001-02-21,8.333333015441895,9.166666984558105,8.333333015441895,8.75,3345,ASUR,462
2001-02-22,8.333333015441895,9.375,8.125,8.854166984558105,11700,ASUR,462
2001-02-23,8.125,8.333333015441895,7.5,8.125,6120,ASUR,462
2001-02-26,8.541666984558105,9.791666984558105,7.6041669845581055,7.6041669845581055,17880,ASUR,462
2001-02-27,8.125,9.166666984558105,7.7083330154418945,8.541666984558105,6525,ASUR,462
2001-02-28,7.7083330154418945,8.958333015441895,7.7083330154418945,8.958333015441895,4230,ASUR,462
2001-03-01,7.5,8.125,7.0833330154418945,7.7083330154418945,6945,ASUR,462
2001-03-02,8.75,8.75,7.0833330154418945,7.0833330154418945,14070,ASUR,462
2001-03-05,8.125,8.541666984558105,7.5,8.4375,3660,ASUR,462
2001-03-06,7.5,8.333333015441895,7.5,8.333333015441895,4170,ASUR,462
2001-03-07,7.9166669845581055,8.125,7.5,7.8125,1890,ASUR,462
2001-03-08,7.9166669845581055,8.125,7.5,7.8125,3450,ASUR,462
2001-03-09,7.2916669845581055,8.020833015441895,7.0833330154418945,7.9166669845581055,7020,ASUR,462
2001-03-12,7.2916669845581055,7.5,7.0833330154418945,7.2916669845581055,5415,ASUR,462
2001-03-13,7.7083330154418945,8.125,7.0833330154418945,7.3958330154418945,6570,ASUR,462
2001-03-14,8.333333015441895,8.333333015441895,7.0833330154418945,7.7083330154418945,7410,ASUR,462
2001-03-15,7.5,7.7083330154418945,7.0833330154418945,7.6041669845581055,5280,ASUR,462
2001-03-16,7.0833330154418945,7.9166669845581055,7.0833330154418945,7.3958330154418945,6855,ASUR,462
2001-03-19,7.0833330154418945,7.5,6.6666669845581055,6.6666669845581055,5235,ASUR,462
2001-03-20,7.5,7.7083330154418945,6.875,7.5,5955,ASUR,462
2001-03-21,6.875,7.7083330154418945,6.875,7.7083330154418945,2220,ASUR,462
2001-03-22,6.4583330154418945,6.7708330154418945,6.25,6.6666669845581055,24465,ASUR,462
2001-03-23,6.875,7.5,6.6666669845581055,6.6666669845581055,9225,ASUR,462
2001-03-26,6.6666669845581055,7.0833330154418945,6.6666669845581055,6.7708330154418945,5910,ASUR,462
2001-03-27,6.4583330154418945,7.5,6.25,7.3958330154418945,26310,ASUR,462
2001-03-28,6.25,6.6666669845581055,6.25,6.4583330154418945,2400,ASUR,462
2001-03-29,6.25,6.6666669845581055,6.0416669845581055,6.4583330154418945,14115,ASUR,462
2001-03-30,5.8333330154418945,6.4583330154418945,5.0,6.4583330154418945,45855,ASUR,462
2001-04-02,5.2083330154418945,5.9375,5.2083330154418945,5.9375,7170,ASUR,462
2001-04-03,5.4166669845581055,6.4583330154418945,5.0,5.5208330154418945,17070,ASUR,462
2001-04-04,5.0,6.25,4.7916669845581055,5.625,20760,ASUR,462
2001-04-05,5.2083330154418945,5.4166669845581055,5.0,5.0,5250,ASUR,462
2001-04-06,5.2083330154418945,5.8333330154418945,5.0,5.4166669845581055,7995,ASUR,462
2001-04-09,5.533332824707031,5.866666793823242,5.266666889190674,5.800000190734863,2745,ASUR,462
2001-04-10,6.199999809265137,6.3333330154418945,5.533332824707031,5.533332824707031,10020,ASUR,462
2001-04-11,8.333333015441895,8.466667175292969,6.6666669845581055,6.6666669845581055,34665,ASUR,462
2001-04-12,9.133333206176758,9.333333015441895,8.333333015441895,9.066666603088379,15600,ASUR,462
2001-04-16,9.266667366027832,9.266667366027832,8.399999618530273,9.0,12150,ASUR,462
2001-04-17,8.800000190734863,9.199999809265137,8.399999618530273,9.133333206176758,12675,ASUR,462
2001-04-18,9.133333206176758,9.333333015441895,8.266667366027832,8.866666793823242,21075,ASUR,462
2001-04-19,9.600000381469727,9.866666793823242,9.266667366027832,9.333333015441895,12825,ASUR,462
2001-04-20,9.666666984558105,9.866666793823242,9.333333015441895,9.600000381469727,10140,ASUR,462
2001-04-23,8.933333396911621,9.466667175292969,8.800000190734863,9.066666603088379,6885,ASUR,462
2001-04-24,9.0,9.266667366027832,8.666666984558105,8.933333396911621,4560,ASUR,462
2001-04-25,9.333333015441895,9.333333015441895,8.666666984558105,8.666666984558105,17955,ASUR,462
2001-04-26,9.066666603088379,9.333333015441895,8.866666793823242,9.333333015441895,6570,ASUR,462
2001-04-27,8.733332633972168,9.133333206176758,8.533332824707031,8.933333396911621,1110,ASUR,462
2001-04-30,8.733332633972168,9.0,8.533332824707031,8.733332633972168,6375,ASUR,462
2001-05-01,8.199999809265137,9.0,8.199999809265137,8.933333396911621,14445,ASUR,462
2001-05-02,8.533332824707031,8.800000190734863,7.466667175292969,8.0,9765,ASUR,462
2001-05-03,9.199999809265137,9.199999809265137,8.066666603088379,8.266667366027832,12285,ASUR,462
2001-05-04,9.066666603088379,9.666666984558105,9.0,9.199999809265137,6465,ASUR,462
2001-05-07,8.666666984558105,9.066666603088379,8.333333015441895,9.0,5250,ASUR,462
2001-05-08,9.333333015441895,9.333333015441895,8.666666984558105,8.666666984558105,4695,ASUR,462
2001-05-09,9.333333015441895,9.333333015441895,9.0,9.0,8130,ASUR,462
2001-05-10,9.0,9.266667366027832,9.0,9.266667366027832,1875,ASUR,462
2001-05-11,9.266667366027832,9.333333015441895,9.0,9.0,8940,ASUR,462
2001-05-14,9.199999809265137,9.199999809265137,8.933333396911621,9.0,4830,ASUR,462
2001-05-15,9.0,9.133333206176758,8.933333396911621,9.0,24015,ASUR,462
2001-05-16,9.0,9.066666603088379,8.866666793823242,9.0,8175,ASUR,462
2001-05-17,8.866666793823242,9.0,8.866666793823242,9.0,2865,ASUR,462
2001-05-18,9.0,9.0,8.266667366027832,8.800000190734863,8835,ASUR,462
2001-05-21,9.0,9.266667366027832,8.666666984558105,8.666666984558105,11535,ASUR,462
2001-05-22,9.266667366027832,9.266667366027832,8.933333396911621,8.933333396911621,11100,ASUR,462
2001-05-23,9.133333206176758,9.266667366027832,8.666666984558105,8.733332633972168,8745,ASUR,462
2001-05-24,9.466667175292969,9.533332824707031,8.800000190734863,8.800000190734863,13455,ASUR,462
2001-05-25,9.333333015441895,10.066666603088379,8.933333396911621,9.266667366027832,16740,ASUR,462
2001-05-29,9.933333396911621,9.933333396911621,9.666666984558105,9.866666793823242,11130,ASUR,462
2001-05-30,10.0,10.0,9.533332824707031,9.800000190734863,16995,ASUR,462
2001-05-31,9.266667366027832,9.800000190734863,8.399999618530273,9.800000190734863,16290,ASUR,462
2001-06-01,8.466667175292969,8.800000190734863,8.399999618530273,8.800000190734863,2580,ASUR,462
2001-06-04,8.266667366027832,8.733332633972168,8.0,8.399999618530273,6750,ASUR,462
2001-06-05,8.266667366027832,8.733332633972168,8.0,8.199999809265137,5910,ASUR,462
2001-06-06,8.333333015441895,8.666666984558105,8.333333015441895,8.333333015441895,1770,ASUR,462
2001-06-07,8.0,8.333333015441895,8.0,8.333333015441895,750,ASUR,462
2001-06-08,8.0,8.533332824707031,7.599999904632568,8.0,7710,ASUR,462
2001-06-11,7.6666669845581055,7.800000190734863,7.0,7.6666669845581055,5175,ASUR,462
2001-06-12,7.0,7.266666889190674,6.800000190734863,7.133333206176758,6585,ASUR,462
2001-06-13,7.3333330154418945,7.3333330154418945,6.866666793823242,6.933332920074463,7875,ASUR,462
2001-06-14,7.466667175292969,7.933332920074463,7.066667079925537,7.3333330154418945,6690,ASUR,462
2001-06-15,6.800000190734863,7.533332824707031,6.6666669845581055,7.466667175292969,8235,ASUR,462
2001-06-18,6.800000190734863,7.0,6.800000190734863,6.800000190734863,6270,ASUR,462
2001-06-19,6.733333110809326,6.933332920074463,6.6666669845581055,6.800000190734863,16785,ASUR,462
2001-06-20,6.199999809265137,6.6666669845581055,5.933332920074463,6.6666669845581055,5370,ASUR,462
2001-06-21,6.466667175292969,6.466667175292969,6.066667079925537,6.199999809265137,3150,ASUR,462
2001-06-22,6.400000095367432,6.533332824707031,6.0,6.266666889190674,6180,ASUR,462
2001-06-25,6.266666889190674,6.599999904632568,6.133333206176758,6.400000095367432,2505,ASUR,462
2001-06-26,6.466667175292969,7.0,6.133333206176758,6.199999809265137,6255,ASUR,462
2001-06-27,7.0,7.199999809265137,6.400000095367432,6.400000095367432,1605,ASUR,462
2001-06-28,7.733333110809326,7.733333110809326,6.800000190734863,7.133333206176758,5685,ASUR,462
2001-06-29,7.733333110809326,8.133333206176758,7.466667175292969,7.599999904632568,3810,ASUR,462
2001-07-02,7.199999809265137,8.133333206176758,6.800000190734863,8.133333206176758,5940,ASUR,462
2001-07-03,7.800000190734863,8.066666603088379,7.3333330154418945,7.6666669845581055,4380,ASUR,462
2001-07-05,8.066666603088379,8.333333015441895,7.733333110809326,7.866666793823242,8610,ASUR,462
2001-07-06,7.599999904632568,7.933332920074463,7.466667175292969,7.933332920074463,2310,ASUR,462
2001-07-09,7.599999904632568,8.0,7.599999904632568,7.6666669845581055,705,ASUR,462
2001-07-10,7.466667175292969,7.466667175292969,7.400000095367432,7.400000095367432,570,ASUR,462
2001-07-11,7.3333330154418945,7.733333110809326,7.133333206176758,7.599999904632568,6990,ASUR,462
2001-07-12,7.3333330154418945,7.599999904632568,7.133333206176758,7.133333206176758,7080,ASUR,462
2001-07-13,8.066666603088379,9.0,7.3333330154418945,7.599999904632568,18885,ASUR,462
2001-07-16,7.933332920074463,7.933332920074463,7.3333330154418945,7.400000095367432,2910,ASUR,462
2001-07-17,9.0,9.0,7.866666793823242,7.866666793823242,20370,ASUR,462
2001-07-18,8.333333015441895,8.933333396911621,7.6666669845581055,8.399999618530273,6720,ASUR,462
2001-07-19,7.733333110809326,8.333333015441895,7.6666669845581055,7.6666669845581055,4065,ASUR,462
2001-07-20,8.199999809265137,8.266667366027832,7.800000190734863,7.800000190734863,2190,ASUR,462
2001-07-23,7.533332824707031,7.800000190734863,7.466667175292969,7.800000190734863,14535,ASUR,462
2001-07-24,7.266666889190674,7.533332824707031,7.0,7.466667175292969,11700,ASUR,462
2001-07-25,6.800000190734863,7.0,6.6666669845581055,7.0,28890,ASUR,462
2001-07-26,6.6666669845581055,6.933332920074463,6.6666669845581055,6.733333110809326,8625,ASUR,462
2001-07-27,6.733333110809326,7.0,6.6666669845581055,6.933332920074463,7260,ASUR,462
2001-07-30,6.933332920074463,7.0,6.6666669845581055,7.0,13380,ASUR,462
2001-07-31,6.6666669845581055,6.933332920074463,6.6666669845581055,6.733333110809326,12855,ASUR,462
2001-08-01,6.6666669845581055,7.3333330154418945,6.6666669845581055,6.6666669845581055,9255,ASUR,462
2001-08-02,6.6666669845581055,7.133333206176758,6.6666669845581055,7.066667079925537,5445,ASUR,462
2001-08-03,6.800000190734863,6.866666793823242,6.6666669845581055,6.866666793823242,7095,ASUR,462
2001-08-06,6.6666669845581055,6.866666793823242,6.466667175292969,6.866666793823242,9915,ASUR,462
2001-08-07,6.533332824707031,6.933332920074463,6.466667175292969,6.866666793823242,5625,ASUR,462
2001-08-08,6.133333206176758,6.599999904632568,6.0,6.599999904632568,23430,ASUR,462
2001-08-09,6.0,6.199999809265137,5.533332824707031,6.199999809265137,4245,ASUR,462
2001-08-10,7.0,7.0,6.0,6.0,3675,ASUR,462
2001-08-13,6.6666669845581055,6.6666669845581055,6.0,6.533332824707031,373110,ASUR,462
2001-08-14,6.733333110809326,6.800000190734863,6.533332824707031,6.800000190734863,675,ASUR,462
2001-08-15,6.533332824707031,6.933332920074463,5.6666669845581055,6.800000190734863,12960,ASUR,462
2001-08-16,6.533332824707031,6.733333110809326,6.0,6.533332824707031,1005,ASUR,462
2001-08-17,6.6666669845581055,6.733333110809326,6.466667175292969,6.733333110809326,645,ASUR,462
2001-08-20,6.3333330154418945,6.400000095367432,6.133333206176758,6.133333206176758,8010,ASUR,462
2001-08-21,5.933332920074463,6.400000095367432,5.3333330154418945,6.199999809265137,6630,ASUR,462
2001-08-22,6.066667079925537,6.3333330154418945,5.533332824707031,5.599999904632568,7230,ASUR,462
2001-08-23,5.933332920074463,6.199999809265137,5.933332920074463,6.133333206176758,7395,ASUR,462
2001-08-24,6.066667079925537,6.133333206176758,5.6666669845581055,6.066667079925537,11325,ASUR,462
2001-08-27,6.0,6.066667079925537,5.6666669845581055,5.733333110809326,5445,ASUR,462
2001-08-28,6.066667079925537,6.133333206176758,5.800000190734863,6.0,11790,ASUR,462
2001-08-29,6.3333330154418945,6.400000095367432,6.0,6.066667079925537,7650,ASUR,462
2001-08-30,5.866666793823242,6.199999809265137,5.800000190734863,6.133333206176758,5025,ASUR,462
2001-08-31,6.0,6.0,5.6666669845581055,5.800000190734863,11325,ASUR,462
2001-09-04,6.266666889190674,6.466667175292969,5.933332920074463,5.933332920074463,20565,ASUR,462
2001-09-05,6.6666669845581055,6.6666669845581055,6.199999809265137,6.3333330154418945,18945,ASUR,462
2001-09-06,7.933332920074463,8.199999809265137,6.533332824707031,6.6666669845581055,11880,ASUR,462
2001-09-07,7.3333330154418945,8.133333206176758,6.866666793823242,6.866666793823242,12900,ASUR,462
2001-09-10,7.3333330154418945,8.133333206176758,7.066667079925537,7.066667079925537,6765,ASUR,462
2001-09-17,9.399999618530273,12.0,7.3333330154418945,8.133333206176758,56895,ASUR,462
2001-09-18,10.866666793823242,11.333333015441895,10.066666603088379,11.066666603088379,53160,ASUR,462
2001-09-19,9.866666793823242,11.399999618530273,9.666666984558105,11.266667366027832,19905,ASUR,462
2001-09-20,11.0,11.666666984558105,9.333333015441895,10.0,33180,ASUR,462
2001-09-21,11.666666984558105,11.666666984558105,9.533332824707031,11.199999809265137,39270,ASUR,462
2001-09-24,11.333333015441895,12.733332633972168,11.0,11.800000190734863,35145,ASUR,462
2001-09-25,12.800000190734863,13.133333206176758,10.333333015441895,10.666666984558105,34305,ASUR,462
2001-09-26,13.0,13.133333206176758,12.399999618530273,12.600000381469727,70785,ASUR,462
2001-09-27,15.0,16.133333206176758,12.666666984558105,12.933333396911621,42825,ASUR,462
2001-09-28,13.866666793823242,15.266667366027832,13.666666984558105,15.199999809265137,84945,ASUR,462
2001-10-01,14.866666793823242,15.066666603088379,12.533332824707031,13.066666603088379,25710,ASUR,462
2001-10-02,15.866666793823242,16.066667556762695,14.800000190734863,15.133333206176758,57945,ASUR,462
2001-10-03,17.200000762939453,17.799999237060547,15.666666984558105,16.066667556762695,49365,ASUR,462
2001-10-04,18.0,18.333332061767578,17.0,17.266666412353516,32805,ASUR,462
2001-10-05,18.066667556762695,19.133333206176758,18.066667556762695,18.200000762939453,32415,ASUR,462
2001-10-08,18.266666412353516,18.933332443237305,17.53333282470703,18.266666412353516,49425,ASUR,462
2001-10-09,16.200000762939453,18.933332443237305,13.666666984558105,18.933332443237305,40575,ASUR,462
2001-10-10,15.399999618530273,16.399999618530273,14.333333015441895,14.399999618530273,23475,ASUR,462
2001-10-11,17.266666412353516,17.333332061767578,14.933333396911621,15.399999618530273,76740,ASUR,462
2001-10-12,18.733333587646484,19.399999618530273,16.866666793823242,16.866666793823242,51510,ASUR,462
2001-10-15,19.200000762939453,19.399999618530273,17.266666412353516,18.733333587646484,40845,ASUR,462
2001-10-16,21.066667556762695,21.399999618530273,19.133333206176758,19.333332061767578,61110,ASUR,462
2001-10-17,21.266666412353516,21.666667938232422,18.666667938232422,21.0,27165,ASUR,462
2001-10-18,20.666667938232422,21.666667938232422,20.133333206176758,21.666667938232422,18105,ASUR,462
2001-10-19,20.333332061767578,21.399999618530273,20.0,21.266666412353516,27090,ASUR,462
2001-10-22,22.133333206176758,22.46666717529297,20.399999618530273,21.399999618530273,32520,ASUR,462
2001-10-23,24.666667938232422,25.666667938232422,22.46666717529297,23.333332061767578,91830,ASUR,462
2001-10-24,27.933332443237305,27.933332443237305,24.666667938232422,26.600000381469727,189945,ASUR,462
2001-10-25,27.0,27.600000381469727,24.333332061767578,27.600000381469727,55515,ASUR,462
2001-10-26,25.866666793823242,27.333332061767578,25.666667938232422,27.066667556762695,42615,ASUR,462
2001-10-29,25.46666717529297,26.733333587646484,25.46666717529297,26.666667938232422,13590,ASUR,462
2001-10-30,21.46666717529297,25.333332061767578,21.333332061767578,25.333332061767578,54540,ASUR,462
2001-10-31,20.733333587646484,22.799999237060547,19.200000762939453,19.600000381469727,65010,ASUR,462
2001-11-01,24.0,24.666667938232422,20.733333587646484,20.933332443237305,61500,ASUR,462
2001-11-02,23.0,25.133333206176758,22.733333587646484,24.666667938232422,41130,ASUR,462
2001-11-05,21.666667938232422,23.333332061767578,21.399999618530273,22.866666793823242,20025,ASUR,462
2001-11-06,20.53333282470703,21.266666412353516,18.799999237060547,18.866666793823242,43770,ASUR,462
2001-11-07,19.46666717529297,20.266666412353516,18.333332061767578,19.333332061767578,38595,ASUR,462
2001-11-08,20.200000762939453,21.200000762939453,18.399999618530273,19.333332061767578,49725,ASUR,462
2001-11-09,19.399999618530273,19.933332443237305,18.866666793823242,19.799999237060547,23775,ASUR,462
2001-11-12,19.266666412353516,20.866666793823242,18.0,18.0,32865,ASUR,462
2001-11-13,19.0,20.0,18.666667938232422,19.066667556762695,12525,ASUR,462
2001-11-14,19.866666793823242,20.133333206176758,18.066667556762695,19.0,39600,ASUR,462
2001-11-15,19.933332443237305,21.0,19.799999237060547,20.333332061767578,34035,ASUR,462
2001-11-16,18.799999237060547,20.46666717529297,18.53333282470703,20.46666717529297,20625,ASUR,462
2001-11-19,18.333332061767578,19.46666717529297,17.066667556762695,18.333332061767578,24255,ASUR,462
2001-11-20,17.266666412353516,18.53333282470703,15.0,17.333332061767578,26175,ASUR,462
2001-11-21,17.066667556762695,17.866666793823242,15.333333015441895,16.600000381469727,26250,ASUR,462
2001-11-23,17.399999618530273,17.399999618530273,15.066666603088379,15.333333015441895,9165,ASUR,462
2001-11-26,19.733333587646484,20.0,16.733333587646484,17.53333282470703,42255,ASUR,462
2001-11-27,21.266666412353516,22.0,19.333332061767578,19.866666793823242,42540,ASUR,462
2001-11-28,23.133333206176758,23.600000381469727,20.066667556762695,21.666667938232422,119580,ASUR,462
2001-11-29,22.666667938232422,24.333332061767578,22.200000762939453,23.333332061767578,35550,ASUR,462
2001-11-30,24.0,24.0,22.200000762939453,22.799999237060547,18195,ASUR,462
2001-12-03,23.200000762939453,24.53333282470703,22.333332061767578,23.666667938232422,13170,ASUR,462
2001-12-04,23.46666717529297,24.0,22.666667938232422,23.0,15885,ASUR,462
2001-12-05,22.933332443237305,24.399999618530273,22.933332443237305,24.399999618530273,36225,ASUR,462
2001-12-06,23.0,23.46666717529297,21.799999237060547,23.0,23355,ASUR,462
2001-12-07,25.200000762939453,26.266666412353516,22.333332061767578,22.333332061767578,55800,ASUR,462
2001-12-10,26.0,26.333332061767578,24.200000762939453,25.799999237060547,38445,ASUR,462
2001-12-11,25.200000762939453,26.333332061767578,24.666667938232422,26.333332061767578,17310,ASUR,462
2001-12-12,24.666667938232422,26.0,24.0,25.200000762939453,12930,ASUR,462
2001-12-13,25.333332061767578,26.0,23.399999618530273,24.133333206176758,19725,ASUR,462
2001-12-14,25.933332443237305,27.066667556762695,24.399999618530273,24.399999618530273,43800,ASUR,462
2001-12-17,28.46666717529297,28.799999237060547,25.333332061767578,26.200000762939453,88110,ASUR,462
2001-12-18,28.666667938232422,31.333332061767578,27.933332443237305,29.133333206176758,89145,ASUR,462
2001-12-19,27.600000381469727,29.733333587646484,26.933332443237305,29.266666412353516,19185,ASUR,462
2001-12-20,26.333332061767578,27.666667938232422,25.799999237060547,26.799999237060547,23760,ASUR,462
2001-12-21,26.333332061767578,26.666667938232422,25.0,26.53333282470703,16560,ASUR,462
2001-12-24,27.600000381469727,27.933332443237305,25.666667938232422,26.46666717529297,6945,ASUR,462
2001-12-26,28.733333587646484,30.0,27.666667938232422,27.733333587646484,25335,ASUR,462
2001-12-27,28.133333206176758,29.666667938232422,27.666667938232422,28.333332061767578,84945,ASUR,462
2001-12-28,28.666667938232422,29.666667938232422,27.333332061767578,27.733333587646484,29370,ASUR,462
2001-12-31,28.666667938232422,28.666667938232422,26.866666793823242,28.0,31350,ASUR,462
2002-01-02,28.333332061767578,28.666667938232422,27.0,28.333332061767578,10245,ASUR,462
2002-01-03,27.600000381469727,28.333332061767578,27.200000762939453,28.266666412353516,10860,ASUR,462
2002-01-04,27.333332061767578,28.333332061767578,26.399999618530273,27.666667938232422,15330,ASUR,462
2002-01-07,28.266666412353516,29.333332061767578,26.799999237060547,27.0,32205,ASUR,462
2002-01-08,28.333332061767578,29.200000762939453,26.799999237060547,28.266666412353516,12960,ASUR,462
2002-01-09,28.333332061767578,28.53333282470703,27.0,27.666667938232422,13365,ASUR,462
2002-01-10,28.0,28.0,27.066667556762695,28.0,3720,ASUR,462
2002-01-11,29.666667938232422,31.333332061767578,27.200000762939453,28.133333206176758,75255,ASUR,462
2002-01-14,28.933332443237305,29.666667938232422,27.666667938232422,28.46666717529297,27915,ASUR,462
2002-01-15,28.066667556762695,28.666667938232422,26.933332443237305,28.399999618530273,10560,ASUR,462
2002-01-16,28.333332061767578,28.600000381469727,27.399999618530273,27.866666793823242,15105,ASUR,462
2002-01-17,28.066667556762695,28.600000381469727,26.799999237060547,27.933332443237305,11085,ASUR,462
2002-01-18,27.866666793823242,28.0,27.200000762939453,27.866666793823242,5160,ASUR,462
2002-01-22,25.333332061767578,27.53333282470703,25.0,27.53333282470703,25485,ASUR,462
2002-01-23,26.53333282470703,27.133333206176758,22.0,24.733333587646484,35070,ASUR,462
2002-01-24,27.333332061767578,27.600000381469727,26.0,26.0,15165,ASUR,462
2002-01-25,27.133333206176758,28.0,26.666667938232422,26.799999237060547,40980,ASUR,462
2002-01-28,25.666667938232422,27.333332061767578,25.399999618530273,27.066667556762695,9360,ASUR,462
2002-01-29,27.066667556762695,27.066667556762695,24.666667938232422,25.333332061767578,19575,ASUR,462
2002-01-30,26.46666717529297,26.866666793823242,25.866666793823242,25.866666793823242,11745,ASUR,462
2002-01-31,26.0,26.666667938232422,25.866666793823242,26.0,12525,ASUR,462
2002-02-01,25.46666717529297,26.200000762939453,24.799999237060547,24.866666793823242,13320,ASUR,462
2002-02-04,25.266666412353516,25.933332443237305,24.46666717529297,25.933332443237305,7275,ASUR,462
2002-02-05,23.333332061767578,25.200000762939453,21.399999618530273,24.46666717529297,33900,ASUR,462
2002-02-06,19.46666717529297,22.933332443237305,19.46666717529297,22.46666717529297,52560,ASUR,462
2002-02-07,19.399999618530273,19.933332443237305,17.799999237060547,18.733333587646484,92145,ASUR,462
2002-02-08,18.333332061767578,20.46666717529297,18.333332061767578,20.0,39765,ASUR,462
2002-02-11,17.666667938232422,19.266666412353516,16.133333206176758,19.266666412353516,21510,ASUR,462
2002-02-12,19.733333587646484,19.733333587646484,16.666667938232422,17.333332061767578,15840,ASUR,462
2002-02-13,20.0,20.333332061767578,18.066667556762695,18.333332061767578,19335,ASUR,462
2002-02-14,17.666667938232422,20.46666717529297,15.666666984558105,19.333332061767578,12435,ASUR,462
2002-02-15,17.933332443237305,18.266666412353516,16.733333587646484,17.46666717529297,9450,ASUR,462
2002-02-19,17.266666412353516,17.866666793823242,16.733333587646484,16.866666793823242,21165,ASUR,462
2002-02-20,17.0,17.53333282470703,16.666667938232422,17.066667556762695,12645,ASUR,462
2002-02-21,17.266666412353516,17.266666412353516,16.53333282470703,17.266666412353516,8385,ASUR,462
2002-02-22,15.199999809265137,16.933332443237305,14.066666603088379,16.600000381469727,43410,ASUR,462
2002-02-25,15.0,15.333333015441895,14.133333206176758,14.133333206176758,28155,ASUR,462
2002-02-26,16.0,16.866666793823242,15.0,15.066666603088379,18945,ASUR,462
2002-02-27,12.800000190734863,16.866666793823242,12.800000190734863,16.666667938232422,27570,ASUR,462
2002-02-28,13.0,13.733332633972168,11.733332633972168,12.733332633972168,25560,ASUR,462
2002-03-01,16.0,16.0,13.0,13.0,53115,ASUR,462
2002-03-04,17.200000762939453,17.46666717529297,16.133333206176758,16.133333206176758,14625,ASUR,462
2002-03-05,17.666667938232422,18.0,16.666667938232422,17.600000381469727,14850,ASUR,462
2002-03-06,18.333332061767578,18.666667938232422,17.733333587646484,18.266666412353516,15000,ASUR,462
2002-03-07,17.666667938232422,19.266666412353516,16.333332061767578,18.666667938232422,17865,ASUR,462
2002-03-08,18.133333206176758,18.666667938232422,17.733333587646484,18.399999618530273,13950,ASUR,462
2002-03-11,17.799999237060547,18.600000381469727,17.399999618530273,18.600000381469727,6225,ASUR,462
2002-03-12,16.399999618530273,17.799999237060547,16.333332061767578,16.666667938232422,9660,ASUR,462
2002-03-13,16.799999237060547,17.266666412353516,16.399999618530273,17.0,3375,ASUR,462
2002-03-14,17.600000381469727,17.600000381469727,16.799999237060547,17.600000381469727,510,ASUR,462
2002-03-15,17.666667938232422,17.666667938232422,16.333332061767578,16.866666793823242,3105,ASUR,462
2002-03-18,17.799999237060547,18.666667938232422,17.333332061767578,17.666667938232422,8640,ASUR,462
2002-03-19,17.866666793823242,18.666667938232422,17.399999618530273,18.53333282470703,4110,ASUR,462
2002-03-20,16.666667938232422,18.0,16.666667938232422,17.733333587646484,3360,ASUR,462
2002-03-21,19.266666412353516,19.266666412353516,16.733333587646484,16.733333587646484,10740,ASUR,462
2002-03-22,19.333332061767578,19.333332061767578,17.0,19.200000762939453,8505,ASUR,462
2002-03-25,18.600000381469727,18.733333587646484,17.600000381469727,18.266666412353516,3000,ASUR,462
2002-03-26,19.666667938232422,20.333332061767578,18.0,18.0,13290,ASUR,462
2002-03-27,19.0,19.666667938232422,18.46666717529297,19.333332061767578,5940,ASUR,462
2002-03-28,19.333332061767578,19.866666793823242,18.733333587646484,19.0,16185,ASUR,462
2002-04-01,19.333332061767578,19.53333282470703,19.066667556762695,19.53333282470703,3660,ASUR,462
2002-04-02,18.666667938232422,19.333332061767578,18.333332061767578,19.266666412353516,3810,ASUR,462
2002-04-03,18.666667938232422,18.733333587646484,17.133333206176758,17.46666717529297,2250,ASUR,462
2002-04-04,17.200000762939453,18.46666717529297,17.200000762939453,18.0,1785,ASUR,462
2002-04-05,17.333332061767578,18.866666793823242,17.0,18.200000762939453,4320,ASUR,462
2002-04-08,17.200000762939453,17.666667938232422,16.733333587646484,17.333332061767578,4080,ASUR,462
2002-04-09,17.333332061767578,17.46666717529297,16.0,17.333332061767578,4395,ASUR,462
2002-04-10,17.0,17.200000762939453,16.0,16.933332443237305,10530,ASUR,462
2002-04-11,17.733333587646484,17.733333587646484,17.200000762939453,17.399999618530273,2685,ASUR,462
2002-04-12,20.0,20.0,17.333332061767578,17.733333587646484,21120,ASUR,462
2002-04-15,19.733333587646484,20.666667938232422,19.0,20.666667938232422,12765,ASUR,462
2002-04-16,20.53333282470703,21.0,19.666667938232422,19.666667938232422,13140,ASUR,462
2002-04-17,20.799999237060547,21.0,20.0,20.666667938232422,4215,ASUR,462
2002-04-18,22.133333206176758,22.133333206176758,20.333332061767578,20.666667938232422,9780,ASUR,462
2002-04-19,21.46666717529297,22.666667938232422,20.333332061767578,22.066667556762695,15000,ASUR,462
2002-04-22,21.799999237060547,22.333332061767578,20.666667938232422,21.53333282470703,7110,ASUR,462
2002-04-23,21.666667938232422,22.666667938232422,21.200000762939453,21.666667938232422,8790,ASUR,462
2002-04-24,21.0,22.333332061767578,21.0,21.666667938232422,2040,ASUR,462
2002-04-25,20.666667938232422,21.333332061767578,20.53333282470703,20.733333587646484,1380,ASUR,462
2002-04-26,19.933332443237305,21.333332061767578,19.0,20.666667938232422,13155,ASUR,462
2002-04-29,17.666667938232422,19.133333206176758,17.666667938232422,19.066667556762695,6120,ASUR,462
2002-04-30,20.0,20.0,17.866666793823242,17.866666793823242,13425,ASUR,462
2002-05-01,19.0,19.53333282470703,18.666667938232422,19.200000762939453,1785,ASUR,462
2002-05-02,19.0,19.733333587646484,18.666667938232422,19.333332061767578,2355,ASUR,462
2002-05-03,19.066667556762695,19.200000762939453,18.0,18.399999618530273,2970,ASUR,462
2002-05-06,17.666667938232422,20.0,17.666667938232422,19.200000762939453,7680,ASUR,462
2002-05-07,17.666667938232422,18.666667938232422,17.666667938232422,17.666667938232422,3825,ASUR,462
2002-05-08,20.333332061767578,20.333332061767578,17.733333587646484,17.733333587646484,9030,ASUR,462
2002-05-09,19.866666793823242,20.0,19.399999618530273,20.0,5760,ASUR,462
2002-05-10,20.0,20.666667938232422,19.0,19.0,12285,ASUR,462
2002-05-13,18.866666793823242,20.0,18.733333587646484,18.733333587646484,3195,ASUR,462
2002-05-14,19.133333206176758,19.46666717529297,18.666667938232422,19.46666717529297,3825,ASUR,462
2002-05-15,19.666667938232422,19.666667938232422,18.666667938232422,18.799999237060547,4125,ASUR,462
2002-05-16,19.933332443237305,20.0,18.733333587646484,19.066667556762695,6150,ASUR,462
2002-05-17,19.799999237060547,20.0,19.399999618530273,19.399999618530273,28995,ASUR,462
2002-05-20,19.866666793823242,21.0,19.200000762939453,20.066667556762695,7950,ASUR,462
2002-05-21,20.0,20.0,19.266666412353516,19.266666412353516,11100,ASUR,462
2002-05-22,20.0,20.066667556762695,19.0,19.46666717529297,9120,ASUR,462
2002-05-23,20.066667556762695,20.266666412353516,19.133333206176758,20.200000762939453,7005,ASUR,462
2002-05-24,19.200000762939453,20.0,19.200000762939453,19.866666793823242,2610,ASUR,462
2002-05-28,19.200000762939453,19.799999237060547,18.666667938232422,19.733333587646484,4080,ASUR,462
2002-05-29,19.866666793823242,20.666667938232422,19.133333206176758,19.53333282470703,6330,ASUR,462
2002-05-30,20.666667938232422,21.0,20.0,20.53333282470703,5880,ASUR,462
2002-05-31,21.200000762939453,21.666667938232422,20.133333206176758,20.333332061767578,9555,ASUR,462
2002-06-03,22.0,22.600000381469727,21.333332061767578,22.066667556762695,11820,ASUR,462
2002-06-04,21.200000762939453,22.666667938232422,21.133333206176758,21.133333206176758,8445,ASUR,462
2002-06-05,24.933332443237305,26.666667938232422,22.666667938232422,23.200000762939453,98625,ASUR,462
2002-06-06,24.066667556762695,25.866666793823242,23.333332061767578,25.266666412353516,32250,ASUR,462
2002-06-07,26.799999237060547,27.933332443237305,23.0,24.0,42045,ASUR,462
2002-06-10,30.0,31.666667938232422,26.266666412353516,26.333332061767578,161955,ASUR,462
2002-06-11,31.933332443237305,32.0,30.066667556762695,30.933332443237305,99330,ASUR,462
2002-06-12,35.06666564941406,36.400001525878906,32.06666564941406,32.266666412353516,175185,ASUR,462
2002-06-13,33.33333206176758,35.06666564941406,32.733333587646484,34.93333435058594,44910,ASUR,462
2002-06-14,32.66666793823242,34.0,30.399999618530273,32.733333587646484,45270,ASUR,462
2002-06-17,34.400001525878906,35.33333206176758,32.20000076293945,32.20000076293945,43455,ASUR,462
2002-06-18,33.266666412353516,34.66666793823242,32.733333587646484,34.53333282470703,16950,ASUR,462
2002-06-19,33.33333206176758,34.66666793823242,31.799999237060547,32.66666793823242,23475,ASUR,462
2002-06-20,36.93333435058594,37.79999923706055,34.266666412353516,34.400001525878906,140715,ASUR,462
2002-06-21,35.866668701171875,37.66666793823242,34.0,37.33333206176758,53220,ASUR,462
2002-06-24,35.46666717529297,36.599998474121094,33.733333587646484,36.133331298828125,21495,ASUR,462
2002-06-25,34.06666564941406,37.33333206176758,34.0,35.66666793823242,27735,ASUR,462
2002-06-26,32.66666793823242,33.66666793823242,31.333332061767578,33.599998474121094,42375,ASUR,462
2002-06-27,33.46666717529297,34.66666793823242,32.46666717529297,32.866668701171875,18210,ASUR,462
2002-06-28,33.33333206176758,34.33333206176758,32.66666793823242,33.400001525878906,17235,ASUR,462
2002-07-01,32.66666793823242,34.400001525878906,32.33333206176758,33.33333206176758,14340,ASUR,462
2002-07-02,32.06666564941406,33.66666793823242,31.666667938232422,33.0,28515,ASUR,462
2002-07-03,28.133333206176758,33.0,27.333332061767578,31.399999618530273,40890,ASUR,462
2002-07-05,30.0,33.0,27.600000381469727,28.666667938232422,27285,ASUR,462
2002-07-08,31.333332061767578,32.266666412353516,29.399999618530273,29.46666717529297,16410,ASUR,462
2002-07-09,31.200000762939453,31.666667938232422,29.933332443237305,29.933332443237305,7440,ASUR,462
2002-07-10,25.866666793823242,31.53333282470703,25.133333206176758,31.0,52035,ASUR,462
2002-07-11,26.0,26.666667938232422,23.333332061767578,24.733333587646484,46020,ASUR,462
2002-07-12,27.733333587646484,28.666667938232422,26.0,26.600000381469727,20520,ASUR,462
2002-07-15,28.333332061767578,29.46666717529297,27.333332061767578,27.666667938232422,25770,ASUR,462
2002-07-16,30.733333587646484,31.46666717529297,27.733333587646484,28.53333282470703,16740,ASUR,462
2002-07-17,30.0,31.53333282470703,29.733333587646484,30.333332061767578,11985,ASUR,462
2002-07-18,29.666667938232422,30.333332061767578,29.0,30.200000762939453,4455,ASUR,462
2002-07-19,27.866666793823242,29.200000762939453,26.600000381469727,28.333332061767578,8160,ASUR,462
2002-07-22,26.666667938232422,28.46666717529297,25.0,26.399999618530273,16080,ASUR,462
2002-07-23,27.333332061767578,28.200000762939453,26.133333206176758,26.53333282470703,28035,ASUR,462
2002-07-24,26.0,26.666667938232422,25.0,26.333332061767578,13185,ASUR,462
2002-07-25,28.46666717529297,29.0,25.200000762939453,25.399999618530273,28605,ASUR,462
2002-07-26,28.333332061767578,29.0,26.666667938232422,29.0,7185,ASUR,462
2002-07-29,30.933332443237305,31.600000381469727,28.600000381469727,28.600000381469727,41175,ASUR,462
2002-07-30,29.666667938232422,30.933332443237305,28.333332061767578,30.866666793823242,11340,ASUR,462
2002-07-31,28.066667556762695,30.133333206176758,27.0,29.53333282470703,7200,ASUR,462
2002-08-01,27.133333206176758,28.666667938232422,26.200000762939453,27.333332061767578,7635,ASUR,462
2002-08-02,26.866666793823242,27.200000762939453,26.46666717529297,27.200000762939453,11010,ASUR,462
2002-08-05,25.799999237060547,28.666667938232422,25.46666717529297,26.600000381469727,4680,ASUR,462
2002-08-06,25.0,26.133333206176758,24.0,25.53333282470703,22590,ASUR,462
2002-08-07,26.133333206176758,27.666667938232422,24.200000762939453,25.399999618530273,15300,ASUR,462
2002-08-08,26.866666793823242,26.866666793823242,25.266666412353516,25.266666412353516,10935,ASUR,462
2002-08-09,26.333332061767578,27.0,25.53333282470703,26.600000381469727,7800,ASUR,462
2002-08-12,26.600000381469727,26.600000381469727,25.333332061767578,25.333332061767578,12975,ASUR,462
2002-08-13,27.066667556762695,27.600000381469727,26.600000381469727,26.666667938232422,17790,ASUR,462
2002-08-14,26.399999618530273,27.53333282470703,26.0,27.066667556762695,10335,ASUR,462
2002-08-15,25.933332443237305,26.666667938232422,25.666667938232422,26.666667938232422,10245,ASUR,462
2002-08-16,25.200000762939453,26.266666412353516,25.200000762939453,26.133333206176758,15345,ASUR,462
2002-08-19,24.933332443237305,25.666667938232422,23.399999618530273,25.0,15285,ASUR,462
2002-08-20,26.333332061767578,28.133333206176758,25.066667556762695,25.333332061767578,22965,ASUR,462
2002-08-21,25.46666717529297,27.53333282470703,25.46666717529297,26.200000762939453,6795,ASUR,462
2002-08-22,26.666667938232422,26.866666793823242,25.333332061767578,25.333332061767578,3765,ASUR,462
2002-08-23,25.733333587646484,26.666667938232422,25.733333587646484,26.133333206176758,5790,ASUR,462
2002-08-26,26.0,26.600000381469727,25.666667938232422,25.933332443237305,6675,ASUR,462
2002-08-27,25.399999618530273,26.600000381469727,25.200000762939453,25.933332443237305,8700,ASUR,462
2002-08-28,26.666667938232422,27.399999618530273,25.333332061767578,25.399999618530273,13455,ASUR,462
2002-08-29,25.399999618530273,27.200000762939453,25.333332061767578,26.066667556762695,21180,ASUR,462
2002-08-30,26.666667938232422,26.799999237060547,25.46666717529297,25.46666717529297,5295,ASUR,462
2002-09-03,25.799999237060547,26.666667938232422,25.733333587646484,26.0,3570,ASUR,462
2002-09-04,26.133333206176758,26.666667938232422,25.333332061767578,25.799999237060547,3915,ASUR,462
2002-09-05,26.066667556762695,26.46666717529297,25.666667938232422,25.666667938232422,1935,ASUR,462
2002-09-06,26.600000381469727,27.0,25.666667938232422,26.066667556762695,4755,ASUR,462
2002-09-09,26.133333206176758,26.666667938232422,25.333332061767578,25.799999237060547,2790,ASUR,462
2002-09-10,25.600000381469727,26.333332061767578,25.266666412353516,26.0,4635,ASUR,462
2002-09-11,25.46666717529297,26.600000381469727,25.266666412353516,25.333332061767578,3915,ASUR,462
2002-09-12,25.733333587646484,26.600000381469727,25.53333282470703,25.666667938232422,3105,ASUR,462
2002-09-13,25.799999237060547,26.266666412353516,25.600000381469727,25.799999237060547,8010,ASUR,462
2002-09-16,29.866666793823242,30.0,26.0,26.266666412353516,34320,ASUR,462
2002-09-17,28.733333587646484,30.066667556762695,26.733333587646484,30.066667556762695,19215,ASUR,462
2002-09-18,17.333332061767578,29.133333206176758,16.666667938232422,29.133333206176758,246555,ASUR,462
2002-09-19,14.0,17.46666717529297,12.600000381469727,17.46666717529297,117750,ASUR,462
2002-09-20,13.533332824707031,15.933333396911621,13.133333206176758,15.266667366027832,36120,ASUR,462
2002-09-23,13.399999618530273,13.866666793823242,12.666666984558105,12.933333396911621,24885,ASUR,462
2002-09-24,13.733332633972168,14.066666603088379,12.466667175292969,14.066666603088379,13995,ASUR,462
2002-09-25,13.266667366027832,14.066666603088379,12.666666984558105,14.0,19770,ASUR,462
2002-09-26,12.066666603088379,13.866666793823242,11.800000190734863,13.666666984558105,32475,ASUR,462
2002-09-27,12.333333015441895,12.399999618530273,10.466667175292969,11.733332633972168,30285,ASUR,462
2002-09-30,11.466667175292969,12.600000381469727,11.333333015441895,11.666666984558105,40800,ASUR,462
2002-10-01,10.866666793823242,12.0,10.800000190734863,11.533332824707031,22515,ASUR,462
2002-10-02,10.133333206176758,11.800000190734863,10.133333206176758,11.399999618530273,59460,ASUR,462
2002-10-03,12.0,12.266667366027832,9.733332633972168,9.733332633972168,37965,ASUR,462
2002-10-04,9.466667175292969,12.266667366027832,9.399999618530273,12.266667366027832,28740,ASUR,462
2002-10-07,8.600000381469727,9.600000381469727,8.600000381469727,9.466667175292969,10425,ASUR,462
2002-10-08,8.666666984558105,9.333333015441895,6.800000190734863,8.266667366027832,35925,ASUR,462
2002-10-09,8.333333015441895,8.800000190734863,7.6666669845581055,8.666666984558105,39735,ASUR,462
2002-10-10,8.199999809265137,9.133333206176758,7.533332824707031,7.866666793823242,9000,ASUR,462
2002-10-11,8.666666984558105,10.133333206176758,8.333333015441895,8.333333015441895,28605,ASUR,462
2002-10-14,8.600000381469727,9.266667366027832,8.600000381469727,9.0,7050,ASUR,462
2002-10-15,9.666666984558105,9.800000190734863,8.733332633972168,9.133333206176758,16425,ASUR,462
2002-10-16,10.0,10.399999618530273,9.333333015441895,9.600000381469727,5130,ASUR,462
2002-10-17,11.0,11.466667175292969,10.0,10.0,13965,ASUR,462
2002-10-18,11.266667366027832,11.333333015441895,10.399999618530273,11.0,7485,ASUR,462
2002-10-21,11.333333015441895,11.533332824707031,10.333333015441895,10.333333015441895,12675,ASUR,462
2002-10-22,10.866666793823242,11.666666984558105,10.333333015441895,11.333333015441895,12360,ASUR,462
2002-10-23,11.333333015441895,11.333333015441895,10.733332633972168,11.333333015441895,2115,ASUR,462
2002-10-24,11.066666603088379,12.0,11.066666603088379,11.199999809265137,8160,ASUR,462
2002-10-25,10.733332633972168,11.0,10.533332824707031,11.0,7125,ASUR,462
2002-10-28,11.133333206176758,11.266667366027832,10.733332633972168,11.0,11250,ASUR,462
2002-10-29,11.066666603088379,11.533332824707031,10.666666984558105,10.666666984558105,5340,ASUR,462
2002-10-30,11.0,11.666666984558105,10.800000190734863,11.0,9735,ASUR,462
2002-10-31,11.333333015441895,11.333333015441895,11.0,11.0,1695,ASUR,462
2002-11-01,11.0,11.600000381469727,10.333333015441895,11.266667366027832,3270,ASUR,462
2002-11-04,11.533332824707031,11.866666793823242,11.0,11.333333015441895,15285,ASUR,462
2002-11-05,11.399999618530273,11.933333396911621,11.333333015441895,11.399999618530273,6585,ASUR,462
2002-11-06,13.0,13.333333015441895,11.733332633972168,12.066666603088379,15885,ASUR,462
2002-11-07,12.333333015441895,13.333333015441895,12.333333015441895,13.333333015441895,5100,ASUR,462
2002-11-08,13.733332633972168,13.866666793823242,12.266667366027832,12.733332633972168,15525,ASUR,462
2002-11-11,13.466667175292969,14.600000381469727,13.133333206176758,14.0,6975,ASUR,462
2002-11-12,14.133333206176758,14.466667175292969,13.0,14.333333015441895,8505,ASUR,462
2002-11-13,14.333333015441895,14.466667175292969,13.866666793823242,14.133333206176758,6420,ASUR,462
2002-11-14,14.666666984558105,14.933333396911621,14.0,14.399999618530273,7035,ASUR,462
2002-11-15,14.066666603088379,14.333333015441895,13.666666984558105,13.800000190734863,20535,ASUR,462
2002-11-18,15.666666984558105,15.666666984558105,13.0,13.133333206176758,26880,ASUR,462
2002-11-19,14.666666984558105,15.600000381469727,14.466667175292969,15.600000381469727,11850,ASUR,462
2002-11-20,14.600000381469727,15.0,14.333333015441895,14.466667175292969,5670,ASUR,462
2002-11-21,14.933333396911621,15.0,14.066666603088379,14.666666984558105,8100,ASUR,462
2002-11-22,15.0,15.533332824707031,14.399999618530273,14.399999618530273,18735,ASUR,462
2002-11-25,16.333332061767578,16.333332061767578,15.133333206176758,15.466667175292969,21030,ASUR,462
2002-11-26,15.733332633972168,17.600000381469727,15.533332824707031,17.0,25830,ASUR,462
2002-11-27,15.0,16.0,14.199999809265137,15.800000190734863,17820,ASUR,462
2002-11-29,15.0,15.333333015441895,14.600000381469727,15.133333206176758,3375,ASUR,462
2002-12-02,14.733332633972168,15.866666793823242,14.333333015441895,14.666666984558105,9675,ASUR,462
2002-12-03,13.933333396911621,14.800000190734863,13.666666984558105,14.666666984558105,17295,ASUR,462
2002-12-04,12.600000381469727,14.133333206176758,12.333333015441895,13.733332633972168,17715,ASUR,462
2002-12-05,13.266667366027832,13.733332633972168,12.266667366027832,13.666666984558105,6180,ASUR,462
2002-12-06,13.066666603088379,13.533332824707031,12.399999618530273,13.333333015441895,18270,ASUR,462
2002-12-09,12.866666793823242,12.933333396911621,12.199999809265137,12.266667366027832,15750,ASUR,462
2002-12-10,12.399999618530273,12.933333396911621,12.199999809265137,12.866666793823242,4050,ASUR,462
2002-12-11,11.733332633972168,13.333333015441895,11.466667175292969,12.733332633972168,11820,ASUR,462
2002-12-12,11.666666984558105,12.333333015441895,11.399999618530273,11.666666984558105,4845,ASUR,462
2002-12-13,11.533332824707031,12.199999809265137,11.533332824707031,11.600000381469727,15090,ASUR,462
2002-12-16,11.199999809265137,11.533332824707031,10.666666984558105,11.466667175292969,8340,ASUR,462
2002-12-17,10.600000381469727,11.266667366027832,10.600000381469727,10.666666984558105,4680,ASUR,462
2002-12-18,9.600000381469727,10.866666793823242,9.0,10.399999618530273,30000,ASUR,462
2002-12-19,9.199999809265137,9.666666984558105,9.199999809265137,9.199999809265137,12120,ASUR,462
2002-12-20,10.0,10.0,9.066666603088379,9.199999809265137,32355,ASUR,462
2002-12-23,9.666666984558105,10.866666793823242,9.466667175292969,9.866666793823242,20715,ASUR,462
2002-12-24,9.666666984558105,9.800000190734863,9.066666603088379,9.466667175292969,18135,ASUR,462
2002-12-26,10.733332633972168,11.266667366027832,9.399999618530273,9.600000381469727,13620,ASUR,462
2002-12-27,10.666666984558105,11.133333206176758,10.333333015441895,10.866666793823242,11565,ASUR,462
2002-12-30,10.533332824707031,10.933333396911621,10.466667175292969,10.666666984558105,51810,ASUR,462
2002-12-31,11.133333206176758,11.266667366027832,10.466667175292969,10.800000190734863,16230,ASUR,462
2003-01-02,10.666666984558105,11.866666793823242,10.666666984558105,11.533332824707031,15675,ASUR,462
2003-01-03,11.0,11.133333206176758,10.666666984558105,10.733332633972168,4440,ASUR,462
2003-01-06,11.333333015441895,11.666666984558105,10.733332633972168,11.666666984558105,7845,ASUR,462
2003-01-07,13.399999618530273,13.600000381469727,11.466667175292969,11.866666793823242,18555,ASUR,462
2003-01-08,13.466667175292969,13.933333396911621,13.133333206176758,13.866666793823242,7425,ASUR,462
2003-01-09,13.266667366027832,13.533332824707031,11.399999618530273,13.466667175292969,14085,ASUR,462
2003-01-10,13.133333206176758,13.533332824707031,12.800000190734863,12.800000190734863,6075,ASUR,462
2003-01-13,13.399999618530273,13.466667175292969,13.066666603088379,13.066666603088379,5115,ASUR,462
2003-01-14,13.466667175292969,13.666666984558105,13.266667366027832,13.266667366027832,15300,ASUR,462
2003-01-15,14.466667175292969,14.466667175292969,13.466667175292969,13.666666984558105,6885,ASUR,462
2003-01-16,12.733332633972168,13.933333396911621,12.666666984558105,13.666666984558105,3030,ASUR,462
2003-01-17,12.466667175292969,12.933333396911621,12.066666603088379,12.933333396911621,7380,ASUR,462
2003-01-21,11.399999618530273,12.666666984558105,10.866666793823242,12.666666984558105,8490,ASUR,462
2003-01-22,10.600000381469727,11.133333206176758,10.600000381469727,10.866666793823242,12135,ASUR,462
2003-01-23,11.399999618530273,11.533332824707031,10.666666984558105,10.666666984558105,7500,ASUR,462
2003-01-24,11.266667366027832,11.333333015441895,10.733332633972168,11.0,3405,ASUR,462
2003-01-27,10.733332633972168,11.266667366027832,10.0,11.0,15585,ASUR,462
2003-01-28,10.266667366027832,10.666666984558105,10.066666603088379,10.399999618530273,9375,ASUR,462
2003-01-29,10.600000381469727,10.600000381469727,10.0,10.266667366027832,8985,ASUR,462
2003-01-30,11.133333206176758,11.399999618530273,10.600000381469727,10.600000381469727,6615,ASUR,462
2003-01-31,10.800000190734863,11.399999618530273,10.666666984558105,11.133333206176758,1980,ASUR,462
2003-02-03,11.333333015441895,11.399999618530273,10.666666984558105,10.800000190734863,6990,ASUR,462
2003-02-04,11.0,11.333333015441895,10.866666793823242,11.333333015441895,6405,ASUR,462
2003-02-05,11.733332633972168,12.066666603088379,11.266667366027832,12.0,11655,ASUR,462
2003-02-06,11.0,11.933333396911621,11.0,11.933333396911621,5190,ASUR,462
2003-02-07,10.133333206176758,11.0,10.066666603088379,11.0,10410,ASUR,462
2003-02-10,10.733332633972168,10.800000190734863,10.066666603088379,10.266667366027832,13530,ASUR,462
2003-02-11,10.333333015441895,10.800000190734863,10.199999809265137,10.733332633972168,19395,ASUR,462
2003-02-12,10.133333206176758,10.600000381469727,10.066666603088379,10.600000381469727,12855,ASUR,462
2003-02-13,10.066666603088379,10.399999618530273,10.066666603088379,10.066666603088379,5295,ASUR,462
2003-02-14,8.399999618530273,10.066666603088379,7.6666669845581055,9.866666793823242,47955,ASUR,462
2003-02-18,9.333333015441895,9.800000190734863,8.666666984558105,8.866666793823242,18660,ASUR,462
2003-02-19,9.066666603088379,9.800000190734863,8.800000190734863,9.800000190734863,16365,ASUR,462
2003-02-20,8.666666984558105,9.333333015441895,8.333333015441895,9.066666603088379,10455,ASUR,462
2003-02-21,8.800000190734863,9.066666603088379,8.533332824707031,8.533332824707031,7065,ASUR,462
2003-02-24,8.666666984558105,9.133333206176758,8.333333015441895,9.066666603088379,3195,ASUR,462
2003-02-25,8.399999618530273,9.0,8.399999618530273,8.733332633972168,2055,ASUR,462
2003-02-26,9.066666603088379,9.333333015441895,8.399999618530273,8.933333396911621,12570,ASUR,462
2003-02-27,9.066666603088379,9.333333015441895,8.666666984558105,9.066666603088379,7515,ASUR,462
2003-02-28,9.133333206176758,9.399999618530273,9.0,9.0,5250,ASUR,462
2003-03-03,9.333333015441895,9.733332633972168,9.266667366027832,9.333333015441895,6225,ASUR,462
2003-03-04,9.066666603088379,9.333333015441895,9.0,9.333333015441895,2730,ASUR,462
2003-03-05,9.0,9.199999809265137,8.666666984558105,9.066666603088379,9165,ASUR,462
2003-03-06,8.733332633972168,8.933333396911621,8.733332633972168,8.866666793823242,2415,ASUR,462
2003-03-07,8.600000381469727,9.0,8.399999618530273,8.666666984558105,7200,ASUR,462
2003-03-10,7.933332920074463,8.866666793823242,7.466667175292969,8.533332824707031,22485,ASUR,462
2003-03-11,7.6666669845581055,8.066666603088379,7.6666669845581055,8.0,6150,ASUR,462
2003-03-12,7.866666793823242,8.066666603088379,7.6666669845581055,7.6666669845581055,7995,ASUR,462
2003-03-13,8.066666603088379,8.466667175292969,7.933332920074463,7.933332920074463,9405,ASUR,462
2003-03-14,9.133333206176758,9.333333015441895,8.133333206176758,8.133333206176758,12450,ASUR,462
2003-03-17,9.133333206176758,9.266667366027832,8.066666603088379,9.199999809265137,7980,ASUR,462
2003-03-18,9.333333015441895,9.466667175292969,8.399999618530273,9.199999809265137,5910,ASUR,462
2003-03-19,9.466667175292969,9.933333396911621,9.0,9.466667175292969,4740,ASUR,462
2003-03-20,9.533332824707031,9.933333396911621,8.866666793823242,9.333333015441895,5085,ASUR,462
2003-03-21,9.333333015441895,9.933333396911621,9.333333015441895,9.466667175292969,2535,ASUR,462
2003-03-24,9.199999809265137,9.533332824707031,8.866666793823242,9.0,4065,ASUR,462
2003-03-25,9.333333015441895,9.333333015441895,8.333333015441895,8.866666793823242,6720,ASUR,462
2003-03-26,9.133333206176758,9.266667366027832,9.066666603088379,9.266667366027832,1875,ASUR,462
2003-03-27,9.199999809265137,9.266667366027832,8.666666984558105,8.666666984558105,1410,ASUR,462
2003-03-28,8.666666984558105,9.199999809265137,8.666666984558105,9.199999809265137,2295,ASUR,462
2003-03-31,8.800000190734863,8.800000190734863,8.533332824707031,8.733332633972168,2160,ASUR,462
2003-04-01,8.866666793823242,8.933333396911621,8.800000190734863,8.933333396911621,1830,ASUR,462
2003-04-02,9.066666603088379,9.066666603088379,8.666666984558105,8.733332633972168,4485,ASUR,462
2003-04-03,8.533332824707031,9.0,8.333333015441895,8.733332633972168,11190,ASUR,462
2003-04-04,8.866666793823242,9.266667366027832,8.266667366027832,8.266667366027832,7365,ASUR,462
2003-04-07,8.533332824707031,9.266667366027832,8.399999618530273,9.266667366027832,13410,ASUR,462
2003-04-08,8.333333015441895,8.666666984558105,8.199999809265137,8.666666984558105,5970,ASUR,462
2003-04-09,8.199999809265137,8.333333015441895,8.0,8.266667366027832,20670,ASUR,462
2003-04-10,8.466667175292969,9.0,8.133333206176758,8.133333206176758,6180,ASUR,462
2003-04-11,8.733332633972168,8.933333396911621,8.733332633972168,8.866666793823242,2220,ASUR,462
2003-04-14,8.600000381469727,8.933333396911621,8.466667175292969,8.666666984558105,2070,ASUR,462
2003-04-15,8.399999618530273,8.600000381469727,8.199999809265137,8.466667175292969,6840,ASUR,462
2003-04-16,8.199999809265137,8.466667175292969,8.199999809265137,8.466667175292969,3735,ASUR,462
2003-04-17,8.800000190734863,8.800000190734863,8.333333015441895,8.399999618530273,11310,ASUR,462
2003-04-21,8.466667175292969,9.0,8.333333015441895,8.333333015441895,8175,ASUR,462
2003-04-22,8.600000381469727,8.866666793823242,8.333333015441895,8.533332824707031,6270,ASUR,462
2003-04-23,8.800000190734863,8.800000190734863,8.333333015441895,8.333333015441895,4290,ASUR,462
2003-04-24,9.333333015441895,9.333333015441895,8.533332824707031,8.666666984558105,13425,ASUR,462
2003-04-25,10.600000381469727,10.666666984558105,9.199999809265137,9.199999809265137,32445,ASUR,462
2003-04-28,10.666666984558105,11.333333015441895,10.266667366027832,11.266667366027832,14010,ASUR,462
2003-04-29,10.666666984558105,11.333333015441895,10.066666603088379,10.533332824707031,14970,ASUR,462
2003-04-30,12.666666984558105,12.666666984558105,10.0,10.666666984558105,13530,ASUR,462
2003-05-01,13.533332824707031,14.199999809265137,12.533332824707031,12.600000381469727,23055,ASUR,462
2003-05-02,12.933333396911621,14.0,12.333333015441895,13.666666984558105,9330,ASUR,462
2003-05-05,12.600000381469727,13.333333015441895,11.666666984558105,13.333333015441895,12330,ASUR,462
2003-05-06,12.0,12.199999809265137,10.933333396911621,12.199999809265137,10335,ASUR,462
2003-05-07,12.133333206176758,12.333333015441895,11.333333015441895,11.666666984558105,7950,ASUR,462
2003-05-08,12.333333015441895,12.733332633972168,12.066666603088379,12.266667366027832,9285,ASUR,462
2003-05-09,12.066666603088379,12.800000190734863,12.0,12.666666984558105,2640,ASUR,462
2003-05-12,11.333333015441895,11.933333396911621,10.866666793823242,11.933333396911621,12555,ASUR,462
2003-05-13,11.0,12.0,10.800000190734863,10.933333396911621,15825,ASUR,462
2003-05-14,11.733332633972168,12.666666984558105,11.533332824707031,11.533332824707031,7860,ASUR,462
2003-05-15,11.733332633972168,12.466667175292969,11.600000381469727,12.466667175292969,8550,ASUR,462
2003-05-16,11.666666984558105,12.333333015441895,11.066666603088379,11.733332633972168,5655,ASUR,462
2003-05-19,12.399999618530273,12.533332824707031,11.600000381469727,11.666666984558105,9435,ASUR,462
2003-05-20,13.600000381469727,14.199999809265137,12.399999618530273,12.466667175292969,21285,ASUR,462
2003-05-21,14.666666984558105,14.800000190734863,12.666666984558105,13.333333015441895,21090,ASUR,462
2003-05-22,13.533332824707031,15.0,12.666666984558105,15.0,18330,ASUR,462
2003-05-23,13.533332824707031,14.066666603088379,13.333333015441895,13.399999618530273,8580,ASUR,462
2003-05-27,14.666666984558105,14.666666984558105,12.866666793823242,13.199999809265137,9000,ASUR,462
2003-05-28,14.266667366027832,16.53333282470703,14.0,14.933333396911621,16080,ASUR,462
2003-05-29,13.800000190734863,15.199999809265137,13.333333015441895,15.0,25905,ASUR,462
2003-05-30,13.800000190734863,13.866666793823242,12.666666984558105,13.533332824707031,33210,ASUR,462
2003-06-02,13.866666793823242,14.333333015441895,13.266667366027832,13.866666793823242,11115,ASUR,462
2003-06-03,13.866666793823242,14.333333015441895,13.199999809265137,13.800000190734863,19185,ASUR,462
2003-06-04,14.266667366027832,14.600000381469727,13.399999618530273,14.133333206176758,19290,ASUR,462
2003-06-05,14.600000381469727,14.733332633972168,13.866666793823242,13.866666793823242,22650,ASUR,462
2003-06-06,14.733332633972168,14.933333396911621,14.199999809265137,14.600000381469727,19050,ASUR,462
2003-06-09,15.0,15.0,13.866666793823242,14.600000381469727,20940,ASUR,462
2003-06-10,15.0,15.266667366027832,14.466667175292969,15.0,17295,ASUR,462
2003-06-11,16.0,16.333332061767578,14.800000190734863,15.0,25350,ASUR,462
2003-06-12,17.266666412353516,18.0,15.733332633972168,15.733332633972168,45000,ASUR,462
2003-06-13,18.0,18.866666793823242,15.066666603088379,18.666667938232422,31365,ASUR,462
2003-06-16,18.266666412353516,19.0,17.0,18.46666717529297,25740,ASUR,462
2003-06-17,18.200000762939453,18.666667938232422,17.666667938232422,18.333332061767578,16260,ASUR,462
2003-06-18,17.933332443237305,18.266666412353516,17.46666717529297,17.733333587646484,11475,ASUR,462
2003-06-19,19.333332061767578,20.333332061767578,18.0,18.0,51180,ASUR,462
2003-06-20,19.200000762939453,19.666667938232422,18.799999237060547,19.333332061767578,16965,ASUR,462
2003-06-23,19.0,19.333332061767578,18.866666793823242,18.933332443237305,8190,ASUR,462
2003-06-24,18.399999618530273,18.799999237060547,16.266666412353516,18.733333587646484,24315,ASUR,462
2003-06-25,19.0,19.666667938232422,17.933332443237305,17.933332443237305,11280,ASUR,462
2003-06-26,19.0,19.333332061767578,18.799999237060547,19.333332061767578,6195,ASUR,462
2003-06-27,18.200000762939453,19.333332061767578,18.0,19.333332061767578,6195,ASUR,462
2003-06-30,18.066667556762695,19.0,17.333332061767578,19.0,8655,ASUR,462
2003-07-01,17.53333282470703,18.733333587646484,17.333332061767578,17.333332061767578,6060,ASUR,462
2003-07-02,17.0,18.200000762939453,15.733332633972168,17.666667938232422,12795,ASUR,462
2003-07-03,16.666667938232422,16.733333587646484,16.0,16.600000381469727,7500,ASUR,462
2003-07-07,17.666667938232422,17.933332443237305,16.133333206176758,16.46666717529297,15930,ASUR,462
2003-07-08,19.0,19.066667556762695,17.46666717529297,17.666667938232422,13830,ASUR,462
2003-07-09,18.933332443237305,19.46666717529297,18.333332061767578,18.333332061767578,8415,ASUR,462
2003-07-10,19.399999618530273,19.46666717529297,18.600000381469727,18.933332443237305,16455,ASUR,462
2003-07-11,19.266666412353516,19.933332443237305,18.46666717529297,19.266666412353516,9735,ASUR,462
2003-07-14,19.399999618530273,19.53333282470703,18.733333587646484,19.333332061767578,9705,ASUR,462
2003-07-15,19.333332061767578,19.666667938232422,19.266666412353516,19.53333282470703,13335,ASUR,462
2003-07-16,19.46666717529297,19.46666717529297,19.0,19.0,3870,ASUR,462
2003-07-17,19.333332061767578,19.666667938232422,19.0,19.0,7275,ASUR,462
2003-07-18,19.933332443237305,19.933332443237305,19.0,19.0,11175,ASUR,462
2003-07-21,21.0,21.600000381469727,19.333332061767578,19.333332061767578,13605,ASUR,462
2003-07-22,20.666667938232422,21.0,20.0,20.333332061767578,20520,ASUR,462
2003-07-23,19.0,21.666667938232422,18.53333282470703,20.666667938232422,13560,ASUR,462
2003-07-24,19.53333282470703,20.933332443237305,17.733333587646484,18.866666793823242,12600,ASUR,462
2003-07-25,20.0,20.333332061767578,18.666667938232422,18.666667938232422,4680,ASUR,462
2003-07-28,20.53333282470703,20.933332443237305,19.266666412353516,19.266666412353516,5790,ASUR,462
2003-07-29,19.333332061767578,20.666667938232422,19.0,20.0,9615,ASUR,462
2003-07-30,20.066667556762695,20.666667938232422,19.066667556762695,19.066667556762695,9300,ASUR,462
2003-07-31,21.0,21.333332061767578,20.0,20.0,12225,ASUR,462
2003-08-01,20.133333206176758,21.333332061767578,20.0,21.0,6210,ASUR,462
2003-08-04,20.066667556762695,20.600000381469727,20.066667556762695,20.066667556762695,4335,ASUR,462
2003-08-05,20.0,20.799999237060547,19.799999237060547,20.0,5160,ASUR,462
2003-08-06,20.133333206176758,20.333332061767578,19.53333282470703,19.666667938232422,6285,ASUR,462
2003-08-07,19.733333587646484,20.133333206176758,19.333332061767578,20.0,2610,ASUR,462
2003-08-08,19.866666793823242,20.133333206176758,18.53333282470703,18.53333282470703,1890,ASUR,462
2003-08-11,20.0,20.0,19.200000762939453,19.866666793823242,8160,ASUR,462
2003-08-12,22.066667556762695,23.266666412353516,19.46666717529297,20.133333206176758,33960,ASUR,462
2003-08-13,21.600000381469727,23.066667556762695,21.0,23.066667556762695,11265,ASUR,462
2003-08-14,20.866666793823242,21.0,20.133333206176758,21.0,6480,ASUR,462
2003-08-15,20.666667938232422,21.266666412353516,20.0,20.0,5475,ASUR,462
2003-08-18,20.399999618530273,21.333332061767578,20.333332061767578,20.666667938232422,7350,ASUR,462
2003-08-19,20.666667938232422,20.799999237060547,20.333332061767578,20.333332061767578,5025,ASUR,462
2003-08-20,20.666667938232422,20.866666793823242,20.333332061767578,20.46666717529297,3825,ASUR,462
2003-08-21,20.200000762939453,20.53333282470703,19.333332061767578,20.0,14685,ASUR,462
2003-08-22,21.066667556762695,21.066667556762695,20.0,20.0,6120,ASUR,462
2003-08-25,20.399999618530273,21.266666412353516,20.066667556762695,20.200000762939453,3300,ASUR,462
2003-08-26,20.0,20.333332061767578,19.799999237060547,20.200000762939453,3855,ASUR,462
2003-08-27,21.333332061767578,21.666667938232422,20.0,20.0,8310,ASUR,462
2003-08-28,21.133333206176758,21.266666412353516,21.0,21.0,1815,ASUR,462
2003-08-29,20.799999237060547,21.066667556762695,20.799999237060547,21.0,5040,ASUR,462
2003-09-02,21.333332061767578,21.600000381469727,20.333332061767578,20.399999618530273,5115,ASUR,462
2003-09-03,22.333332061767578,22.333332061767578,21.266666412353516,21.333332061767578,17025,ASUR,462
2003-09-04,21.600000381469727,22.333332061767578,21.266666412353516,22.333332061767578,3930,ASUR,462
2003-09-05,21.866666793823242,21.866666793823242,21.0,21.0,4830,ASUR,462
2003-09-08,22.133333206176758,23.0,21.200000762939453,22.333332061767578,9075,ASUR,462
2003-09-09,21.266666412353516,22.0,21.0,21.866666793823242,4725,ASUR,462
2003-09-10,22.666667938232422,23.266666412353516,21.0,21.333332061767578,10680,ASUR,462
2003-09-11,23.266666412353516,24.066667556762695,22.0,22.0,12240,ASUR,462
2003-09-12,23.600000381469727,23.666667938232422,21.399999618530273,23.666667938232422,8700,ASUR,462
2003-09-15,23.200000762939453,24.933332443237305,23.200000762939453,23.666667938232422,25470,ASUR,462
2003-09-16,24.200000762939453,24.53333282470703,23.333332061767578,23.333332061767578,23610,ASUR,462
2003-09-17,23.333332061767578,26.600000381469727,22.666667938232422,26.46666717529297,127065,ASUR,462
2003-09-18,24.933332443237305,25.200000762939453,22.799999237060547,22.933332443237305,65010,ASUR,462
2003-09-19,24.53333282470703,25.133333206176758,24.200000762939453,25.0,17610,ASUR,462
2003-09-22,24.0,24.733333587646484,23.133333206176758,24.666667938232422,15990,ASUR,462
2003-09-23,23.066667556762695,24.399999618530273,21.333332061767578,24.399999618530273,22350,ASUR,462
2003-09-24,23.266666412353516,24.799999237060547,22.733333587646484,23.266666412353516,22635,ASUR,462
2003-09-25,23.333332061767578,24.0,22.53333282470703,23.133333206176758,9240,ASUR,462
2003-09-26,22.133333206176758,23.866666793823242,21.866666793823242,23.333332061767578,5880,ASUR,462
2003-09-29,22.0,22.200000762939453,20.399999618530273,21.133333206176758,21900,ASUR,462
2003-09-30,22.0,22.933332443237305,20.600000381469727,21.733333587646484,12450,ASUR,462
2003-10-01,22.066667556762695,22.666667938232422,21.266666412353516,21.933332443237305,4710,ASUR,462
2003-10-02,22.333332061767578,22.53333282470703,21.399999618530273,22.133333206176758,4965,ASUR,462
2003-10-03,22.600000381469727,23.0,21.333332061767578,22.666667938232422,10230,ASUR,462
2003-10-06,23.066667556762695,23.266666412353516,22.200000762939453,22.866666793823242,3240,ASUR,462
2003-10-07,22.600000381469727,23.46666717529297,22.0,22.600000381469727,13020,ASUR,462
2003-10-08,22.733333587646484,22.733333587646484,22.066667556762695,22.399999618530273,11130,ASUR,462
2003-10-09,22.399999618530273,24.0,22.266666412353516,23.133333206176758,7590,ASUR,462
2003-10-10,22.133333206176758,23.066667556762695,22.133333206176758,23.066667556762695,7200,ASUR,462
2003-10-13,22.333332061767578,22.666667938232422,21.399999618530273,22.0,10515,ASUR,462
2003-10-14,21.399999618530273,23.0,21.399999618530273,22.600000381469727,6720,ASUR,462
2003-10-15,20.666667938232422,22.46666717529297,20.399999618530273,22.46666717529297,18390,ASUR,462
2003-10-16,20.066667556762695,21.066667556762695,19.53333282470703,20.333332061767578,16155,ASUR,462
2003-10-17,19.333332061767578,21.333332061767578,18.0,21.333332061767578,33555,ASUR,462
2003-10-20,19.0,19.399999618530273,17.333332061767578,18.399999618530273,14445,ASUR,462
2003-10-21,18.133333206176758,18.799999237060547,17.266666412353516,18.733333587646484,17760,ASUR,462
2003-10-22,19.333332061767578,19.933332443237305,17.666667938232422,18.0,13260,ASUR,462
2003-10-23,19.133333206176758,19.866666793823242,18.399999618530273,19.0,9495,ASUR,462
2003-10-24,19.333332061767578,19.933332443237305,18.46666717529297,18.600000381469727,8985,ASUR,462
2003-10-27,20.066667556762695,20.53333282470703,19.666667938232422,20.0,8670,ASUR,462
2003-10-28,20.333332061767578,20.53333282470703,19.0,20.0,10140,ASUR,462
2003-10-29,19.933332443237305,20.333332061767578,19.399999618530273,20.066667556762695,3255,ASUR,462
2003-10-30,19.399999618530273,20.200000762939453,19.399999618530273,20.0,22860,ASUR,462
2003-10-31,20.066667556762695,20.333332061767578,19.333332061767578,19.333332061767578,9630,ASUR,462
2003-11-03,19.866666793823242,20.333332061767578,19.0,20.333332061767578,51540,ASUR,462
2003-11-04,20.0,21.600000381469727,19.333332061767578,21.53333282470703,18600,ASUR,462
2003-11-05,21.0,21.666667938232422,19.933332443237305,20.333332061767578,13830,ASUR,462
2003-11-06,21.0,21.600000381469727,20.799999237060547,20.799999237060547,8190,ASUR,462
2003-11-07,20.600000381469727,21.266666412353516,20.0,20.666667938232422,13785,ASUR,462
2003-11-10,21.0,21.0,19.866666793823242,19.866666793823242,7110,ASUR,462
2003-11-11,21.333332061767578,21.46666717529297,20.200000762939453,20.200000762939453,4065,ASUR,462
2003-11-12,21.066667556762695,21.333332061767578,20.666667938232422,21.333332061767578,4470,ASUR,462
2003-11-13,20.600000381469727,21.0,20.46666717529297,20.666667938232422,3450,ASUR,462
2003-11-14,20.333332061767578,21.333332061767578,20.066667556762695,20.46666717529297,7920,ASUR,462
2003-11-17,20.799999237060547,20.799999237060547,20.066667556762695,20.46666717529297,7500,ASUR,462
2003-11-18,20.799999237060547,20.799999237060547,20.333332061767578,20.333332061767578,7785,ASUR,462
2003-11-19,21.066667556762695,21.066667556762695,20.333332061767578,20.799999237060547,4905,ASUR,462
2003-11-20,20.399999618530273,21.133333206176758,20.266666412353516,21.066667556762695,5805,ASUR,462
2003-11-21,20.866666793823242,20.866666793823242,20.333332061767578,20.53333282470703,3420,ASUR,462
2003-11-24,21.266666412353516,21.333332061767578,20.066667556762695,20.066667556762695,7470,ASUR,462
2003-11-25,21.066667556762695,21.333332061767578,20.53333282470703,21.333332061767578,9375,ASUR,462
2003-11-26,21.333332061767578,21.600000381469727,20.666667938232422,21.133333206176758,6720,ASUR,462
2003-11-28,22.46666717529297,22.53333282470703,21.200000762939453,21.600000381469727,8295,ASUR,462
2003-12-01,22.266666412353516,23.799999237060547,21.399999618530273,23.600000381469727,28680,ASUR,462
2003-12-02,21.733333587646484,22.666667938232422,21.333332061767578,22.666667938232422,22830,ASUR,462
2003-12-03,18.600000381469727,20.46666717529297,14.666666984558105,20.266666412353516,207870,ASUR,462
2003-12-04,18.0,18.333332061767578,16.866666793823242,16.866666793823242,46605,ASUR,462
2003-12-05,17.46666717529297,17.866666793823242,16.0,17.666667938232422,13890,ASUR,462
2003-12-08,16.600000381469727,17.600000381469727,15.600000381469727,17.266666412353516,27465,ASUR,462
2003-12-09,16.066667556762695,17.0,15.866666793823242,16.600000381469727,16800,ASUR,462
2003-12-10,15.666666984558105,16.53333282470703,15.333333015441895,15.666666984558105,13290,ASUR,462
2003-12-11,15.399999618530273,15.933333396911621,15.333333015441895,15.333333015441895,11565,ASUR,462
2003-12-12,16.266666412353516,16.46666717529297,15.266667366027832,15.733332633972168,6780,ASUR,462
2003-12-15,16.666667938232422,17.0,16.333332061767578,16.600000381469727,16365,ASUR,462
2003-12-16,18.200000762939453,18.333332061767578,17.066667556762695,17.333332061767578,32835,ASUR,462
2003-12-17,17.266666412353516,18.0,16.866666793823242,18.0,15030,ASUR,462
2003-12-18,17.133333206176758,18.0,16.799999237060547,18.0,10320,ASUR,462
2003-12-19,17.066667556762695,17.333332061767578,16.666667938232422,16.733333587646484,9405,ASUR,462
2003-12-22,17.133333206176758,17.53333282470703,16.666667938232422,17.0,5790,ASUR,462
2003-12-23,17.0,17.333332061767578,16.666667938232422,17.266666412353516,5070,ASUR,462
2003-12-24,17.0,17.333332061767578,16.733333587646484,16.733333587646484,4470,ASUR,462
2003-12-26,16.799999237060547,17.333332061767578,16.666667938232422,16.666667938232422,4500,ASUR,462
2003-12-29,16.399999618530273,17.333332061767578,16.066667556762695,16.666667938232422,18615,ASUR,462
2003-12-30,16.333332061767578,16.600000381469727,16.0,16.266666412353516,13305,ASUR,462
2003-12-31,16.46666717529297,17.0,16.133333206176758,16.133333206176758,24345,ASUR,462
2004-01-02,16.799999237060547,17.0,16.333332061767578,17.0,6030,ASUR,462
2004-01-05,17.0,17.333332061767578,16.799999237060547,17.333332061767578,6525,ASUR,462
2004-01-06,18.066667556762695,18.600000381469727,17.200000762939453,18.600000381469727,18585,ASUR,462
2004-01-07,19.333332061767578,19.333332061767578,17.799999237060547,17.799999237060547,24525,ASUR,462
2004-01-08,17.866666793823242,19.333332061767578,17.0,19.133333206176758,51720,ASUR,462
2004-01-09,17.399999618530273,18.46666717529297,17.0,17.46666717529297,12720,ASUR,462
2004-01-12,18.200000762939453,18.266666412353516,17.399999618530273,17.933332443237305,10455,ASUR,462
2004-01-13,18.266666412353516,18.799999237060547,17.666667938232422,18.0,23580,ASUR,462
2004-01-14,18.666667938232422,19.0,18.133333206176758,18.600000381469727,25065,ASUR,462
2004-01-15,18.333332061767578,19.200000762939453,18.066667556762695,19.0,25035,ASUR,462
2004-01-16,18.333332061767578,18.666667938232422,17.46666717529297,18.066667556762695,13710,ASUR,462
2004-01-20,19.0,19.200000762939453,18.666667938232422,18.733333587646484,30465,ASUR,462
2004-01-21,19.46666717529297,20.133333206176758,18.600000381469727,19.0,31605,ASUR,462
2004-01-22,19.46666717529297,20.0,19.0,20.0,6345,ASUR,462
2004-01-23,19.399999618530273,20.53333282470703,19.0,19.0,13785,ASUR,462
2004-01-26,19.333332061767578,20.133333206176758,19.266666412353516,19.866666793823242,13440,ASUR,462
2004-01-27,19.399999618530273,19.733333587646484,19.066667556762695,19.666667938232422,19080,ASUR,462
2004-01-28,19.066667556762695,19.666667938232422,19.0,19.53333282470703,14790,ASUR,462
2004-01-29,18.733333587646484,19.333332061767578,17.666667938232422,19.333332061767578,12810,ASUR,462
2004-01-30,18.200000762939453,18.733333587646484,17.666667938232422,18.333332061767578,10740,ASUR,462
2004-02-02,18.133333206176758,18.666667938232422,17.0,17.666667938232422,4665,ASUR,462
2004-02-03,18.666667938232422,19.266666412353516,18.399999618530273,18.600000381469727,11970,ASUR,462
2004-02-04,18.333332061767578,18.933332443237305,18.333332061767578,18.666667938232422,9195,ASUR,462
2004-02-05,18.333332061767578,18.666667938232422,18.333332061767578,18.666667938232422,8280,ASUR,462
2004-02-06,18.399999618530273,18.666667938232422,18.333332061767578,18.666667938232422,8280,ASUR,462
2004-02-09,13.466667175292969,17.666667938232422,11.666666984558105,17.399999618530273,225675,ASUR,462
2004-02-10,13.399999618530273,13.666666984558105,12.866666793823242,13.0,80055,ASUR,462
2004-02-11,13.266667366027832,13.466667175292969,13.066666603088379,13.266667366027832,33225,ASUR,462
2004-02-12,13.866666793823242,13.933333396911621,13.0,13.0,42600,ASUR,462
2004-02-13,13.933333396911621,14.333333015441895,12.866666793823242,14.066666603088379,35385,ASUR,462
2004-02-17,14.866666793823242,15.066666603088379,14.333333015441895,14.533332824707031,65715,ASUR,462
2004-02-18,14.800000190734863,16.0,14.533332824707031,15.333333015441895,24840,ASUR,462
2004-02-19,14.666666984558105,15.333333015441895,14.333333015441895,15.333333015441895,16260,ASUR,462
2004-02-20,13.333333015441895,14.800000190734863,13.266667366027832,14.800000190734863,20955,ASUR,462
2004-02-23,12.866666793823242,14.333333015441895,12.666666984558105,14.199999809265137,27000,ASUR,462
2004-02-24,12.666666984558105,13.0,12.199999809265137,13.0,26700,ASUR,462
2004-02-25,12.666666984558105,12.666666984558105,12.133333206176758,12.666666984558105,20850,ASUR,462
2004-02-26,12.333333015441895,13.133333206176758,12.333333015441895,12.666666984558105,21345,ASUR,462
2004-02-27,13.199999809265137,13.266667366027832,12.266667366027832,12.666666984558105,12195,ASUR,462
2004-03-01,13.266667366027832,13.266667366027832,13.066666603088379,13.066666603088379,12330,ASUR,462
2004-03-02,13.333333015441895,13.933333396911621,13.066666603088379,13.066666603088379,15330,ASUR,462
2004-03-03,12.866666793823242,13.600000381469727,12.533332824707031,13.399999618530273,10725,ASUR,462
2004-03-04,12.866666793823242,13.066666603088379,12.533332824707031,13.066666603088379,8970,ASUR,462
2004-03-05,13.266667366027832,13.266667366027832,12.533332824707031,12.666666984558105,9825,ASUR,462
2004-03-08,13.066666603088379,13.266667366027832,12.733332633972168,12.800000190734863,7860,ASUR,462
2004-03-09,12.466667175292969,13.266667366027832,12.133333206176758,12.333333015441895,22785,ASUR,462
2004-03-10,11.533332824707031,12.800000190734863,11.333333015441895,12.066666603088379,15915,ASUR,462
2004-03-11,11.666666984558105,12.399999618530273,11.399999618530273,12.399999618530273,8040,ASUR,462
2004-03-12,11.666666984558105,12.333333015441895,11.333333015441895,11.333333015441895,5385,ASUR,462
2004-03-15,11.0,11.666666984558105,10.800000190734863,11.333333015441895,11820,ASUR,462
2004-03-16,10.666666984558105,11.133333206176758,10.0,10.800000190734863,12090,ASUR,462
2004-03-17,10.333333015441895,10.466667175292969,9.0,10.133333206176758,19200,ASUR,462
2004-03-18,10.600000381469727,10.600000381469727,9.266667366027832,9.266667366027832,15030,ASUR,462
2004-03-19,10.466667175292969,10.933333396911621,9.066666603088379,9.066666603088379,8265,ASUR,462
2004-03-22,10.0,10.399999618530273,9.933333396911621,10.0,5475,ASUR,462
2004-03-23,10.0,10.666666984558105,9.399999618530273,10.666666984558105,10725,ASUR,462
2004-03-24,9.666666984558105,11.066666603088379,9.666666984558105,11.0,5805,ASUR,462
2004-03-25,10.199999809265137,10.399999618530273,9.666666984558105,10.333333015441895,8235,ASUR,462
2004-03-26,10.666666984558105,10.666666984558105,9.666666984558105,10.333333015441895,15675,ASUR,462
2004-03-29,10.466667175292969,10.666666984558105,9.466667175292969,9.466667175292969,8730,ASUR,462
2004-03-30,10.133333206176758,10.399999618530273,9.466667175292969,9.733332633972168,22170,ASUR,462
2004-03-31,10.533332824707031,10.533332824707031,9.666666984558105,10.066666603088379,20505,ASUR,462
2004-04-01,10.333333015441895,10.800000190734863,9.666666984558105,10.533332824707031,13380,ASUR,462
2004-04-02,9.933333396911621,10.600000381469727,9.733332633972168,9.733332633972168,20085,ASUR,462
2004-04-05,11.399999618530273,11.666666984558105,9.933333396911621,10.133333206176758,15555,ASUR,462
2004-04-06,11.399999618530273,14.666666984558105,11.399999618530273,12.666666984558105,293505,ASUR,462
2004-04-07,11.199999809265137,12.399999618530273,10.866666793823242,12.399999618530273,39060,ASUR,462
2004-04-08,11.533332824707031,11.800000190734863,11.0,11.199999809265137,43815,ASUR,462
2004-04-12,11.333333015441895,12.066666603088379,11.0,11.933333396911621,19470,ASUR,462
2004-04-13,11.266667366027832,11.800000190734863,10.933333396911621,11.199999809265137,11520,ASUR,462
2004-04-14,11.600000381469727,11.933333396911621,10.0,10.733332633972168,33330,ASUR,462
2004-04-15,11.666666984558105,11.733332633972168,10.666666984558105,11.199999809265137,11055,ASUR,462
2004-04-16,11.399999618530273,11.666666984558105,11.199999809265137,11.266667366027832,8145,ASUR,462
2004-04-19,11.066666603088379,11.466667175292969,11.0,11.066666603088379,4995,ASUR,462
2004-04-20,10.600000381469727,11.466667175292969,10.066666603088379,10.600000381469727,26460,ASUR,462
2004-04-21,10.333333015441895,10.600000381469727,10.0,10.133333206176758,36345,ASUR,462
2004-04-22,11.066666603088379,11.133333206176758,10.133333206176758,10.466667175292969,31155,ASUR,462
2004-04-23,10.866666793823242,11.866666793823242,10.800000190734863,11.399999618530273,29385,ASUR,462
2004-04-26,12.399999618530273,12.666666984558105,10.733332633972168,11.600000381469727,43380,ASUR,462
2004-04-27,11.866666793823242,12.666666984558105,11.466667175292969,12.466667175292969,14985,ASUR,462
2004-04-28,11.600000381469727,12.133333206176758,11.0,11.866666793823242,5775,ASUR,462
2004-04-29,11.533332824707031,11.933333396911621,11.0,11.933333396911621,4620,ASUR,462
2004-04-30,12.066666603088379,12.066666603088379,10.133333206176758,11.199999809265137,19575,ASUR,462
2004-05-03,10.933333396911621,11.199999809265137,10.533332824707031,11.066666603088379,6420,ASUR,462
2004-05-04,10.399999618530273,10.800000190734863,10.333333015441895,10.466667175292969,3960,ASUR,462
2004-05-05,9.666666984558105,10.399999618530273,9.133333206176758,9.533332824707031,15495,ASUR,462
2004-05-06,9.733332633972168,10.0,9.333333015441895,10.0,5490,ASUR,462
2004-05-07,9.399999618530273,9.933333396911621,9.399999618530273,9.933333396911621,5265,ASUR,462
2004-05-10,8.666666984558105,9.333333015441895,8.533332824707031,9.333333015441895,14340,ASUR,462
2004-05-11,8.800000190734863,9.333333015441895,8.600000381469727,8.600000381469727,9825,ASUR,462
2004-05-12,9.533332824707031,9.666666984558105,8.866666793823242,8.866666793823242,6765,ASUR,462
2004-05-13,9.333333015441895,9.533332824707031,8.666666984558105,9.0,1005,ASUR,462
2004-05-14,8.933333396911621,9.466667175292969,8.933333396911621,9.466667175292969,1635,ASUR,462
2004-05-17,8.666666984558105,8.666666984558105,7.933332920074463,8.399999618530273,8250,ASUR,462
2004-05-18,8.666666984558105,9.0,8.199999809265137,8.866666793823242,6885,ASUR,462
2004-05-19,8.600000381469727,9.0,8.333333015441895,8.333333015441895,5205,ASUR,462
2004-05-20,8.800000190734863,8.933333396911621,8.399999618530273,8.733332633972168,2730,ASUR,462
2004-05-21,8.933333396911621,9.199999809265137,8.666666984558105,8.733332633972168,4890,ASUR,462
2004-05-24,8.466667175292969,9.0,8.333333015441895,8.333333015441895,3450,ASUR,462
2004-05-25,8.666666984558105,9.133333206176758,8.199999809265137,8.199999809265137,3615,ASUR,462
2004-05-26,8.666666984558105,9.0,8.533332824707031,8.800000190734863,2895,ASUR,462
2004-05-27,9.0,9.0,8.399999618530273,8.533332824707031,1395,ASUR,462
2004-05-28,8.533332824707031,8.800000190734863,8.466667175292969,8.466667175292969,3420,ASUR,462
2004-06-01,8.533332824707031,8.600000381469727,8.333333015441895,8.600000381469727,8370,ASUR,462
2004-06-02,9.333333015441895,9.333333015441895,8.533332824707031,8.600000381469727,10905,ASUR,462
2004-06-03,9.933333396911621,10.399999618530273,9.0,9.266667366027832,14205,ASUR,462
2004-06-04,9.933333396911621,10.399999618530273,9.266667366027832,9.800000190734863,12105,ASUR,462
2004-06-07,9.666666984558105,10.266667366027832,9.333333015441895,10.0,5235,ASUR,462
2004-06-08,9.399999618530273,9.666666984558105,9.333333015441895,9.466667175292969,6990,ASUR,462
2004-06-09,9.533332824707031,9.666666984558105,9.333333015441895,9.333333015441895,5205,ASUR,462
2004-06-10,9.466667175292969,9.800000190734863,9.399999618530273,9.399999618530273,6840,ASUR,462
2004-06-14,9.466667175292969,9.666666984558105,8.333333015441895,9.399999618530273,34695,ASUR,462
2004-06-15,9.133333206176758,10.066666603088379,8.533332824707031,10.066666603088379,11025,ASUR,462
2004-06-16,8.733332633972168,9.199999809265137,8.333333015441895,9.133333206176758,16710,ASUR,462
2004-06-17,8.733332633972168,9.333333015441895,8.333333015441895,9.333333015441895,9975,ASUR,462
2004-06-18,8.466667175292969,9.333333015441895,8.333333015441895,8.600000381469727,7575,ASUR,462
2004-06-21,8.666666984558105,8.933333396911621,8.199999809265137,8.199999809265137,8850,ASUR,462
2004-06-22,8.600000381469727,8.666666984558105,8.0,8.666666984558105,14175,ASUR,462
2004-06-23,8.666666984558105,8.733332633972168,8.199999809265137,8.600000381469727,12660,ASUR,462
2004-06-24,8.600000381469727,8.733332633972168,8.199999809265137,8.199999809265137,4290,ASUR,462
2004-06-25,9.133333206176758,9.266667366027832,8.533332824707031,9.0,11865,ASUR,462
2004-06-28,9.266667366027832,9.333333015441895,8.533332824707031,8.933333396911621,4935,ASUR,462
2004-06-29,8.866666793823242,9.800000190734863,8.399999618530273,9.800000190734863,3765,ASUR,462
2004-06-30,9.066666603088379,9.066666603088379,8.733332633972168,8.733332633972168,495,ASUR,462
2004-07-01,8.800000190734863,9.133333206176758,8.600000381469727,8.733332633972168,5805,ASUR,462
2004-07-02,9.800000190734863,9.800000190734863,8.466667175292969,9.399999618530273,19620,ASUR,462
2004-07-06,9.933333396911621,10.0,9.333333015441895,10.0,3060,ASUR,462
2004-07-07,9.066666603088379,9.866666793823242,8.533332824707031,9.333333015441895,10395,ASUR,462
2004-07-08,8.666666984558105,9.333333015441895,8.666666984558105,9.333333015441895,5175,ASUR,462
2004-07-09,8.533332824707031,9.466667175292969,8.533332824707031,9.466667175292969,6030,ASUR,462
2004-07-12,8.466667175292969,8.866666793823242,8.266667366027832,8.466667175292969,4995,ASUR,462
2004-07-13,8.600000381469727,8.600000381469727,8.066666603088379,8.066666603088379,6600,ASUR,462
2004-07-14,7.6666669845581055,8.600000381469727,6.866666793823242,8.600000381469727,38535,ASUR,462
2004-07-15,8.533332824707031,8.533332824707031,7.6666669845581055,7.6666669845581055,8415,ASUR,462
2004-07-16,8.333333015441895,8.600000381469727,7.6666669845581055,7.6666669845581055,3900,ASUR,462
2004-07-19,8.333333015441895,8.333333015441895,7.933332920074463,8.333333015441895,10710,ASUR,462
2004-07-20,8.266667366027832,8.533332824707031,8.0,8.0,4575,ASUR,462
2004-07-21,8.0,8.600000381469727,8.0,8.600000381469727,2715,ASUR,462
2004-07-22,7.866666793823242,8.0,7.800000190734863,8.0,2550,ASUR,462
2004-07-23,7.599999904632568,7.866666793823242,7.466667175292969,7.733333110809326,9345,ASUR,462
2004-07-26,7.266666889190674,7.533332824707031,6.733333110809326,7.3333330154418945,5430,ASUR,462
2004-07-27,7.533332824707031,7.933332920074463,6.933332920074463,6.933332920074463,6315,ASUR,462
2004-07-28,7.266666889190674,7.466667175292969,7.0,7.400000095367432,21930,ASUR,462
2004-07-29,7.599999904632568,7.933332920074463,7.199999809265137,7.933332920074463,16335,ASUR,462
2004-07-30,8.133333206176758,8.199999809265137,7.3333330154418945,7.466667175292969,13275,ASUR,462
2004-08-02,8.733332633972168,9.0,7.733333110809326,8.199999809265137,15225,ASUR,462
2004-08-03,8.666666984558105,8.933333396911621,8.066666603088379,8.066666603088379,27090,ASUR,462
2004-08-04,8.733332633972168,8.866666793823242,8.466667175292969,8.466667175292969,3945,ASUR,462
2004-08-05,8.666666984558105,8.666666984558105,8.666666984558105,8.666666984558105,2415,ASUR,462
2004-08-06,8.666666984558105,8.866666793823242,8.333333015441895,8.666666984558105,19050,ASUR,462
2004-08-09,8.666666984558105,8.666666984558105,8.333333015441895,8.666666984558105,7050,ASUR,462
2004-08-10,8.733332633972168,9.333333015441895,8.066666603088379,8.066666603088379,23385,ASUR,462
2004-08-11,8.666666984558105,9.133333206176758,8.533332824707031,9.133333206176758,31200,ASUR,462
2004-08-12,8.800000190734863,8.866666793823242,8.666666984558105,8.733332633972168,16740,ASUR,462
2004-08-13,8.800000190734863,8.933333396911621,7.6666669845581055,7.866666793823242,15690,ASUR,462
2004-08-16,8.466667175292969,8.600000381469727,8.199999809265137,8.466667175292969,1170,ASUR,462
2004-08-17,8.333333015441895,8.533332824707031,8.333333015441895,8.333333015441895,1125,ASUR,462
2004-08-18,9.066666603088379,9.333333015441895,8.266667366027832,8.333333015441895,45510,ASUR,462
2004-08-19,9.133333206176758,10.066666603088379,8.666666984558105,8.666666984558105,8520,ASUR,462
2004-08-20,10.0,10.333333015441895,8.666666984558105,8.666666984558105,8775,ASUR,462
2004-08-23,9.933333396911621,10.0,8.666666984558105,9.800000190734863,1695,ASUR,462
2004-08-24,9.066666603088379,9.866666793823242,9.0,9.0,2955,ASUR,462
2004-08-25,10.733332633972168,10.866666793823242,9.333333015441895,9.399999618530273,53190,ASUR,462
2004-08-26,10.933333396911621,11.199999809265137,10.333333015441895,11.0,10680,ASUR,462
2004-08-27,11.0,11.333333015441895,10.333333015441895,10.399999618530273,25605,ASUR,462
2004-08-30,10.266667366027832,10.666666984558105,10.066666603088379,10.066666603088379,6330,ASUR,462
2004-08-31,10.199999809265137,10.399999618530273,9.466667175292969,10.066666603088379,8400,ASUR,462
2004-09-01,10.266667366027832,10.333333015441895,9.666666984558105,9.666666984558105,14370,ASUR,462
2004-09-02,10.533332824707031,10.533332824707031,9.866666793823242,9.866666793823242,22005,ASUR,462
2004-09-03,11.199999809265137,11.199999809265137,9.866666793823242,10.533332824707031,4035,ASUR,462
2004-09-07,10.800000190734863,11.266667366027832,10.333333015441895,10.733332633972168,4245,ASUR,462
2004-09-08,10.666666984558105,11.0,10.333333015441895,10.399999618530273,10590,ASUR,462
2004-09-09,10.333333015441895,10.666666984558105,10.199999809265137,10.199999809265137,3240,ASUR,462
2004-09-10,10.533332824707031,10.800000190734863,9.333333015441895,10.0,18990,ASUR,462
2004-09-13,10.933333396911621,10.933333396911621,10.0,10.600000381469727,18180,ASUR,462
2004-09-14,11.333333015441895,11.733332633972168,10.666666984558105,11.0,14565,ASUR,462
2004-09-15,12.0,12.266667366027832,10.866666793823242,11.333333015441895,29655,ASUR,462
2004-09-16,11.733332633972168,12.0,11.399999618530273,12.0,5640,ASUR,462
2004-09-17,11.533332824707031,11.800000190734863,10.800000190734863,11.800000190734863,5445,ASUR,462
2004-09-20,10.666666984558105,12.199999809265137,10.266667366027832,11.199999809265137,6210,ASUR,462
2004-09-21,9.800000190734863,10.533332824707031,9.733332633972168,10.466667175292969,4725,ASUR,462
2004-09-22,9.800000190734863,10.133333206176758,9.666666984558105,9.800000190734863,945,ASUR,462
2004-09-23,9.800000190734863,9.866666793823242,9.666666984558105,9.800000190734863,1530,ASUR,462
2004-09-24,10.0,10.133333206176758,9.800000190734863,9.800000190734863,3390,ASUR,462
2004-09-27,10.0,10.533332824707031,9.733332633972168,9.733332633972168,1500,ASUR,462
2004-09-28,9.666666984558105,10.333333015441895,9.600000381469727,10.333333015441895,10020,ASUR,462
2004-09-29,9.666666984558105,10.0,9.600000381469727,9.666666984558105,2040,ASUR,462
2004-09-30,9.866666793823242,10.066666603088379,9.666666984558105,9.666666984558105,5325,ASUR,462
2004-10-01,9.666666984558105,9.800000190734863,9.600000381469727,9.733332633972168,2925,ASUR,462
2004-10-04,9.600000381469727,9.866666793823242,9.600000381469727,9.666666984558105,13125,ASUR,462
2004-10-05,8.866666793823242,9.666666984558105,8.800000190734863,9.666666984558105,12165,ASUR,462
2004-10-06,9.533332824707031,9.533332824707031,8.800000190734863,9.0,2565,ASUR,462
2004-10-07,8.666666984558105,9.533332824707031,8.666666984558105,9.466667175292969,2640,ASUR,462
2004-10-08,8.733332633972168,9.199999809265137,8.600000381469727,8.600000381469727,4920,ASUR,462
2004-10-11,9.133333206176758,9.533332824707031,8.600000381469727,9.533332824707031,1305,ASUR,462
2004-10-12,8.333333015441895,9.066666603088379,8.333333015441895,8.800000190734863,3945,ASUR,462
2004-10-13,9.333333015441895,9.333333015441895,8.466667175292969,8.466667175292969,8685,ASUR,462
2004-10-14,9.0,9.333333015441895,9.0,9.0,2370,ASUR,462
2004-10-15,9.266667366027832,9.266667366027832,9.0,9.066666603088379,2955,ASUR,462
2004-10-18,9.333333015441895,9.333333015441895,9.0,9.066666603088379,2595,ASUR,462
2004-10-19,9.666666984558105,9.666666984558105,8.466667175292969,8.466667175292969,7365,ASUR,462
2004-10-20,9.466667175292969,9.800000190734863,9.466667175292969,9.666666984558105,5625,ASUR,462
2004-10-21,9.466667175292969,9.600000381469727,9.333333015441895,9.333333015441895,3645,ASUR,462
2004-10-22,9.800000190734863,9.800000190734863,9.333333015441895,9.333333015441895,16440,ASUR,462
2004-10-25,9.800000190734863,10.066666603088379,9.466667175292969,9.800000190734863,18060,ASUR,462
2004-10-26,9.666666984558105,10.133333206176758,9.333333015441895,9.333333015441895,2850,ASUR,462
2004-10-27,9.933333396911621,9.933333396911621,9.666666984558105,9.666666984558105,1875,ASUR,462
2004-10-28,9.866666793823242,10.133333206176758,9.666666984558105,9.933333396911621,8160,ASUR,462
2004-10-29,10.466667175292969,10.666666984558105,9.733332633972168,9.733332633972168,12945,ASUR,462
2004-11-01,10.199999809265137,10.666666984558105,9.933333396911621,9.933333396911621,11250,ASUR,462
2004-11-02,10.199999809265137,10.266667366027832,9.866666793823242,9.866666793823242,5400,ASUR,462
2004-11-03,10.133333206176758,10.199999809265137,10.0,10.133333206176758,6885,ASUR,462
2004-11-04,11.333333015441895,12.133333206176758,9.733332633972168,10.0,26025,ASUR,462
2004-11-05,11.333333015441895,11.333333015441895,10.333333015441895,10.333333015441895,11040,ASUR,462
2004-11-08,10.733332633972168,11.266667366027832,10.666666984558105,10.933333396911621,4620,ASUR,462
2004-11-09,10.533332824707031,11.600000381469727,10.199999809265137,10.600000381469727,10035,ASUR,462
2004-11-10,10.666666984558105,10.866666793823242,10.199999809265137,10.533332824707031,9675,ASUR,462
2004-11-11,11.466667175292969,11.933333396911621,10.533332824707031,10.933333396911621,33870,ASUR,462
2004-11-12,11.866666793823242,11.866666793823242,11.266667366027832,11.266667366027832,10260,ASUR,462
2004-11-15,11.333333015441895,12.333333015441895,11.333333015441895,12.333333015441895,9555,ASUR,462
2004-11-16,11.666666984558105,12.0,11.333333015441895,11.399999618530273,9720,ASUR,462
2004-11-17,11.666666984558105,11.866666793823242,11.666666984558105,11.733332633972168,7320,ASUR,462
2004-11-18,11.933333396911621,12.0,11.333333015441895,12.0,3420,ASUR,462
2004-11-19,11.733332633972168,11.933333396911621,11.333333015441895,11.399999618530273,3735,ASUR,462
2004-11-22,11.866666793823242,12.0,11.399999618530273,11.733332633972168,2895,ASUR,462
2004-11-23,11.533332824707031,11.800000190734863,11.266667366027832,11.533332824707031,3705,ASUR,462
2004-11-24,11.333333015441895,11.600000381469727,11.133333206176758,11.399999618530273,4215,ASUR,462
2004-11-26,12.133333206176758,12.133333206176758,11.333333015441895,11.333333015441895,7455,ASUR,462
2004-11-29,11.800000190734863,12.600000381469727,11.399999618530273,12.133333206176758,13740,ASUR,462
2004-11-30,11.466667175292969,12.0,11.333333015441895,11.466667175292969,12960,ASUR,462
2004-12-01,12.266667366027832,12.333333015441895,11.399999618530273,11.600000381469727,10200,ASUR,462
2004-12-02,11.600000381469727,12.0,11.466667175292969,12.0,6990,ASUR,462
2004-12-03,12.866666793823242,13.266667366027832,11.0,11.0,45255,ASUR,462
2004-12-06,12.466667175292969,13.333333015441895,12.066666603088379,12.066666603088379,18705,ASUR,462
2004-12-07,12.399999618530273,12.600000381469727,12.0,12.0,11085,ASUR,462
2004-12-08,12.066666603088379,12.333333015441895,12.0,12.066666603088379,6795,ASUR,462
2004-12-09,12.0,12.800000190734863,11.733332633972168,12.800000190734863,3660,ASUR,462
2004-12-10,12.199999809265137,12.266667366027832,11.666666984558105,11.800000190734863,4080,ASUR,462
2004-12-13,12.066666603088379,12.399999618530273,11.933333396911621,12.066666603088379,5775,ASUR,462
2004-12-14,11.933333396911621,12.199999809265137,11.866666793823242,12.066666603088379,8640,ASUR,462
2004-12-15,11.533332824707031,12.133333206176758,11.333333015441895,11.666666984558105,13650,ASUR,462
2004-12-16,11.333333015441895,11.533332824707031,11.199999809265137,11.199999809265137,7020,ASUR,462
2004-12-17,12.0,12.0,11.333333015441895,11.600000381469727,6810,ASUR,462
2004-12-20,11.933333396911621,12.066666603088379,11.533332824707031,11.533332824707031,7725,ASUR,462
2004-12-21,13.800000190734863,14.133333206176758,11.666666984558105,11.666666984558105,109785,ASUR,462
2004-12-22,15.0,15.266667366027832,12.733332633972168,13.333333015441895,84465,ASUR,462
2004-12-23,14.133333206176758,15.0,14.133333206176758,14.333333015441895,22200,ASUR,462
2004-12-27,14.133333206176758,14.600000381469727,14.0,14.133333206176758,18750,ASUR,462
2004-12-28,14.199999809265137,14.199999809265137,13.333333015441895,13.333333015441895,13965,ASUR,462
2004-12-29,14.199999809265137,14.666666984558105,14.0,14.0,8205,ASUR,462
2004-12-30,14.066666603088379,14.333333015441895,13.800000190734863,14.066666603088379,6525,ASUR,462
2004-12-31,14.199999809265137,14.600000381469727,14.0,14.600000381469727,8175,ASUR,462
2005-01-03,14.600000381469727,14.866666793823242,14.266667366027832,14.266667366027832,9645,ASUR,462
2005-01-04,13.333333015441895,14.933333396911621,13.333333015441895,14.399999618530273,24240,ASUR,462
2005-01-05,13.600000381469727,13.666666984558105,13.333333015441895,13.399999618530273,5175,ASUR,462
2005-01-06,13.666666984558105,13.666666984558105,13.399999618530273,13.399999618530273,5580,ASUR,462
2005-01-07,13.399999618530273,13.533332824707031,13.333333015441895,13.533332824707031,6480,ASUR,462
2005-01-10,13.333333015441895,13.399999618530273,13.0,13.333333015441895,5565,ASUR,462
2005-01-11,12.0,13.533332824707031,11.800000190734863,13.333333015441895,9945,ASUR,462
2005-01-12,11.933333396911621,12.199999809265137,11.666666984558105,11.666666984558105,9585,ASUR,462
2005-01-13,11.733332633972168,12.066666603088379,11.733332633972168,12.0,4080,ASUR,462
2005-01-14,12.0,12.466667175292969,11.666666984558105,11.666666984558105,5880,ASUR,462
2005-01-18,12.0,12.333333015441895,11.666666984558105,11.733332633972168,5760,ASUR,462
2005-01-19,12.066666603088379,12.333333015441895,11.733332633972168,12.066666603088379,3525,ASUR,462
2005-01-20,12.800000190734863,13.266667366027832,12.333333015441895,12.333333015441895,10755,ASUR,462
2005-01-21,13.0,13.199999809265137,12.533332824707031,12.533332824707031,6105,ASUR,462
2005-01-24,13.333333015441895,13.666666984558105,12.600000381469727,13.199999809265137,9195,ASUR,462
2005-01-25,13.0,14.0,12.733332633972168,13.333333015441895,12570,ASUR,462
2005-01-26,13.666666984558105,13.866666793823242,12.733332633972168,12.733332633972168,9345,ASUR,462
2005-01-27,13.800000190734863,14.0,13.666666984558105,14.0,3705,ASUR,462
2005-01-28,13.666666984558105,13.866666793823242,13.466667175292969,13.466667175292969,2955,ASUR,462
2005-01-31,13.666666984558105,13.933333396911621,13.466667175292969,13.466667175292969,4860,ASUR,462
2005-02-01,13.800000190734863,14.133333206176758,13.333333015441895,13.933333396911621,6450,ASUR,462
2005-02-02,13.666666984558105,14.133333206176758,13.666666984558105,13.800000190734863,3885,ASUR,462
2005-02-03,17.933332443237305,19.46666717529297,14.133333206176758,14.133333206176758,187815,ASUR,462
2005-02-04,19.733333587646484,20.733333587646484,16.733333587646484,18.666667938232422,258210,ASUR,462
2005-02-07,18.133333206176758,20.266666412353516,17.53333282470703,20.133333206176758,94200,ASUR,462
2005-02-08,19.0,19.066667556762695,17.399999618530273,17.799999237060547,53400,ASUR,462
2005-02-09,18.866666793823242,19.399999618530273,18.333332061767578,19.333332061767578,24525,ASUR,462
2005-02-10,18.666667938232422,19.133333206176758,18.333332061767578,18.866666793823242,21645,ASUR,462
2005-02-11,19.266666412353516,19.46666717529297,18.399999618530273,19.0,26505,ASUR,462
2005-02-14,19.0,20.0,19.0,19.266666412353516,27180,ASUR,462
2005-02-15,18.866666793823242,19.53333282470703,18.666667938232422,19.133333206176758,22590,ASUR,462
2005-02-16,17.53333282470703,19.0,17.333332061767578,18.933332443237305,27345,ASUR,462
2005-02-17,17.46666717529297,17.600000381469727,16.799999237060547,16.933332443237305,14850,ASUR,462
2005-02-18,16.866666793823242,17.799999237060547,16.066667556762695,17.066667556762695,31395,ASUR,462
2005-02-22,17.666667938232422,18.333332061767578,16.200000762939453,16.666667938232422,23175,ASUR,462
2005-02-23,18.200000762939453,18.333332061767578,17.333332061767578,17.866666793823242,17310,ASUR,462
2005-02-24,17.666667938232422,18.333332061767578,17.333332061767578,18.200000762939453,11535,ASUR,462
2005-02-25,16.266666412353516,17.333332061767578,15.466667175292969,17.266666412353516,41415,ASUR,462
2005-02-28,14.399999618530273,16.133333206176758,14.333333015441895,15.133333206176758,28860,ASUR,462
2005-03-01,16.399999618530273,16.666667938232422,14.666666984558105,14.666666984558105,15300,ASUR,462
2005-03-02,16.0,16.799999237060547,15.600000381469727,15.600000381469727,28680,ASUR,462
2005-03-03,16.46666717529297,16.46666717529297,15.533332824707031,15.600000381469727,6885,ASUR,462
2005-03-04,16.266666412353516,16.799999237060547,15.666666984558105,16.066667556762695,15585,ASUR,462
2005-03-07,16.333332061767578,16.733333587646484,15.666666984558105,16.53333282470703,25725,ASUR,462
2005-03-08,15.933333396911621,16.666667938232422,15.933333396911621,16.333332061767578,9465,ASUR,462
2005-03-09,16.200000762939453,16.333332061767578,15.600000381469727,15.600000381469727,5415,ASUR,462
2005-03-10,16.266666412353516,16.46666717529297,15.333333015441895,15.800000190734863,10185,ASUR,462
2005-03-11,15.800000190734863,16.666667938232422,15.600000381469727,15.600000381469727,6330,ASUR,462
2005-03-14,15.600000381469727,16.0,15.399999618530273,15.733332633972168,2325,ASUR,462
2005-03-15,15.533332824707031,15.866666793823242,15.333333015441895,15.533332824707031,3060,ASUR,462
2005-03-16,15.666666984558105,15.666666984558105,15.266667366027832,15.333333015441895,3915,ASUR,462
2005-03-17,14.466667175292969,15.933333396911621,14.133333206176758,15.933333396911621,10230,ASUR,462
2005-03-18,14.399999618530273,14.399999618530273,14.066666603088379,14.333333015441895,3465,ASUR,462
2005-03-21,14.333333015441895,14.466667175292969,13.666666984558105,13.666666984558105,12750,ASUR,462
2005-03-22,14.800000190734863,15.466667175292969,14.0,14.333333015441895,8205,ASUR,462
2005-03-23,14.600000381469727,15.933333396911621,14.399999618530273,14.600000381469727,15120,ASUR,462
2005-03-24,14.933333396911621,16.0,14.399999618530273,14.399999618530273,7425,ASUR,462
2005-03-28,15.0,15.600000381469727,14.399999618530273,14.666666984558105,5595,ASUR,462
2005-03-29,14.666666984558105,15.0,14.666666984558105,14.666666984558105,1380,ASUR,462
2005-03-30,14.399999618530273,14.733332633972168,14.333333015441895,14.733332633972168,3870,ASUR,462
2005-03-31,14.133333206176758,14.666666984558105,13.866666793823242,14.333333015441895,4290,ASUR,462
2005-04-01,13.800000190734863,14.266667366027832,13.600000381469727,13.866666793823242,13005,ASUR,462
2005-04-04,14.533332824707031,14.600000381469727,13.399999618530273,13.533332824707031,7755,ASUR,462
2005-04-05,14.066666603088379,14.800000190734863,13.733332633972168,14.133333206176758,10785,ASUR,462
2005-04-06,13.666666984558105,14.399999618530273,13.333333015441895,13.666666984558105,11220,ASUR,462
2005-04-07,13.333333015441895,13.600000381469727,13.333333015441895,13.333333015441895,3360,ASUR,462
2005-04-08,14.199999809265137,14.933333396911621,13.333333015441895,13.333333015441895,13725,ASUR,462
2005-04-11,14.800000190734863,15.333333015441895,14.533332824707031,14.533332824707031,5670,ASUR,462
2005-04-12,14.0,15.133333206176758,13.866666793823242,14.666666984558105,2970,ASUR,462
2005-04-13,14.133333206176758,14.133333206176758,13.866666793823242,14.133333206176758,4680,ASUR,462
2005-04-14,13.399999618530273,14.0,13.399999618530273,13.733332633972168,4260,ASUR,462
2005-04-15,13.333333015441895,13.600000381469727,12.800000190734863,13.399999618530273,14055,ASUR,462
2005-04-18,12.266667366027832,13.666666984558105,12.266667366027832,13.666666984558105,13905,ASUR,462
2005-04-19,11.133333206176758,13.0,10.866666793823242,12.199999809265137,16755,ASUR,462
2005-04-20,11.133333206176758,11.399999618530273,11.066666603088379,11.399999618530273,4965,ASUR,462
2005-04-21,10.666666984558105,11.066666603088379,10.666666984558105,10.866666793823242,6735,ASUR,462
2005-04-22,11.066666603088379,11.199999809265137,10.533332824707031,10.533332824707031,6765,ASUR,462
2005-04-25,10.666666984558105,11.600000381469727,10.666666984558105,11.333333015441895,7905,ASUR,462
2005-04-26,10.533332824707031,10.933333396911621,10.0,10.666666984558105,5175,ASUR,462
2005-04-27,10.533332824707031,10.666666984558105,10.333333015441895,10.333333015441895,2220,ASUR,462
2005-04-28,10.266667366027832,10.733332633972168,10.266667366027832,10.399999618530273,1275,ASUR,462
2005-04-29,10.399999618530273,10.533332824707031,10.133333206176758,10.533332824707031,1905,ASUR,462
2005-05-02,10.733332633972168,11.266667366027832,10.399999618530273,10.533332824707031,9585,ASUR,462
2005-05-03,10.533332824707031,10.866666793823242,10.066666603088379,10.733332633972168,5775,ASUR,462
2005-05-04,10.466667175292969,10.533332824707031,10.0,10.399999618530273,7650,ASUR,462
2005-05-05,9.800000190734863,10.866666793823242,9.800000190734863,10.399999618530273,12660,ASUR,462
2005-05-06,9.800000190734863,10.199999809265137,9.666666984558105,10.066666603088379,5685,ASUR,462
2005-05-09,11.199999809265137,12.0,9.866666793823242,9.866666793823242,18225,ASUR,462
2005-05-10,11.199999809265137,11.266667366027832,10.0,11.199999809265137,8985,ASUR,462
2005-05-11,11.533332824707031,11.733332633972168,10.600000381469727,10.800000190734863,3345,ASUR,462
2005-05-12,11.733332633972168,12.0,11.533332824707031,11.533332824707031,4935,ASUR,462
2005-05-13,11.933333396911621,12.333333015441895,11.666666984558105,12.333333015441895,10995,ASUR,462
2005-05-16,12.0,12.0,11.466667175292969,11.933333396911621,8370,ASUR,462
2005-05-17,11.800000190734863,12.600000381469727,11.533332824707031,11.866666793823242,7650,ASUR,462
2005-05-18,11.666666984558105,11.933333396911621,10.866666793823242,11.333333015441895,3960,ASUR,462
2005-05-19,11.333333015441895,11.666666984558105,11.199999809265137,11.333333015441895,3585,ASUR,462
2005-05-20,11.533332824707031,11.933333396911621,11.333333015441895,11.800000190734863,2655,ASUR,462
2005-05-23,10.666666984558105,11.666666984558105,10.666666984558105,11.399999618530273,6915,ASUR,462
2005-05-24,11.0,11.133333206176758,10.733332633972168,10.800000190734863,2415,ASUR,462
2005-05-25,11.333333015441895,11.666666984558105,10.933333396911621,10.933333396911621,6345,ASUR,462
2005-05-26,11.466667175292969,11.933333396911621,11.333333015441895,11.666666984558105,3330,ASUR,462
2005-05-27,11.600000381469727,12.0,11.600000381469727,11.600000381469727,2580,ASUR,462
2005-05-31,12.0,12.0,11.066666603088379,11.800000190734863,5745,ASUR,462
2005-06-01,11.399999618530273,11.866666793823242,11.399999618530273,11.533332824707031,1890,ASUR,462
2005-06-02,10.933333396911621,11.399999618530273,10.800000190734863,11.333333015441895,6825,ASUR,462
2005-06-03,11.466667175292969,11.466667175292969,11.0,11.0,9900,ASUR,462
2005-06-06,11.333333015441895,11.666666984558105,11.199999809265137,11.399999618530273,4695,ASUR,462
2005-06-07,11.333333015441895,11.399999618530273,11.266667366027832,11.266667366027832,3645,ASUR,462
2005-06-08,10.800000190734863,11.466667175292969,10.733332633972168,11.399999618530273,3480,ASUR,462
2005-06-09,10.866666793823242,11.066666603088379,10.866666793823242,10.866666793823242,1695,ASUR,462
2005-06-10,10.800000190734863,11.133333206176758,10.733332633972168,10.866666793823242,8475,ASUR,462
2005-06-13,10.733332633972168,10.866666793823242,10.600000381469727,10.733332633972168,4245,ASUR,462
2005-06-14,10.333333015441895,11.0,10.266667366027832,10.666666984558105,5130,ASUR,462
2005-06-15,10.133333206176758,10.800000190734863,9.866666793823242,10.333333015441895,12855,ASUR,462
2005-06-16,9.933333396911621,10.066666603088379,9.733332633972168,10.066666603088379,5235,ASUR,462
2005-06-17,9.466667175292969,10.133333206176758,9.466667175292969,9.866666793823242,7155,ASUR,462
2005-06-20,9.333333015441895,9.800000190734863,9.0,9.333333015441895,9120,ASUR,462
2005-06-21,10.0,10.066666603088379,9.266667366027832,9.266667366027832,17415,ASUR,462
2005-06-22,10.333333015441895,10.600000381469727,10.0,10.133333206176758,9405,ASUR,462
2005-06-23,10.0,10.133333206176758,10.0,10.066666603088379,2565,ASUR,462
2005-06-24,10.0,10.133333206176758,9.866666793823242,10.0,8730,ASUR,462
2005-06-27,9.933333396911621,9.933333396911621,9.800000190734863,9.933333396911621,1260,ASUR,462
2005-06-28,10.0,10.0,9.533332824707031,10.0,8940,ASUR,462
2005-06-29,9.666666984558105,10.0,9.399999618530273,10.0,8490,ASUR,462
2005-06-30,9.800000190734863,10.0,9.466667175292969,9.466667175292969,3345,ASUR,462
2005-07-01,10.0,10.333333015441895,9.866666793823242,10.0,2145,ASUR,462
2005-07-05,10.066666603088379,10.066666603088379,9.866666793823242,10.0,2700,ASUR,462
2005-07-06,10.0,10.133333206176758,10.0,10.133333206176758,2190,ASUR,462
2005-07-07,9.466667175292969,10.133333206176758,9.399999618530273,10.133333206176758,13350,ASUR,462
2005-07-08,9.266667366027832,10.066666603088379,9.0,10.066666603088379,32460,ASUR,462
2005-07-11,8.600000381469727,9.533332824707031,8.600000381469727,9.0,16920,ASUR,462
2005-07-12,9.133333206176758,9.666666984558105,7.3333330154418945,8.600000381469727,97065,ASUR,462
2005-07-13,10.0,10.066666603088379,9.0,9.199999809265137,21360,ASUR,462
2005-07-14,11.199999809265137,11.333333015441895,9.666666984558105,10.399999618530273,44715,ASUR,462
2005-07-15,10.666666984558105,12.199999809265137,9.399999618530273,11.666666984558105,37455,ASUR,462
2005-07-18,11.0,11.533332824707031,10.333333015441895,10.333333015441895,4290,ASUR,462
2005-07-19,10.666666984558105,11.333333015441895,10.466667175292969,11.333333015441895,10950,ASUR,462
2005-07-20,11.0,11.199999809265137,10.133333206176758,11.0,4380,ASUR,462
2005-07-21,10.933333396911621,11.266667366027832,10.800000190734863,10.800000190734863,5955,ASUR,462
2005-07-22,10.399999618530273,11.133333206176758,10.399999618530273,11.133333206176758,1650,ASUR,462
2005-07-25,10.0,10.466667175292969,9.666666984558105,10.399999618530273,9645,ASUR,462
2005-07-26,9.866666793823242,10.600000381469727,9.800000190734863,9.800000190734863,3120,ASUR,462
2005-07-27,10.666666984558105,11.066666603088379,9.800000190734863,9.800000190734863,3135,ASUR,462
2005-07-28,11.399999618530273,11.399999618530273,9.800000190734863,9.800000190734863,8400,ASUR,462
2005-07-29,10.533332824707031,11.333333015441895,10.066666603088379,11.0,4335,ASUR,462
2005-08-01,10.933333396911621,10.933333396911621,10.066666603088379,10.866666793823242,2550,ASUR,462
2005-08-02,10.0,10.466667175292969,10.0,10.199999809265137,5685,ASUR,462
2005-08-03,10.666666984558105,11.333333015441895,10.133333206176758,11.333333015441895,10110,ASUR,462
2005-08-04,10.199999809265137,10.399999618530273,10.0,10.199999809265137,3600,ASUR,462
2005-08-05,10.133333206176758,10.199999809265137,10.0,10.0,1305,ASUR,462
2005-08-08,10.0,10.133333206176758,10.0,10.0,10815,ASUR,462
2005-08-09,10.0,10.133333206176758,10.0,10.133333206176758,4140,ASUR,462
2005-08-10,10.0,10.133333206176758,9.800000190734863,10.0,5640,ASUR,462
2005-08-11,10.266667366027832,10.266667366027832,9.800000190734863,10.0,3930,ASUR,462
2005-08-12,10.066666603088379,10.266667366027832,9.866666793823242,9.866666793823242,1320,ASUR,462
2005-08-15,10.133333206176758,10.666666984558105,9.800000190734863,10.0,5085,ASUR,462
2005-08-16,10.133333206176758,10.133333206176758,9.800000190734863,10.133333206176758,3735,ASUR,462
2005-08-17,10.0,10.266667366027832,10.0,10.266667366027832,660,ASUR,462
2005-08-18,9.933333396911621,10.133333206176758,9.933333396911621,9.933333396911621,1875,ASUR,462
2005-08-19,10.399999618530273,10.733332633972168,9.933333396911621,10.733332633972168,6060,ASUR,462
2005-08-22,10.066666603088379,10.533332824707031,9.933333396911621,10.533332824707031,2865,ASUR,462
2005-08-23,9.866666793823242,10.199999809265137,9.800000190734863,10.199999809265137,1890,ASUR,462
2005-08-24,9.866666793823242,10.133333206176758,9.866666793823242,9.866666793823242,1710,ASUR,462
2005-08-25,9.800000190734863,10.0,9.800000190734863,9.866666793823242,2550,ASUR,462
2005-08-26,9.933333396911621,9.933333396911621,9.800000190734863,9.800000190734863,2175,ASUR,462
2005-08-29,9.733332633972168,9.800000190734863,9.733332633972168,9.733332633972168,1875,ASUR,462
2005-08-30,9.733332633972168,10.0,9.666666984558105,10.0,2640,ASUR,462
2005-08-31,9.800000190734863,9.933333396911621,9.733332633972168,9.733332633972168,1095,ASUR,462
2005-09-01,10.333333015441895,10.333333015441895,9.666666984558105,10.0,4965,ASUR,462
2005-09-02,9.933333396911621,10.333333015441895,9.866666793823242,10.333333015441895,1350,ASUR,462
2005-09-06,9.666666984558105,9.800000190734863,9.666666984558105,9.733332633972168,3615,ASUR,462
2005-09-07,9.666666984558105,9.733332633972168,9.666666984558105,9.666666984558105,1365,ASUR,462
2005-09-08,9.733332633972168,9.733332633972168,9.466667175292969,9.733332633972168,3945,ASUR,462
2005-09-09,9.266667366027832,9.600000381469727,9.0,9.466667175292969,2835,ASUR,462
2005-09-12,9.266667366027832,9.466667175292969,9.0,9.266667366027832,1860,ASUR,462
2005-09-13,9.466667175292969,9.600000381469727,9.199999809265137,9.199999809265137,2505,ASUR,462
2005-09-14,9.600000381469727,9.733332633972168,9.199999809265137,9.199999809265137,915,ASUR,462
2005-09-15,9.666666984558105,10.066666603088379,9.199999809265137,9.866666793823242,12195,ASUR,462
2005-09-16,9.800000190734863,9.800000190734863,8.666666984558105,9.199999809265137,12810,ASUR,462
2005-09-19,9.333333015441895,9.533332824707031,9.133333206176758,9.333333015441895,5130,ASUR,462
2005-09-20,8.933333396911621,9.600000381469727,8.466667175292969,9.333333015441895,4305,ASUR,462
2005-09-21,8.800000190734863,9.0,8.333333015441895,8.666666984558105,4965,ASUR,462
2005-09-22,8.466667175292969,9.800000190734863,8.333333015441895,8.333333015441895,3810,ASUR,462
2005-09-23,8.600000381469727,9.0,8.399999618530273,8.399999618530273,9360,ASUR,462
2005-09-26,8.133333206176758,8.533332824707031,8.0,8.333333015441895,13380,ASUR,462
2005-09-27,9.066666603088379,9.666666984558105,8.066666603088379,8.066666603088379,26655,ASUR,462
2005-09-28,8.866666793823242,9.666666984558105,8.333333015441895,9.266667366027832,6705,ASUR,462
2005-09-29,9.600000381469727,9.666666984558105,8.533332824707031,9.066666603088379,9465,ASUR,462
2005-09-30,9.133333206176758,9.666666984558105,8.933333396911621,9.600000381469727,4815,ASUR,462
2005-10-03,9.066666603088379,9.666666984558105,9.0,9.066666603088379,10155,ASUR,462
2005-10-04,9.0,9.933333396911621,8.800000190734863,8.800000190734863,8880,ASUR,462
2005-10-05,9.666666984558105,9.733332633972168,8.666666984558105,8.866666793823242,25935,ASUR,462
2005-10-06,9.466667175292969,9.800000190734863,9.066666603088379,9.666666984558105,6915,ASUR,462
2005-10-07,9.466667175292969,9.666666984558105,8.933333396911621,9.266667366027832,4755,ASUR,462
2005-10-10,9.199999809265137,9.933333396911621,9.066666603088379,9.933333396911621,3915,ASUR,462
2005-10-11,9.266667366027832,9.333333015441895,9.066666603088379,9.199999809265137,1980,ASUR,462
2005-10-12,9.133333206176758,9.800000190734863,8.800000190734863,9.066666603088379,5595,ASUR,462
2005-10-13,9.399999618530273,9.666666984558105,8.933333396911621,9.0,2880,ASUR,462
2005-10-14,9.133333206176758,9.600000381469727,9.066666603088379,9.399999618530273,2340,ASUR,462
2005-10-17,9.466667175292969,9.466667175292969,8.666666984558105,9.066666603088379,2775,ASUR,462
2005-10-18,9.066666603088379,9.800000190734863,8.800000190734863,9.333333015441895,10290,ASUR,462
2005-10-19,9.066666603088379,9.466667175292969,9.066666603088379,9.066666603088379,1665,ASUR,462
2005-10-20,9.133333206176758,9.466667175292969,9.066666603088379,9.466667175292969,2700,ASUR,462
2005-10-21,9.066666603088379,9.333333015441895,8.933333396911621,9.066666603088379,2805,ASUR,462
2005-10-24,9.466667175292969,9.466667175292969,8.933333396911621,8.933333396911621,12105,ASUR,462
2005-10-25,10.866666793823242,10.933333396911621,9.333333015441895,9.466667175292969,27675,ASUR,462
2005-10-26,11.600000381469727,11.600000381469727,10.199999809265137,10.399999618530273,19635,ASUR,462
2005-10-27,12.533332824707031,14.066666603088379,10.466667175292969,11.666666984558105,135075,ASUR,462
2005-10-28,11.866666793823242,12.533332824707031,11.533332824707031,12.533332824707031,21120,ASUR,462
2005-10-31,13.800000190734863,14.0,11.399999618530273,12.0,63600,ASUR,462
2005-11-01,14.0,14.066666603088379,13.0,14.0,15000,ASUR,462
2005-11-02,13.399999618530273,14.600000381469727,13.399999618530273,14.133333206176758,14835,ASUR,462
2005-11-03,13.533332824707031,14.133333206176758,12.800000190734863,13.399999618530273,19485,ASUR,462
2005-11-04,13.600000381469727,13.866666793823242,13.399999618530273,13.666666984558105,5190,ASUR,462
2005-11-07,13.933333396911621,14.199999809265137,13.399999618530273,13.733332633972168,15690,ASUR,462
2005-11-08,14.333333015441895,14.333333015441895,13.533332824707031,13.600000381469727,6330,ASUR,462
2005-11-09,13.199999809265137,14.266667366027832,12.333333015441895,14.199999809265137,17865,ASUR,462
2005-11-10,12.666666984558105,13.466667175292969,11.866666793823242,13.266667366027832,10410,ASUR,462
2005-11-11,12.666666984558105,12.933333396911621,12.133333206176758,12.933333396911621,6615,ASUR,462
2005-11-14,12.333333015441895,13.066666603088379,12.333333015441895,12.933333396911621,7740,ASUR,462
2005-11-15,12.266667366027832,12.600000381469727,11.333333015441895,12.133333206176758,9525,ASUR,462
2005-11-16,11.199999809265137,12.0,10.666666984558105,12.0,14070,ASUR,462
2005-11-17,11.666666984558105,11.666666984558105,11.0,11.0,7320,ASUR,462
2005-11-18,12.399999618530273,12.399999618530273,11.666666984558105,11.666666984558105,12240,ASUR,462
2005-11-21,12.466667175292969,12.666666984558105,11.666666984558105,12.133333206176758,7995,ASUR,462
2005-11-22,12.199999809265137,13.600000381469727,11.533332824707031,11.533332824707031,5085,ASUR,462
2005-11-23,11.733332633972168,12.266667366027832,11.333333015441895,12.266667366027832,4815,ASUR,462
2005-11-25,11.666666984558105,12.0,11.600000381469727,11.600000381469727,2625,ASUR,462
2005-11-28,12.133333206176758,12.866666793823242,11.266667366027832,11.399999618530273,6285,ASUR,462
2005-11-29,11.933333396911621,12.199999809265137,11.199999809265137,12.199999809265137,2505,ASUR,462
2005-11-30,11.533332824707031,12.266667366027832,11.399999618530273,11.733332633972168,2055,ASUR,462
2005-12-01,12.866666793823242,12.866666793823242,11.399999618530273,12.0,6915,ASUR,462
2005-12-02,12.533332824707031,12.866666793823242,11.133333206176758,11.199999809265137,10665,ASUR,462
2005-12-05,11.266667366027832,12.333333015441895,11.199999809265137,11.399999618530273,11475,ASUR,462
2005-12-06,11.866666793823242,11.933333396911621,11.266667366027832,11.266667366027832,5250,ASUR,462
2005-12-07,11.399999618530273,12.0,11.066666603088379,12.0,6330,ASUR,462
2005-12-08,11.733332633972168,11.866666793823242,11.0,11.133333206176758,3045,ASUR,462
2005-12-09,11.800000190734863,11.800000190734863,11.266667366027832,11.666666984558105,5670,ASUR,462
2005-12-12,12.266667366027832,12.266667366027832,11.333333015441895,11.399999618530273,7560,ASUR,462
2005-12-13,11.466667175292969,11.933333396911621,11.333333015441895,11.600000381469727,3600,ASUR,462
2005-12-14,11.533332824707031,11.866666793823242,11.333333015441895,11.333333015441895,2340,ASUR,462
2005-12-15,14.866666793823242,18.799999237060547,11.333333015441895,11.333333015441895,144330,ASUR,462
2005-12-16,14.333333015441895,15.600000381469727,14.066666603088379,14.666666984558105,53835,ASUR,462
2005-12-19,14.133333206176758,14.666666984558105,13.333333015441895,14.666666984558105,20730,ASUR,462
2005-12-20,14.399999618530273,14.533332824707031,13.399999618530273,14.199999809265137,9075,ASUR,462
2005-12-21,13.800000190734863,14.666666984558105,13.333333015441895,14.666666984558105,13560,ASUR,462
2005-12-22,14.0,14.199999809265137,13.533332824707031,13.866666793823242,7485,ASUR,462
2005-12-23,14.0,14.066666603088379,13.666666984558105,13.866666793823242,4125,ASUR,462
2005-12-27,14.600000381469727,15.666666984558105,13.600000381469727,13.800000190734863,40200,ASUR,462
2005-12-28,14.866666793823242,15.333333015441895,14.333333015441895,15.266667366027832,22410,ASUR,462
2005-12-29,17.066667556762695,17.333332061767578,14.533332824707031,14.533332824707031,53490,ASUR,462
2005-12-30,17.333332061767578,18.066667556762695,16.200000762939453,16.733333587646484,54735,ASUR,462
2006-01-03,17.53333282470703,18.0,16.933332443237305,18.0,17490,ASUR,462
2006-01-04,16.933332443237305,17.933332443237305,16.133333206176758,17.933332443237305,20145,ASUR,462
2006-01-05,16.666667938232422,16.933332443237305,16.333332061767578,16.933332443237305,4860,ASUR,462
2006-01-06,18.133333206176758,18.666667938232422,16.399999618530273,16.399999618530273,64200,ASUR,462
2006-01-09,17.799999237060547,18.53333282470703,16.333332061767578,18.53333282470703,30030,ASUR,462
2006-01-10,19.266666412353516,20.0,17.266666412353516,17.933332443237305,54375,ASUR,462
2006-01-11,20.46666717529297,21.0,19.133333206176758,19.200000762939453,77625,ASUR,462
2006-01-12,20.866666793823242,21.200000762939453,20.133333206176758,20.666667938232422,43275,ASUR,462
2006-01-13,20.200000762939453,21.0,19.53333282470703,21.0,42420,ASUR,462
2006-01-17,19.333332061767578,20.333332061767578,19.333332061767578,20.0,30330,ASUR,462
2006-01-18,18.399999618530273,19.133333206176758,17.733333587646484,19.133333206176758,23940,ASUR,462
2006-01-19,18.333332061767578,20.46666717529297,17.933332443237305,18.133333206176758,16200,ASUR,462
2006-01-20,18.333332061767578,19.133333206176758,18.0,18.866666793823242,16965,ASUR,462
2006-01-23,18.133333206176758,18.53333282470703,17.799999237060547,18.133333206176758,42120,ASUR,462
2006-01-24,17.53333282470703,18.133333206176758,17.0,18.133333206176758,15990,ASUR,462
2006-01-25,17.866666793823242,18.266666412353516,16.933332443237305,17.666667938232422,16020,ASUR,462
2006-01-26,17.799999237060547,18.066667556762695,17.46666717529297,18.066667556762695,5670,ASUR,462
2006-01-27,17.799999237060547,18.133333206176758,17.600000381469727,17.799999237060547,7815,ASUR,462
2006-01-30,17.799999237060547,18.333332061767578,17.53333282470703,17.799999237060547,14355,ASUR,462
2006-01-31,17.53333282470703,18.0,17.46666717529297,17.46666717529297,8745,ASUR,462
2006-02-01,20.333332061767578,20.46666717529297,17.666667938232422,17.666667938232422,45720,ASUR,462
2006-02-02,18.666667938232422,21.799999237060547,17.666667938232422,20.799999237060547,166035,ASUR,462
2006-02-03,11.666666984558105,16.600000381469727,11.266667366027832,16.0,353670,ASUR,462
2006-02-06,11.666666984558105,12.199999809265137,10.133333206176758,11.666666984558105,236925,ASUR,462
2006-02-07,12.133333206176758,12.666666984558105,11.333333015441895,11.533332824707031,90300,ASUR,462
2006-02-08,12.0,12.800000190734863,11.666666984558105,12.133333206176758,76740,ASUR,462
2006-02-09,13.733332633972168,13.866666793823242,12.133333206176758,12.133333206176758,72585,ASUR,462
2006-02-10,13.0,13.933333396911621,12.666666984558105,13.933333396911621,44670,ASUR,462
2006-02-13,12.666666984558105,13.266667366027832,12.533332824707031,13.133333206176758,47685,ASUR,462
2006-02-14,12.666666984558105,13.266667366027832,12.666666984558105,12.866666793823242,19710,ASUR,462
2006-02-15,12.866666793823242,13.333333015441895,12.600000381469727,12.866666793823242,32925,ASUR,462
2006-02-16,13.0,13.133333206176758,12.666666984558105,13.066666603088379,13230,ASUR,462
2006-02-17,12.666666984558105,13.0,12.666666984558105,13.0,8895,ASUR,462
2006-02-21,12.733332633972168,13.0,12.533332824707031,12.533332824707031,10560,ASUR,462
2006-02-22,12.533332824707031,12.933333396911621,12.199999809265137,12.933333396911621,31350,ASUR,462
2006-02-23,12.266667366027832,12.600000381469727,12.199999809265137,12.399999618530273,15390,ASUR,462
2006-02-24,12.533332824707031,12.800000190734863,12.266667366027832,12.266667366027832,6915,ASUR,462
2006-02-27,11.733332633972168,12.533332824707031,11.666666984558105,12.399999618530273,28980,ASUR,462
2006-02-28,12.0,12.333333015441895,11.666666984558105,11.733332633972168,17535,ASUR,462
2006-03-01,12.866666793823242,12.933333396911621,12.199999809265137,12.199999809265137,23130,ASUR,462
2006-03-02,14.199999809265137,15.066666603088379,12.666666984558105,12.933333396911621,51510,ASUR,462
2006-03-03,14.533332824707031,14.933333396911621,14.066666603088379,14.866666793823242,18810,ASUR,462
2006-03-06,14.266667366027832,14.866666793823242,14.0,14.733332633972168,18270,ASUR,462
2006-03-07,13.800000190734863,14.466667175292969,13.666666984558105,14.066666603088379,13995,ASUR,462
2006-03-08,13.466667175292969,14.133333206176758,13.333333015441895,13.666666984558105,9915,ASUR,462
2006-03-09,14.600000381469727,14.666666984558105,12.399999618530273,13.666666984558105,37350,ASUR,462
2006-03-10,13.933333396911621,14.933333396911621,13.733332633972168,14.866666793823242,32805,ASUR,462
2006-03-13,13.533332824707031,14.133333206176758,12.933333396911621,14.133333206176758,17910,ASUR,462
2006-03-14,11.466667175292969,14.399999618530273,10.933333396911621,13.333333015441895,135030,ASUR,462
2006-03-15,11.800000190734863,11.933333396911621,11.199999809265137,11.466667175292969,25275,ASUR,462
2006-03-16,11.733332633972168,12.533332824707031,11.600000381469727,12.0,44010,ASUR,462
2006-03-17,11.733332633972168,12.066666603088379,11.533332824707031,11.666666984558105,6795,ASUR,462
2006-03-20,11.533332824707031,12.0,11.533332824707031,11.666666984558105,7380,ASUR,462
2006-03-21,11.266667366027832,11.733332633972168,11.199999809265137,11.266667366027832,17790,ASUR,462
2006-03-22,11.066666603088379,11.266667366027832,11.0,11.266667366027832,14010,ASUR,462
2006-03-23,11.399999618530273,11.533332824707031,11.0,11.199999809265137,14985,ASUR,462
2006-03-24,11.266667366027832,11.600000381469727,11.0,11.466667175292969,15600,ASUR,462
2006-03-27,10.933333396911621,11.333333015441895,10.666666984558105,11.333333015441895,13305,ASUR,462
2006-03-28,11.0,11.133333206176758,10.800000190734863,11.066666603088379,5040,ASUR,462
2006-03-29,11.0,11.199999809265137,10.866666793823242,11.0,10785,ASUR,462
2006-03-30,11.133333206176758,11.266667366027832,11.0,11.199999809265137,5490,ASUR,462
2006-03-31,11.399999618530273,11.466667175292969,11.199999809265137,11.199999809265137,16335,ASUR,462
2006-04-03,11.600000381469727,13.0,11.333333015441895,11.600000381469727,33225,ASUR,462
2006-04-04,11.800000190734863,12.399999618530273,11.533332824707031,12.399999618530273,11025,ASUR,462
2006-04-05,12.066666603088379,12.266667366027832,11.733332633972168,11.733332633972168,8250,ASUR,462
2006-04-06,11.800000190734863,12.066666603088379,11.600000381469727,12.0,4620,ASUR,462
2006-04-07,11.666666984558105,12.266667366027832,11.666666984558105,12.199999809265137,6240,ASUR,462
2006-04-10,11.333333015441895,11.533332824707031,11.333333015441895,11.333333015441895,12600,ASUR,462
2006-04-11,11.199999809265137,11.333333015441895,11.133333206176758,11.199999809265137,8655,ASUR,462
2006-04-12,11.266667366027832,11.466667175292969,11.066666603088379,11.066666603088379,3270,ASUR,462
2006-04-13,11.333333015441895,11.533332824707031,11.199999809265137,11.266667366027832,5400,ASUR,462
2006-04-17,11.866666793823242,12.133333206176758,11.466667175292969,11.466667175292969,13275,ASUR,462
2006-04-18,11.800000190734863,12.133333206176758,11.666666984558105,12.0,6435,ASUR,462
2006-04-19,11.933333396911621,12.133333206176758,11.666666984558105,12.0,5115,ASUR,462
2006-04-20,11.733332633972168,12.133333206176758,11.666666984558105,11.666666984558105,3600,ASUR,462
2006-04-21,11.733332633972168,11.800000190734863,11.399999618530273,11.733332633972168,4605,ASUR,462
2006-04-24,11.533332824707031,12.133333206176758,11.399999618530273,11.666666984558105,7215,ASUR,462
2006-04-25,11.333333015441895,12.0,11.199999809265137,11.399999618530273,5835,ASUR,462
2006-04-26,11.333333015441895,11.600000381469727,11.266667366027832,11.333333015441895,9855,ASUR,462
2006-04-27,11.133333206176758,11.533332824707031,11.0,11.333333015441895,9855,ASUR,462
2006-04-28,10.533332824707031,11.0,10.533332824707031,11.0,32550,ASUR,462
2006-05-01,10.666666984558105,11.600000381469727,10.199999809265137,10.600000381469727,10545,ASUR,462
2006-05-02,10.666666984558105,10.866666793823242,10.399999618530273,10.600000381469727,6840,ASUR,462
2006-05-03,10.800000190734863,10.933333396911621,10.266667366027832,10.800000190734863,6915,ASUR,462
2006-05-04,10.733332633972168,10.933333396911621,10.600000381469727,10.666666984558105,3870,ASUR,462
2006-05-05,10.399999618530273,10.866666793823242,10.399999618530273,10.666666984558105,9060,ASUR,462
2006-05-08,10.333333015441895,10.600000381469727,10.0,10.333333015441895,18090,ASUR,462
2006-05-09,10.199999809265137,10.600000381469727,10.0,10.199999809265137,10035,ASUR,462
2006-05-10,9.866666793823242,10.133333206176758,9.800000190734863,10.066666603088379,6885,ASUR,462
2006-05-11,9.666666984558105,10.0,9.333333015441895,9.733332633972168,12585,ASUR,462
2006-05-12,9.399999618530273,9.866666793823242,8.800000190734863,9.800000190734863,7665,ASUR,462
2006-05-15,8.933333396911621,9.533332824707031,8.800000190734863,9.533332824707031,9885,ASUR,462
2006-05-16,9.399999618530273,9.733332633972168,8.800000190734863,8.800000190734863,6420,ASUR,462
2006-05-17,9.466667175292969,10.133333206176758,9.133333206176758,9.266667366027832,12600,ASUR,462
2006-05-18,10.800000190734863,10.866666793823242,9.0,9.0,18720,ASUR,462
2006-05-19,11.466667175292969,11.600000381469727,10.866666793823242,11.066666603088379,21570,ASUR,462
2006-05-22,10.800000190734863,11.600000381469727,10.666666984558105,11.466667175292969,11160,ASUR,462
2006-05-23,11.399999618530273,11.466667175292969,10.933333396911621,10.933333396911621,5295,ASUR,462
2006-05-24,11.066666603088379,11.600000381469727,11.0,11.600000381469727,6585,ASUR,462
2006-05-25,11.0,11.266667366027832,10.666666984558105,10.933333396911621,2460,ASUR,462
2006-05-26,9.800000190734863,10.933333396911621,9.133333206176758,10.933333396911621,40470,ASUR,462
2006-05-30,9.266667366027832,9.800000190734863,9.199999809265137,9.666666984558105,16680,ASUR,462
2006-05-31,9.866666793823242,11.199999809265137,9.466667175292969,11.199999809265137,11250,ASUR,462
2006-06-01,9.733332633972168,10.399999618530273,9.733332633972168,10.399999618530273,2205,ASUR,462
2006-06-02,9.066666603088379,9.866666793823242,9.066666603088379,9.333333015441895,12450,ASUR,462
2006-06-05,8.866666793823242,9.266667366027832,8.733332633972168,9.066666603088379,14100,ASUR,462
2006-06-06,8.933333396911621,9.333333015441895,8.600000381469727,8.866666793823242,17700,ASUR,462
2006-06-07,8.866666793823242,9.266667366027832,8.800000190734863,9.266667366027832,6375,ASUR,462
2006-06-08,9.399999618530273,9.533332824707031,8.933333396911621,9.133333206176758,11790,ASUR,462
2006-06-09,9.0,9.333333015441895,9.0,9.333333015441895,4395,ASUR,462
2006-06-12,8.866666793823242,9.333333015441895,8.800000190734863,9.333333015441895,3825,ASUR,462
2006-06-13,8.733332633972168,9.199999809265137,8.733332633972168,9.066666603088379,1860,ASUR,462
2006-06-14,8.199999809265137,8.800000190734863,8.133333206176758,8.800000190734863,11295,ASUR,462
2006-06-15,8.533332824707031,9.199999809265137,8.066666603088379,8.333333015441895,5505,ASUR,462
2006-06-16,9.0,9.199999809265137,7.800000190734863,8.333333015441895,8415,ASUR,462
2006-06-19,8.800000190734863,9.266667366027832,8.800000190734863,9.066666603088379,3345,ASUR,462
2006-06-20,9.0,9.199999809265137,8.733332633972168,9.199999809265137,1035,ASUR,462
2006-06-21,8.800000190734863,9.133333206176758,8.800000190734863,9.133333206176758,2895,ASUR,462
2006-06-22,9.0,9.133333206176758,8.800000190734863,9.133333206176758,1170,ASUR,462
2006-06-23,9.066666603088379,9.066666603088379,8.399999618530273,8.933333396911621,3240,ASUR,462
2006-06-26,8.800000190734863,8.933333396911621,8.399999618530273,8.933333396911621,1620,ASUR,462
2006-06-27,8.333333015441895,9.0,8.199999809265137,8.933333396911621,7230,ASUR,462
2006-06-28,8.133333206176758,8.533332824707031,8.133333206176758,8.533332824707031,3120,ASUR,462
2006-06-29,5.199999809265137,7.199999809265137,4.933332920074463,7.199999809265137,227565,ASUR,462
2006-06-30,4.466667175292969,5.3333330154418945,4.133333206176758,5.3333330154418945,223935,ASUR,462
2006-07-03,4.066667079925537,4.400000095367432,4.066667079925537,4.199999809265137,49455,ASUR,462
2006-07-05,3.6666669845581055,4.066667079925537,3.5999999046325684,4.066667079925537,157020,ASUR,462
2006-07-06,3.5333330631256104,4.0,3.4666669368743896,3.933332920074463,127935,ASUR,462
2006-07-07,3.0,3.6666669845581055,3.0,3.4666669368743896,175560,ASUR,462
2006-07-10,3.266666889190674,3.3333330154418945,3.0,3.0,93645,ASUR,462
2006-07-11,3.1333329677581787,3.3333330154418945,3.0,3.266666889190674,58935,ASUR,462
2006-07-12,2.933332920074463,3.3333330154418945,2.733333110809326,3.1333329677581787,89985,ASUR,462
2006-07-13,2.799999952316284,3.0,2.799999952316284,3.0,54840,ASUR,462
2006-07-14,2.8666670322418213,2.8666670322418213,2.733333110809326,2.799999952316284,25470,ASUR,462
2006-07-17,2.799999952316284,3.0,2.6666669845581055,2.6666669845581055,33285,ASUR,462
2006-07-18,2.933332920074463,2.933332920074463,2.799999952316284,2.8666670322418213,34230,ASUR,462
2006-07-19,2.733333110809326,2.933332920074463,2.733333110809326,2.933332920074463,62460,ASUR,462
2006-07-20,2.733333110809326,2.8666670322418213,2.733333110809326,2.733333110809326,18570,ASUR,462
2006-07-21,2.6666669845581055,2.799999952316284,2.5999999046325684,2.733333110809326,45345,ASUR,462
2006-07-24,2.5999999046325684,2.733333110809326,2.5999999046325684,2.6666669845581055,36090,ASUR,462
2006-07-25,2.5333330631256104,2.6666669845581055,2.4000000953674316,2.5999999046325684,24360,ASUR,462
2006-07-26,2.5333330631256104,2.5999999046325684,2.4000000953674316,2.4000000953674316,30825,ASUR,462
2006-07-27,2.266666889190674,2.5999999046325684,2.266666889190674,2.5999999046325684,76230,ASUR,462
2006-07-28,2.933332920074463,3.5333330631256104,2.1333329677581787,2.3333330154418945,251295,ASUR,462
2006-07-31,2.733333110809326,3.066667079925537,2.5999999046325684,3.0,67395,ASUR,462
2006-08-01,2.5333330631256104,2.6666669845581055,2.4666669368743896,2.5999999046325684,41730,ASUR,462
2006-08-02,2.5999999046325684,2.6666669845581055,2.4666669368743896,2.5333330631256104,22890,ASUR,462
2006-08-03,2.5333330631256104,2.6666669845581055,2.5333330631256104,2.5999999046325684,21090,ASUR,462
2006-08-04,2.6666669845581055,2.799999952316284,2.5333330631256104,2.5333330631256104,19290,ASUR,462
2006-08-07,2.5999999046325684,2.933332920074463,2.5999999046325684,2.933332920074463,19290,ASUR,462
2006-08-08,2.5999999046325684,2.799999952316284,2.5999999046325684,2.6666669845581055,35265,ASUR,462
2006-08-09,2.6666669845581055,3.200000047683716,2.6666669845581055,3.0,19230,ASUR,462
2006-08-10,2.733333110809326,2.8666670322418213,2.733333110809326,2.8666670322418213,9600,ASUR,462
2006-08-11,2.799999952316284,2.799999952316284,2.6666669845581055,2.799999952316284,8655,ASUR,462
2006-08-14,2.8666670322418213,2.8666670322418213,2.733333110809326,2.8666670322418213,15210,ASUR,462
2006-08-15,3.0,3.200000047683716,2.733333110809326,2.733333110809326,25215,ASUR,462
2006-08-16,2.8666670322418213,3.0,2.733333110809326,3.0,13815,ASUR,462
2006-08-17,2.8666670322418213,3.0,2.5999999046325684,3.0,35640,ASUR,462
2006-08-18,2.6666669845581055,2.733333110809326,2.5999999046325684,2.6666669845581055,19905,ASUR,462
2006-08-21,2.5999999046325684,2.799999952316284,2.5333330631256104,2.6666669845581055,26340,ASUR,462
2006-08-22,2.5333330631256104,2.5999999046325684,2.5333330631256104,2.5999999046325684,12750,ASUR,462
2006-08-23,2.5999999046325684,2.5999999046325684,2.4000000953674316,2.4666669368743896,17235,ASUR,462
2006-08-24,2.4000000953674316,2.5999999046325684,2.266666889190674,2.5999999046325684,75855,ASUR,462
2006-08-25,2.5333330631256104,2.5999999046325684,2.4000000953674316,2.4000000953674316,14475,ASUR,462
2006-08-28,2.6666669845581055,2.799999952316284,2.5333330631256104,2.5333330631256104,26055,ASUR,462
2006-08-29,2.5333330631256104,2.6666669845581055,2.5333330631256104,2.5999999046325684,3225,ASUR,462
2006-08-30,2.5333330631256104,2.6666669845581055,2.4000000953674316,2.5999999046325684,12120,ASUR,462
2006-08-31,2.5999999046325684,2.733333110809326,2.5999999046325684,2.5999999046325684,5775,ASUR,462
2006-09-01,2.6666669845581055,2.733333110809326,2.4666669368743896,2.6666669845581055,16890,ASUR,462
2006-09-05,2.5999999046325684,2.733333110809326,2.5333330631256104,2.733333110809326,11940,ASUR,462
2006-09-06,2.5999999046325684,2.6666669845581055,2.4666669368743896,2.5999999046325684,7965,ASUR,462
2006-09-07,2.5999999046325684,2.733333110809326,2.5333330631256104,2.6666669845581055,7110,ASUR,462
2006-09-08,2.5333330631256104,2.6666669845581055,2.5333330631256104,2.5333330631256104,2970,ASUR,462
2006-09-11,2.6666669845581055,2.6666669845581055,2.4000000953674316,2.5333330631256104,12765,ASUR,462
2006-09-12,2.5999999046325684,2.6666669845581055,2.5333330631256104,2.6666669845581055,4485,ASUR,462
2006-09-13,2.5333330631256104,2.6666669845581055,2.5333330631256104,2.5333330631256104,12240,ASUR,462
2006-09-14,2.5333330631256104,2.5999999046325684,2.4000000953674316,2.4000000953674316,5745,ASUR,462
2006-09-15,2.4666669368743896,2.5333330631256104,2.4000000953674316,2.5333330631256104,3525,ASUR,462
2006-09-18,2.4666669368743896,2.5333330631256104,2.4666669368743896,2.5333330631256104,11700,ASUR,462
2006-09-19,2.4666669368743896,2.5333330631256104,2.4000000953674316,2.5333330631256104,13275,ASUR,462
2006-09-20,2.4666669368743896,2.5333330631256104,2.4666669368743896,2.4666669368743896,15300,ASUR,462
2006-09-21,2.4000000953674316,2.5999999046325684,2.4000000953674316,2.5333330631256104,25830,ASUR,462
2006-09-22,2.4666669368743896,2.5333330631256104,2.4000000953674316,2.5333330631256104,12375,ASUR,462
2006-09-25,2.4000000953674316,2.5333330631256104,2.4000000953674316,2.4666669368743896,9870,ASUR,462
2006-09-26,2.3333330154418945,2.4666669368743896,2.266666889190674,2.4666669368743896,11790,ASUR,462
2006-09-27,2.4000000953674316,2.4666669368743896,2.3333330154418945,2.4000000953674316,9000,ASUR,462
2006-09-28,2.8666670322418213,3.5999999046325684,2.4000000953674316,2.4000000953674316,237720,ASUR,462
2006-09-29,3.200000047683716,3.3333330154418945,2.6666669845581055,2.799999952316284,47475,ASUR,462
2006-10-02,3.733333110809326,3.733333110809326,3.200000047683716,3.200000047683716,74925,ASUR,462
2006-10-03,3.6666669845581055,3.799999952316284,2.8666670322418213,3.799999952316284,87345,ASUR,462
2006-10-04,3.4666669368743896,3.799999952316284,3.200000047683716,3.799999952316284,28875,ASUR,462
2006-10-05,3.200000047683716,3.4666669368743896,3.200000047683716,3.4666669368743896,13395,ASUR,462
2006-10-06,2.799999952316284,3.1333329677581787,2.799999952316284,3.066667079925537,44715,ASUR,462
2006-10-09,2.733333110809326,3.0,2.733333110809326,2.799999952316284,32070,ASUR,462
2006-10-10,3.5999999046325684,3.5999999046325684,2.733333110809326,2.733333110809326,70305,ASUR,462
2006-10-11,3.5333330631256104,3.799999952316284,3.4666669368743896,3.799999952316284,81750,ASUR,462
2006-10-12,4.0,4.6666669845581055,3.799999952316284,3.799999952316284,159930,ASUR,462
2006-10-13,3.933332920074463,4.3333330154418945,3.6666669845581055,4.3333330154418945,57225,ASUR,462
2006-10-16,3.6666669845581055,4.0,3.5999999046325684,3.733333110809326,48165,ASUR,462
2006-10-17,3.733333110809326,3.733333110809326,3.3333330154418945,3.6666669845581055,19695,ASUR,462
2006-10-18,3.4666669368743896,3.6666669845581055,3.4000000953674316,3.5999999046325684,12810,ASUR,462
2006-10-19,3.6666669845581055,3.6666669845581055,3.5333330631256104,3.6666669845581055,14295,ASUR,462
2006-10-20,3.5999999046325684,3.6666669845581055,3.4666669368743896,3.6666669845581055,16290,ASUR,462
2006-10-23,3.4666669368743896,3.5999999046325684,3.3333330154418945,3.4000000953674316,5265,ASUR,462
2006-10-24,3.3333330154418945,3.4666669368743896,3.3333330154418945,3.3333330154418945,21750,ASUR,462
2006-10-25,3.266666889190674,3.6666669845581055,3.1333329677581787,3.5999999046325684,20955,ASUR,462
2006-10-26,3.4000000953674316,3.799999952316284,3.200000047683716,3.5333330631256104,21270,ASUR,462
2006-10-27,3.5999999046325684,4.0,3.3333330154418945,3.4000000953674316,20805,ASUR,462
2006-10-30,3.5333330631256104,3.733333110809326,3.200000047683716,3.5999999046325684,26640,ASUR,462
2006-10-31,3.3333330154418945,3.8666670322418213,3.266666889190674,3.3333330154418945,86580,ASUR,462
2006-11-01,3.266666889190674,3.5999999046325684,3.200000047683716,3.3333330154418945,49695,ASUR,462
2006-11-02,2.933332920074463,3.1333329677581787,2.799999952316284,3.066667079925537,98850,ASUR,462
2006-11-03,2.8666670322418213,3.1333329677581787,2.8666670322418213,2.933332920074463,27465,ASUR,462
2006-11-06,3.1333329677581787,3.200000047683716,2.8666670322418213,2.8666670322418213,18465,ASUR,462
2006-11-07,3.200000047683716,3.200000047683716,3.0,3.066667079925537,25470,ASUR,462
2006-11-08,3.266666889190674,3.3333330154418945,3.200000047683716,3.200000047683716,22920,ASUR,462
2006-11-09,3.266666889190674,3.3333330154418945,3.200000047683716,3.3333330154418945,9465,ASUR,462
2006-11-10,3.3333330154418945,3.3333330154418945,3.0,3.266666889190674,16470,ASUR,462
2006-11-13,3.3333330154418945,3.3333330154418945,2.933332920074463,3.266666889190674,87150,ASUR,462
2006-11-14,3.266666889190674,3.4666669368743896,3.1333329677581787,3.266666889190674,53460,ASUR,462
2006-11-15,3.200000047683716,3.3333330154418945,3.066667079925537,3.200000047683716,41190,ASUR,462
2006-11-16,3.266666889190674,3.266666889190674,3.0,3.200000047683716,23040,ASUR,462
2006-11-17,3.066667079925537,3.200000047683716,3.0,3.200000047683716,21960,ASUR,462
2006-11-20,3.0,3.1333329677581787,3.0,3.066667079925537,27270,ASUR,462
2006-11-21,3.1333329677581787,3.1333329677581787,2.933332920074463,2.933332920074463,13740,ASUR,462
2006-11-22,3.0,3.1333329677581787,3.0,3.1333329677581787,3825,ASUR,462
2006-11-24,3.066667079925537,3.200000047683716,3.0,3.0,3600,ASUR,462
2006-11-27,3.1333329677581787,3.200000047683716,3.066667079925537,3.200000047683716,18510,ASUR,462
2006-11-28,3.3333330154418945,3.3333330154418945,3.1333329677581787,3.1333329677581787,62370,ASUR,462
2006-11-29,3.200000047683716,3.3333330154418945,3.066667079925537,3.266666889190674,13215,ASUR,462
2006-11-30,3.5333330631256104,3.6666669845581055,3.0,3.0,93075,ASUR,462
2006-12-01,3.4000000953674316,3.5999999046325684,3.4000000953674316,3.5333330631256104,22935,ASUR,462
2006-12-04,3.3333330154418945,3.4666669368743896,3.200000047683716,3.266666889190674,30900,ASUR,462
2006-12-05,3.5333330631256104,3.6666669845581055,3.3333330154418945,3.6666669845581055,10755,ASUR,462
2006-12-06,4.066667079925537,4.400000095367432,3.4000000953674316,3.4000000953674316,156345,ASUR,462
2006-12-07,4.266666889190674,4.466667175292969,4.0,4.133333206176758,93450,ASUR,462
2006-12-08,7.266666889190674,7.400000095367432,4.466667175292969,4.466667175292969,1509120,ASUR,462
2006-12-11,7.133333206176758,8.666666984558105,7.0,7.866666793823242,1133970,ASUR,462
2006-12-12,6.466667175292969,7.3333330154418945,6.133333206176758,6.866666793823242,338880,ASUR,462
2006-12-13,6.133333206176758,6.800000190734863,6.0,6.466667175292969,171285,ASUR,462
2006-12-14,8.199999809265137,8.866666793823242,6.0,6.133333206176758,954045,ASUR,462
2006-12-15,7.3333330154418945,8.600000381469727,6.733333110809326,8.600000381469727,332505,ASUR,462
2006-12-18,10.066666603088379,10.466667175292969,8.199999809265137,8.199999809265137,1249950,ASUR,462
2006-12-19,8.933333396911621,9.866666793823242,8.666666984558105,9.133333206176758,303525,ASUR,462
2006-12-20,9.0,9.866666793823242,8.333333015441895,9.066666603088379,325065,ASUR,462
2006-12-21,8.666666984558105,9.533332824707031,8.133333206176758,9.133333206176758,230625,ASUR,462
2006-12-22,7.800000190734863,8.466667175292969,7.466667175292969,8.466667175292969,194970,ASUR,462
2006-12-26,7.933332920074463,9.0,7.6666669845581055,7.733333110809326,200535,ASUR,462
2006-12-27,8.399999618530273,8.466667175292969,7.933332920074463,8.0,113070,ASUR,462
2006-12-28,9.133333206176758,9.800000190734863,7.933332920074463,8.399999618530273,536685,ASUR,462
2006-12-29,10.533332824707031,12.133333206176758,9.133333206176758,9.133333206176758,1086510,ASUR,462
2007-01-03,10.0,11.333333015441895,9.666666984558105,10.933333396911621,396660,ASUR,462
2007-01-04,10.199999809265137,10.600000381469727,9.066666603088379,10.066666603088379,339585,ASUR,462
2007-01-05,12.333333015441895,12.466667175292969,9.866666793823242,10.199999809265137,668415,ASUR,462
2007-01-08,11.066666603088379,12.533332824707031,10.800000190734863,12.466667175292969,354675,ASUR,462
2007-01-09,11.800000190734863,13.333333015441895,10.933333396911621,10.933333396911621,636780,ASUR,462
2007-01-10,11.466667175292969,12.399999618530273,11.199999809265137,11.933333396911621,250695,ASUR,462
2007-01-11,11.333333015441895,11.800000190734863,11.0,11.600000381469727,225660,ASUR,462
2007-01-12,11.199999809265137,11.533332824707031,10.866666793823242,11.533332824707031,120975,ASUR,462
2007-01-16,10.199999809265137,11.466667175292969,10.133333206176758,11.333333015441895,229575,ASUR,462
2007-01-17,10.533332824707031,10.533332824707031,9.600000381469727,10.199999809265137,210810,ASUR,462
2007-01-18,9.266667366027832,10.666666984558105,9.199999809265137,10.533332824707031,194595,ASUR,462
2007-01-19,9.133333206176758,9.399999618530273,8.733332633972168,9.333333015441895,184260,ASUR,462
2007-01-22,9.333333015441895,9.800000190734863,9.133333206176758,9.133333206176758,127125,ASUR,462
2007-01-23,8.866666793823242,9.600000381469727,8.733332633972168,9.466667175292969,122550,ASUR,462
2007-01-24,9.399999618530273,9.466667175292969,8.866666793823242,8.933333396911621,120930,ASUR,462
2007-01-25,8.866666793823242,9.666666984558105,8.800000190734863,9.600000381469727,114825,ASUR,462
2007-01-26,8.466667175292969,8.866666793823242,8.133333206176758,8.733332633972168,139830,ASUR,462
2007-01-29,8.800000190734863,9.066666603088379,8.199999809265137,8.199999809265137,100785,ASUR,462
2007-01-30,8.733332633972168,9.133333206176758,8.666666984558105,8.666666984558105,81900,ASUR,462
2007-01-31,8.333333015441895,8.800000190734863,8.266667366027832,8.800000190734863,82425,ASUR,462
2007-02-01,8.600000381469727,8.733332633972168,8.333333015441895,8.466667175292969,76890,ASUR,462
2007-02-02,8.866666793823242,9.0,8.533332824707031,8.800000190734863,72180,ASUR,462
2007-02-05,10.266667366027832,10.266667366027832,8.866666793823242,8.933333396911621,254415,ASUR,462
2007-02-06,9.933333396911621,10.666666984558105,9.600000381469727,10.399999618530273,166425,ASUR,462
2007-02-07,9.866666793823242,9.933333396911621,9.399999618530273,9.866666793823242,60735,ASUR,462
2007-02-08,9.533332824707031,9.933333396911621,9.466667175292969,9.866666793823242,48180,ASUR,462
2007-02-09,8.866666793823242,9.600000381469727,8.733332633972168,9.466667175292969,105405,ASUR,462
2007-02-12,9.066666603088379,9.199999809265137,8.399999618530273,8.800000190734863,97965,ASUR,462
2007-02-13,8.666666984558105,9.266667366027832,8.600000381469727,8.933333396911621,69000,ASUR,462
2007-02-14,8.866666793823242,9.333333015441895,8.666666984558105,8.666666984558105,64890,ASUR,462
2007-02-15,9.333333015441895,9.666666984558105,9.0,9.0,126840,ASUR,462
2007-02-16,9.733332633972168,9.866666793823242,9.266667366027832,9.533332824707031,94350,ASUR,462
2007-02-20,10.066666603088379,10.199999809265137,9.666666984558105,9.733332633972168,127410,ASUR,462
2007-02-21,10.199999809265137,11.133333206176758,9.800000190734863,10.466667175292969,276615,ASUR,462
2007-02-22,9.866666793823242,10.466667175292969,9.733332633972168,10.199999809265137,96360,ASUR,462
2007-02-23,9.866666793823242,10.133333206176758,9.733332633972168,9.866666793823242,37110,ASUR,462
2007-02-26,9.533332824707031,10.199999809265137,9.399999618530273,9.800000190734863,118395,ASUR,462
2007-02-27,8.600000381469727,9.399999618530273,8.0,9.399999618530273,164370,ASUR,462
2007-02-28,8.533332824707031,9.266667366027832,8.199999809265137,8.333333015441895,129195,ASUR,462
2007-03-01,8.133333206176758,8.266667366027832,7.0,8.199999809265137,194250,ASUR,462
2007-03-02,7.6666669845581055,8.266667366027832,7.599999904632568,7.800000190734863,91185,ASUR,462
2007-03-05,7.466667175292969,7.599999904632568,6.800000190734863,6.866666793823242,175455,ASUR,462
2007-03-06,7.599999904632568,8.066666603088379,7.533332824707031,7.800000190734863,111525,ASUR,462
2007-03-07,7.066667079925537,7.733333110809326,7.0,7.599999904632568,123210,ASUR,462
2007-03-08,7.199999809265137,7.533332824707031,7.0,7.0,91455,ASUR,462
2007-03-09,7.3333330154418945,7.466667175292969,7.133333206176758,7.133333206176758,42645,ASUR,462
2007-03-12,7.400000095367432,7.533332824707031,7.266666889190674,7.266666889190674,39060,ASUR,462
2007-03-13,7.133333206176758,7.466667175292969,7.066667079925537,7.400000095367432,45945,ASUR,462
2007-03-14,7.066667079925537,7.266666889190674,7.0,7.066667079925537,25080,ASUR,462
2007-03-15,7.0,7.3333330154418945,6.733333110809326,7.133333206176758,56670,ASUR,462
2007-03-16,6.400000095367432,7.066667079925537,6.3333330154418945,7.066667079925537,81870,ASUR,462
2007-03-19,6.466667175292969,6.599999904632568,6.199999809265137,6.400000095367432,41250,ASUR,462
2007-03-20,5.733333110809326,6.533332824707031,5.599999904632568,6.466667175292969,122460,ASUR,462
2007-03-21,5.599999904632568,5.933332920074463,5.533332824707031,5.866666793823242,56535,ASUR,462
2007-03-22,6.400000095367432,6.400000095367432,5.466667175292969,5.466667175292969,109020,ASUR,462
2007-03-23,7.0,7.266666889190674,6.3333330154418945,6.400000095367432,147690,ASUR,462
2007-03-26,7.133333206176758,7.199999809265137,6.866666793823242,7.0,40035,ASUR,462
2007-03-27,6.800000190734863,7.199999809265137,6.266666889190674,7.199999809265137,76590,ASUR,462
2007-03-28,6.599999904632568,7.066667079925537,6.533332824707031,6.6666669845581055,41625,ASUR,462
2007-03-29,6.599999904632568,6.800000190734863,6.466667175292969,6.6666669845581055,30315,ASUR,462
2007-03-30,6.800000190734863,6.933332920074463,6.6666669845581055,6.6666669845581055,26340,ASUR,462
2007-04-02,6.866666793823242,6.866666793823242,6.6666669845581055,6.866666793823242,15765,ASUR,462
2007-04-03,6.599999904632568,6.800000190734863,6.599999904632568,6.800000190734863,24960,ASUR,462
2007-04-04,6.733333110809326,6.800000190734863,6.533332824707031,6.599999904632568,20910,ASUR,462
2007-04-05,6.800000190734863,6.866666793823242,6.599999904632568,6.6666669845581055,42750,ASUR,462
2007-04-09,7.400000095367432,7.466667175292969,6.599999904632568,6.866666793823242,82500,ASUR,462
2007-04-10,8.0,8.533332824707031,7.466667175292969,7.599999904632568,151470,ASUR,462
2007-04-11,7.933332920074463,8.133333206176758,7.133333206176758,7.933332920074463,109020,ASUR,462
2007-04-12,7.800000190734863,8.266667366027832,7.3333330154418945,7.866666793823242,59985,ASUR,462
2007-04-13,7.800000190734863,7.866666793823242,7.400000095367432,7.733333110809326,44640,ASUR,462
2007-04-16,7.866666793823242,8.133333206176758,7.533332824707031,7.6666669845581055,49740,ASUR,462
2007-04-17,8.800000190734863,8.933333396911621,7.933332920074463,7.933332920074463,139290,ASUR,462
2007-04-18,8.199999809265137,8.800000190734863,8.199999809265137,8.733332633972168,67365,ASUR,462
2007-04-19,8.133333206176758,8.399999618530273,8.133333206176758,8.199999809265137,30720,ASUR,462
2007-04-20,8.066666603088379,8.133333206176758,7.933332920074463,8.133333206176758,30300,ASUR,462
2007-04-23,8.333333015441895,8.733332633972168,8.066666603088379,8.133333206176758,50235,ASUR,462
2007-04-24,8.266667366027832,8.533332824707031,8.266667366027832,8.466667175292969,22725,ASUR,462
2007-04-25,8.066666603088379,8.333333015441895,8.0,8.333333015441895,24990,ASUR,462
2007-04-26,9.266667366027832,10.266667366027832,8.0,8.066666603088379,509790,ASUR,462
2007-04-27,8.399999618530273,9.666666984558105,8.266667366027832,9.666666984558105,138960,ASUR,462
2007-04-30,8.0,8.600000381469727,8.0,8.399999618530273,109695,ASUR,462
2007-05-01,7.933332920074463,8.266667366027832,7.733333110809326,8.0,55890,ASUR,462
2007-05-02,8.199999809265137,8.266667366027832,7.733333110809326,8.0,42645,ASUR,462
2007-05-03,7.866666793823242,8.199999809265137,7.866666793823242,8.0,26175,ASUR,462
2007-05-04,8.0,8.199999809265137,7.733333110809326,7.866666793823242,60180,ASUR,462
2007-05-07,7.933332920074463,8.133333206176758,7.733333110809326,8.0,25545,ASUR,462
2007-05-08,7.6666669845581055,8.066666603088379,7.599999904632568,7.933332920074463,27195,ASUR,462
2007-05-09,7.466667175292969,7.866666793823242,7.3333330154418945,7.599999904632568,34470,ASUR,462
2007-05-10,7.533332824707031,8.0,7.3333330154418945,7.400000095367432,38235,ASUR,462
2007-05-11,7.733333110809326,7.866666793823242,7.533332824707031,7.599999904632568,23520,ASUR,462
2007-05-14,7.866666793823242,8.0,7.533332824707031,7.6666669845581055,17055,ASUR,462
2007-05-15,7.599999904632568,7.866666793823242,7.466667175292969,7.866666793823242,22110,ASUR,462
2007-05-16,7.6666669845581055,7.800000190734863,7.599999904632568,7.599999904632568,18180,ASUR,462
2007-05-17,7.533332824707031,7.733333110809326,7.3333330154418945,7.733333110809326,25230,ASUR,462
2007-05-18,8.600000381469727,8.866666793823242,7.533332824707031,7.533332824707031,165255,ASUR,462
2007-05-21,8.466667175292969,9.199999809265137,8.466667175292969,8.866666793823242,121545,ASUR,462
2007-05-22,6.199999809265137,7.0,6.133333206176758,6.6666669845581055,293190,ASUR,462
2007-05-23,6.599999904632568,6.933332920074463,6.400000095367432,6.599999904632568,84120,ASUR,462
2007-05-24,6.266666889190674,6.733333110809326,6.199999809265137,6.6666669845581055,42705,ASUR,462
2007-05-25,6.6666669845581055,6.6666669845581055,6.266666889190674,6.599999904632568,34980,ASUR,462
2007-05-29,6.400000095367432,6.599999904632568,6.266666889190674,6.599999904632568,34935,ASUR,462
2007-05-30,7.199999809265137,8.466667175292969,7.0,7.733333110809326,786120,ASUR,462
2007-05-31,7.133333206176758,7.266666889190674,6.866666793823242,7.266666889190674,218580,ASUR,462
2007-06-01,7.266666889190674,7.466667175292969,7.0,7.133333206176758,100965,ASUR,462
2007-06-04,6.933332920074463,7.266666889190674,6.933332920074463,7.266666889190674,55350,ASUR,462
2007-06-05,6.933332920074463,7.199999809265137,6.800000190734863,6.800000190734863,65460,ASUR,462
2007-06-06,6.866666793823242,7.0,6.733333110809326,7.0,43200,ASUR,462
2007-06-07,6.6666669845581055,6.866666793823242,6.6666669845581055,6.733333110809326,46665,ASUR,462
2007-06-08,6.6666669845581055,6.866666793823242,6.6666669845581055,6.6666669845581055,35790,ASUR,462
2007-06-11,6.733333110809326,6.866666793823242,6.6666669845581055,6.733333110809326,32010,ASUR,462
2007-06-12,6.466667175292969,6.800000190734863,6.400000095367432,6.733333110809326,44670,ASUR,462
2007-06-13,6.400000095367432,6.533332824707031,6.400000095367432,6.400000095367432,19890,ASUR,462
2007-06-14,6.3333330154418945,6.466667175292969,6.3333330154418945,6.400000095367432,46920,ASUR,462
2007-06-15,6.6666669845581055,6.6666669845581055,6.266666889190674,6.3333330154418945,55650,ASUR,462
2007-06-18,6.400000095367432,6.866666793823242,6.400000095367432,6.599999904632568,29550,ASUR,462
2007-06-19,6.400000095367432,6.6666669845581055,6.400000095367432,6.400000095367432,16470,ASUR,462
2007-06-20,6.466667175292969,6.599999904632568,6.400000095367432,6.466667175292969,9270,ASUR,462
2007-06-21,6.733333110809326,6.800000190734863,6.400000095367432,6.400000095367432,37320,ASUR,462
2007-06-22,6.466667175292969,6.733333110809326,6.400000095367432,6.400000095367432,44820,ASUR,462
2007-06-25,6.266666889190674,6.533332824707031,6.133333206176758,6.533332824707031,32475,ASUR,462
2007-06-26,6.0,6.266666889190674,6.0,6.133333206176758,27690,ASUR,462
2007-06-27,6.266666889190674,6.3333330154418945,5.933332920074463,6.0,31455,ASUR,462
2007-06-28,6.133333206176758,6.400000095367432,6.066667079925537,6.066667079925537,13395,ASUR,462
2007-06-29,6.199999809265137,6.3333330154418945,6.0,6.0,30330,ASUR,462
2007-07-02,6.6666669845581055,6.933332920074463,6.266666889190674,6.3333330154418945,91575,ASUR,462
2007-07-03,6.533332824707031,6.800000190734863,6.466667175292969,6.800000190734863,22350,ASUR,462
2007-07-05,6.533332824707031,6.533332824707031,6.400000095367432,6.533332824707031,29490,ASUR,462
2007-07-06,6.733333110809326,6.800000190734863,6.400000095367432,6.533332824707031,30435,ASUR,462
2007-07-09,6.800000190734863,7.0,6.733333110809326,6.866666793823242,94425,ASUR,462
2007-07-10,6.733333110809326,6.866666793823242,6.599999904632568,6.866666793823242,26265,ASUR,462
2007-07-11,6.800000190734863,6.800000190734863,6.6666669845581055,6.800000190734863,13020,ASUR,462
2007-07-12,6.599999904632568,6.866666793823242,6.533332824707031,6.866666793823242,15435,ASUR,462
2007-07-13,6.6666669845581055,6.733333110809326,6.599999904632568,6.6666669845581055,17715,ASUR,462
2007-07-16,6.533332824707031,6.800000190734863,6.466667175292969,6.6666669845581055,49605,ASUR,462
2007-07-17,6.3333330154418945,6.533332824707031,6.3333330154418945,6.400000095367432,45450,ASUR,462
2007-07-18,6.3333330154418945,6.533332824707031,6.266666889190674,6.3333330154418945,27675,ASUR,462
2007-07-19,6.3333330154418945,6.466667175292969,6.3333330154418945,6.400000095367432,14850,ASUR,462
2007-07-20,6.400000095367432,6.400000095367432,6.266666889190674,6.3333330154418945,23280,ASUR,462
2007-07-23,6.266666889190674,6.400000095367432,6.199999809265137,6.199999809265137,23865,ASUR,462
2007-07-24,6.199999809265137,6.3333330154418945,6.199999809265137,6.266666889190674,7395,ASUR,462
2007-07-25,6.066667079925537,6.3333330154418945,6.0,6.199999809265137,28770,ASUR,462
2007-07-26,5.800000190734863,6.933332920074463,5.733333110809326,5.733333110809326,31080,ASUR,462
2007-07-27,5.6666669845581055,5.800000190734863,5.599999904632568,5.800000190734863,22995,ASUR,462
2007-07-30,5.466667175292969,5.800000190734863,5.466667175292969,5.733333110809326,14490,ASUR,462
2007-07-31,5.599999904632568,5.733333110809326,5.3333330154418945,5.466667175292969,29295,ASUR,462
2007-08-01,5.466667175292969,5.533332824707031,5.199999809265137,5.3333330154418945,21465,ASUR,462
2007-08-02,5.3333330154418945,5.533332824707031,5.199999809265137,5.533332824707031,28845,ASUR,462
2007-08-03,5.199999809265137,5.3333330154418945,5.199999809265137,5.266666889190674,9405,ASUR,462
2007-08-06,4.733333110809326,5.199999809265137,4.599999904632568,5.0,62295,ASUR,462
2007-08-07,4.533332824707031,4.6666669845581055,4.3333330154418945,4.3333330154418945,65340,ASUR,462
2007-08-08,4.800000190734863,4.800000190734863,4.466667175292969,4.533332824707031,39135,ASUR,462
2007-08-09,5.133333206176758,5.400000095367432,4.733333110809326,4.800000190734863,26115,ASUR,462
2007-08-10,5.199999809265137,5.533332824707031,4.3333330154418945,5.400000095367432,51240,ASUR,462
2007-08-13,5.199999809265137,5.400000095367432,4.733333110809326,5.400000095367432,15120,ASUR,462
2007-08-14,5.3333330154418945,5.3333330154418945,4.733333110809326,5.3333330154418945,17400,ASUR,462
2007-08-15,5.066667079925537,5.199999809265137,4.800000190734863,4.800000190734863,12285,ASUR,462
2007-08-16,4.866666793823242,5.0,4.6666669845581055,5.0,10965,ASUR,462
2007-08-17,4.933332920074463,5.199999809265137,4.800000190734863,4.800000190734863,10035,ASUR,462
2007-08-20,5.066667079925537,5.133333206176758,4.933332920074463,5.0,7995,ASUR,462
2007-08-21,5.133333206176758,5.3333330154418945,5.066667079925537,5.266666889190674,13575,ASUR,462
2007-08-22,5.3333330154418945,5.466667175292969,5.266666889190674,5.3333330154418945,16725,ASUR,462
2007-08-23,5.3333330154418945,5.533332824707031,5.199999809265137,5.533332824707031,8295,ASUR,462
2007-08-24,5.466667175292969,5.466667175292969,5.3333330154418945,5.400000095367432,12180,ASUR,462
2007-08-27,5.3333330154418945,5.533332824707031,5.3333330154418945,5.533332824707031,11445,ASUR,462
2007-08-28,5.466667175292969,5.533332824707031,5.400000095367432,5.533332824707031,11655,ASUR,462
2007-08-29,5.400000095367432,5.533332824707031,5.3333330154418945,5.533332824707031,6660,ASUR,462
2007-08-30,5.533332824707031,5.599999904632568,5.3333330154418945,5.400000095367432,9195,ASUR,462
2007-08-31,5.599999904632568,5.599999904632568,5.400000095367432,5.599999904632568,5250,ASUR,462
2007-09-04,5.133333206176758,5.533332824707031,5.0,5.466667175292969,29580,ASUR,462
2007-09-05,5.133333206176758,5.199999809265137,4.933332920074463,5.199999809265137,9975,ASUR,462
2007-09-06,4.933332920074463,5.0,4.800000190734863,4.933332920074463,11625,ASUR,462
2007-09-07,4.6666669845581055,4.866666793823242,4.6666669845581055,4.800000190734863,23460,ASUR,462
2007-09-10,4.6666669845581055,4.866666793823242,4.6666669845581055,4.6666669845581055,11115,ASUR,462
2007-09-11,4.733333110809326,4.733333110809326,4.599999904632568,4.599999904632568,12765,ASUR,462
2007-09-12,4.6666669845581055,4.733333110809326,4.400000095367432,4.466667175292969,17790,ASUR,462
2007-09-13,5.3333330154418945,5.599999904632568,4.733333110809326,4.933332920074463,32325,ASUR,462
2007-09-14,5.066667079925537,5.466667175292969,5.066667079925537,5.466667175292969,9225,ASUR,462
2007-09-17,5.133333206176758,5.533332824707031,5.133333206176758,5.133333206176758,12420,ASUR,462
2007-09-18,4.800000190734863,5.3333330154418945,4.3333330154418945,5.133333206176758,9330,ASUR,462
2007-09-19,5.133333206176758,5.3333330154418945,4.866666793823242,5.0,25020,ASUR,462
2007-09-20,5.133333206176758,5.400000095367432,5.0,5.0,4470,ASUR,462
2007-09-21,5.133333206176758,5.3333330154418945,4.6666669845581055,5.133333206176758,12315,ASUR,462
2007-09-24,5.3333330154418945,5.533332824707031,5.199999809265137,5.3333330154418945,25980,ASUR,462
2007-09-25,5.3333330154418945,5.466667175292969,5.133333206176758,5.3333330154418945,25050,ASUR,462
2007-09-26,5.400000095367432,6.266666889190674,5.400000095367432,5.6666669845581055,97545,ASUR,462
2007-09-27,5.866666793823242,5.866666793823242,5.266666889190674,5.6666669845581055,25680,ASUR,462
2007-09-28,5.933332920074463,6.3333330154418945,5.733333110809326,5.733333110809326,43725,ASUR,462
2007-10-01,6.733333110809326,6.866666793823242,6.133333206176758,6.266666889190674,75120,ASUR,462
2007-10-02,7.3333330154418945,7.533332824707031,6.6666669845581055,6.733333110809326,154215,ASUR,462
2007-10-03,7.599999904632568,7.933332920074463,7.266666889190674,7.400000095367432,118890,ASUR,462
2007-10-04,8.533332824707031,8.600000381469727,7.599999904632568,7.599999904632568,152640,ASUR,462
2007-10-05,8.0,9.0,7.866666793823242,8.666666984558105,158880,ASUR,462
2007-10-08,9.199999809265137,9.266667366027832,8.0,8.333333015441895,152535,ASUR,462
2007-10-09,9.333333015441895,9.933333396911621,9.0,9.266667366027832,97950,ASUR,462
2007-10-10,8.733332633972168,9.600000381469727,8.733332633972168,9.333333015441895,84180,ASUR,462
2007-10-11,8.933333396911621,9.333333015441895,8.399999618530273,9.0,96195,ASUR,462
2007-10-12,8.733332633972168,9.133333206176758,8.399999618530273,9.133333206176758,40920,ASUR,462
2007-10-15,9.133333206176758,9.199999809265137,8.733332633972168,8.733332633972168,48960,ASUR,462
2007-10-16,9.133333206176758,9.399999618530273,8.733332633972168,9.333333015441895,54915,ASUR,462
2007-10-17,9.0,9.399999618530273,8.733332633972168,9.199999809265137,38430,ASUR,462
2007-10-18,9.066666603088379,9.199999809265137,8.800000190734863,9.199999809265137,43515,ASUR,462
2007-10-19,8.800000190734863,9.199999809265137,8.733332633972168,9.199999809265137,37320,ASUR,462
2007-10-22,8.666666984558105,8.866666793823242,8.199999809265137,8.333333015441895,45045,ASUR,462
2007-10-23,9.266667366027832,9.266667366027832,8.399999618530273,8.399999618530273,50430,ASUR,462
2007-10-24,8.933333396911621,9.266667366027832,8.800000190734863,9.133333206176758,27330,ASUR,462
2007-10-25,9.133333206176758,9.266667366027832,8.933333396911621,8.933333396911621,23700,ASUR,462
2007-10-26,8.866666793823242,9.266667366027832,8.733332633972168,9.266667366027832,40845,ASUR,462
2007-10-29,9.066666603088379,9.133333206176758,8.866666793823242,9.0,35265,ASUR,462
2007-10-30,8.800000190734863,9.133333206176758,8.800000190734863,9.066666603088379,21180,ASUR,462
2007-10-31,9.133333206176758,9.133333206176758,8.866666793823242,9.133333206176758,28275,ASUR,462
2007-11-01,8.933333396911621,9.133333206176758,8.800000190734863,9.133333206176758,32070,ASUR,462
2007-11-02,8.933333396911621,9.133333206176758,8.866666793823242,8.933333396911621,29745,ASUR,462
2007-11-05,8.933333396911621,9.133333206176758,8.800000190734863,9.066666603088379,42990,ASUR,462
2007-11-06,9.066666603088379,9.133333206176758,8.800000190734863,8.866666793823242,32340,ASUR,462
2007-11-07,9.199999809265137,9.199999809265137,8.866666793823242,9.133333206176758,29700,ASUR,462
2007-11-08,9.199999809265137,9.266667366027832,8.933333396911621,9.266667366027832,45750,ASUR,462
2007-11-09,8.666666984558105,9.199999809265137,8.533332824707031,9.199999809265137,70950,ASUR,462
2007-11-12,9.133333206176758,9.199999809265137,8.866666793823242,9.133333206176758,56010,ASUR,462
2007-11-13,8.866666793823242,9.133333206176758,8.800000190734863,9.133333206176758,45450,ASUR,462
2007-11-14,9.199999809265137,9.199999809265137,9.0,9.133333206176758,49605,ASUR,462
2007-11-15,8.866666793823242,9.199999809265137,8.866666793823242,9.199999809265137,23925,ASUR,462
2007-11-16,9.133333206176758,9.133333206176758,8.866666793823242,8.933333396911621,19830,ASUR,462
2007-11-19,8.933333396911621,9.133333206176758,8.933333396911621,9.133333206176758,38745,ASUR,462
2007-11-20,9.0,9.133333206176758,8.933333396911621,9.133333206176758,18090,ASUR,462
2007-11-21,9.0,9.066666603088379,8.866666793823242,9.066666603088379,17580,ASUR,462
2007-11-23,9.066666603088379,9.133333206176758,8.933333396911621,9.0,12105,ASUR,462
2007-11-26,8.933333396911621,9.066666603088379,8.333333015441895,8.866666793823242,36690,ASUR,462
2007-11-27,9.0,9.066666603088379,8.399999618530273,8.533332824707031,35100,ASUR,462
2007-11-28,8.800000190734863,9.0,8.800000190734863,8.866666793823242,21585,ASUR,462
2007-11-29,9.0,9.0,8.800000190734863,9.0,22290,ASUR,462
2007-11-30,8.933333396911621,9.0,8.666666984558105,8.800000190734863,27420,ASUR,462
2007-12-03,8.800000190734863,8.933333396911621,8.733332633972168,8.933333396911621,26940,ASUR,462
2007-12-04,8.800000190734863,8.866666793823242,8.533332824707031,8.800000190734863,26595,ASUR,462
2007-12-05,8.600000381469727,8.866666793823242,8.533332824707031,8.666666984558105,35370,ASUR,462
2007-12-06,8.399999618530273,8.666666984558105,7.866666793823242,7.866666793823242,40335,ASUR,462
2007-12-07,8.533332824707031,8.800000190734863,8.466667175292969,8.533332824707031,15810,ASUR,462
2007-12-10,8.600000381469727,8.866666793823242,8.600000381469727,8.866666793823242,29880,ASUR,462
2007-12-11,8.866666793823242,8.866666793823242,8.666666984558105,8.666666984558105,19815,ASUR,462
2007-12-12,8.733332633972168,8.866666793823242,8.733332633972168,8.866666793823242,18930,ASUR,462
2007-12-13,8.666666984558105,8.866666793823242,8.600000381469727,8.866666793823242,11535,ASUR,462
2007-12-14,7.3333330154418945,8.800000190734863,4.733333110809326,8.600000381469727,89880,ASUR,462
2007-12-17,6.866666793823242,7.199999809265137,6.733333110809326,6.733333110809326,59205,ASUR,462
2007-12-18,6.199999809265137,6.866666793823242,5.3333330154418945,6.866666793823242,87075,ASUR,462
2007-12-19,5.466667175292969,6.066667079925537,5.133333206176758,5.6666669845581055,59550,ASUR,462
2007-12-20,5.466667175292969,5.6666669845581055,5.3333330154418945,5.466667175292969,40545,ASUR,462
2007-12-21,5.466667175292969,6.066667079925537,5.466667175292969,5.6666669845581055,31785,ASUR,462
2007-12-24,5.0,5.466667175292969,5.0,5.400000095367432,33840,ASUR,462
2007-12-26,5.066667079925537,5.3333330154418945,5.0,5.0,21165,ASUR,462
2007-12-27,5.466667175292969,5.466667175292969,5.0,5.0,18120,ASUR,462
2007-12-28,5.266666889190674,5.466667175292969,5.066667079925537,5.466667175292969,21690,ASUR,462
2007-12-31,5.066667079925537,5.466667175292969,5.0,5.066667079925537,51870,ASUR,462
2008-01-02,5.866666793823242,5.933332920074463,5.133333206176758,5.133333206176758,36720,ASUR,462
2008-01-03,5.599999904632568,5.933332920074463,5.533332824707031,5.866666793823242,16845,ASUR,462
2008-01-04,5.6666669845581055,5.800000190734863,5.266666889190674,5.733333110809326,21945,ASUR,462
2008-01-07,5.466667175292969,6.066667079925537,5.466667175292969,5.466667175292969,10695,ASUR,462
2008-01-08,5.6666669845581055,5.733333110809326,5.266666889190674,5.466667175292969,12585,ASUR,462
2008-01-09,5.266666889190674,5.6666669845581055,5.266666889190674,5.6666669845581055,7185,ASUR,462
2008-01-10,5.3333330154418945,5.533332824707031,5.266666889190674,5.400000095367432,10395,ASUR,462
2008-01-11,5.400000095367432,5.533332824707031,5.266666889190674,5.533332824707031,6540,ASUR,462
2008-01-14,5.3333330154418945,5.533332824707031,5.3333330154418945,5.400000095367432,5700,ASUR,462
2008-01-15,5.3333330154418945,5.533332824707031,5.199999809265137,5.466667175292969,9855,ASUR,462
2008-01-16,5.066667079925537,5.466667175292969,5.066667079925537,5.3333330154418945,9705,ASUR,462
2008-01-17,5.0,5.199999809265137,5.0,5.066667079925537,6690,ASUR,462
2008-01-18,4.800000190734863,5.199999809265137,4.733333110809326,5.066667079925537,8640,ASUR,462
2008-01-22,4.866666793823242,5.0,4.733333110809326,4.933332920074463,12615,ASUR,462
2008-01-23,4.6666669845581055,5.0,4.400000095367432,5.0,14340,ASUR,462
2008-01-24,4.599999904632568,4.800000190734863,4.466667175292969,4.733333110809326,10875,ASUR,462
2008-01-25,4.733333110809326,4.800000190734863,4.533332824707031,4.533332824707031,2700,ASUR,462
2008-01-28,4.533332824707031,4.800000190734863,4.533332824707031,4.800000190734863,7185,ASUR,462
2008-01-29,4.533332824707031,4.6666669845581055,4.400000095367432,4.6666669845581055,4470,ASUR,462
2008-01-30,4.533332824707031,4.6666669845581055,4.533332824707031,4.6666669845581055,9240,ASUR,462
2008-01-31,4.599999904632568,4.6666669845581055,4.3333330154418945,4.3333330154418945,16605,ASUR,462
2008-02-01,4.533332824707031,4.6666669845581055,4.466667175292969,4.599999904632568,12135,ASUR,462
2008-02-04,4.6666669845581055,4.733333110809326,4.466667175292969,4.533332824707031,18705,ASUR,462
2008-02-05,4.533332824707031,4.6666669845581055,4.466667175292969,4.6666669845581055,15405,ASUR,462
2008-02-06,4.733333110809326,4.933332920074463,4.6666669845581055,4.6666669845581055,15240,ASUR,462
2008-02-07,4.533332824707031,4.733333110809326,4.533332824707031,4.6666669845581055,4380,ASUR,462
2008-02-08,4.733333110809326,4.733333110809326,4.266666889190674,4.533332824707031,15540,ASUR,462
2008-02-11,4.466667175292969,4.733333110809326,4.400000095367432,4.733333110809326,9855,ASUR,462
2008-02-12,4.3333330154418945,4.533332824707031,4.266666889190674,4.266666889190674,11805,ASUR,462
2008-02-13,4.466667175292969,4.6666669845581055,4.3333330154418945,4.466667175292969,5100,ASUR,462
2008-02-14,4.533332824707031,4.599999904632568,4.3333330154418945,4.3333330154418945,4380,ASUR,462
2008-02-15,4.466667175292969,4.6666669845581055,4.400000095367432,4.533332824707031,6150,ASUR,462
2008-02-19,4.466667175292969,4.733333110809326,4.466667175292969,4.466667175292969,12660,ASUR,462
2008-02-20,4.599999904632568,4.6666669845581055,4.466667175292969,4.533332824707031,3540,ASUR,462
2008-02-21,4.533332824707031,4.733333110809326,4.533332824707031,4.533332824707031,9300,ASUR,462
2008-02-22,4.533332824707031,4.733333110809326,4.466667175292969,4.533332824707031,1995,ASUR,462
2008-02-25,4.6666669845581055,4.733333110809326,4.533332824707031,4.533332824707031,5535,ASUR,462
2008-02-26,4.733333110809326,4.733333110809326,4.466667175292969,4.6666669845581055,6960,ASUR,462
2008-02-27,4.866666793823242,4.866666793823242,4.733333110809326,4.733333110809326,4110,ASUR,462
2008-02-28,5.266666889190674,6.0,5.199999809265137,6.0,16050,ASUR,462
2008-02-29,5.3333330154418945,5.400000095367432,5.199999809265137,5.266666889190674,8955,ASUR,462
2008-03-03,5.066667079925537,5.3333330154418945,5.0,5.3333330154418945,16515,ASUR,462
2008-03-04,4.866666793823242,5.199999809265137,4.6666669845581055,5.0,15525,ASUR,462
2008-03-05,4.733333110809326,4.933332920074463,4.533332824707031,4.6666669845581055,15585,ASUR,462
2008-03-06,4.599999904632568,5.0,4.533332824707031,4.6666669845581055,3165,ASUR,462
2008-03-07,4.733333110809326,4.866666793823242,4.599999904632568,4.599999904632568,2700,ASUR,462
2008-03-10,4.800000190734863,5.266666889190674,4.533332824707031,4.533332824707031,4140,ASUR,462
2008-03-11,4.800000190734863,4.800000190734863,4.599999904632568,4.599999904632568,4665,ASUR,462
2008-03-12,4.800000190734863,5.0,4.599999904632568,4.599999904632568,7035,ASUR,462
2008-03-13,4.6666669845581055,4.800000190734863,4.266666889190674,4.6666669845581055,24495,ASUR,462
2008-03-14,4.466667175292969,4.599999904632568,4.400000095367432,4.400000095367432,7965,ASUR,462
2008-03-17,4.199999809265137,4.3333330154418945,4.199999809265137,4.3333330154418945,8295,ASUR,462
2008-03-18,4.133333206176758,4.3333330154418945,3.733333110809326,4.066667079925537,9480,ASUR,462
2008-03-19,3.799999952316284,4.0,3.733333110809326,4.0,12225,ASUR,462
2008-03-20,3.4000000953674316,3.8666670322418213,3.3333330154418945,3.799999952316284,18210,ASUR,462
2008-03-24,3.3333330154418945,3.733333110809326,3.266666889190674,3.3333330154418945,10860,ASUR,462
2008-03-25,3.4666669368743896,3.6666669845581055,2.799999952316284,3.3333330154418945,19110,ASUR,462
2008-03-26,3.266666889190674,3.5999999046325684,3.266666889190674,3.5999999046325684,7335,ASUR,462
2008-03-27,3.3333330154418945,3.5333330631256104,3.3333330154418945,3.5333330631256104,10620,ASUR,462
2008-03-28,3.5333330631256104,3.5999999046325684,3.200000047683716,3.3333330154418945,3705,ASUR,462
2008-03-31,3.4666669368743896,3.5333330631256104,3.266666889190674,3.5333330631256104,3000,ASUR,462
2008-04-01,3.4000000953674316,3.4666669368743896,3.3333330154418945,3.4666669368743896,8055,ASUR,462
2008-04-02,3.4000000953674316,3.4000000953674316,3.266666889190674,3.266666889190674,5640,ASUR,462
2008-04-03,3.200000047683716,3.3333330154418945,3.200000047683716,3.266666889190674,16995,ASUR,462
2008-04-04,3.6666669845581055,4.133333206176758,3.266666889190674,3.266666889190674,39780,ASUR,462
2008-04-07,3.8666670322418213,4.133333206176758,3.5999999046325684,4.133333206176758,9105,ASUR,462
2008-04-08,3.733333110809326,4.066667079925537,3.5999999046325684,3.933332920074463,5310,ASUR,462
2008-04-09,4.133333206176758,4.266666889190674,3.799999952316284,3.8666670322418213,33015,ASUR,462
2008-04-10,4.066667079925537,4.266666889190674,3.6666669845581055,4.266666889190674,4875,ASUR,462
2008-04-11,4.066667079925537,4.133333206176758,3.733333110809326,3.733333110809326,3165,ASUR,462
2008-04-14,4.0,4.066667079925537,3.799999952316284,3.799999952316284,810,ASUR,462
2008-04-15,3.5999999046325684,4.0,3.266666889190674,3.933332920074463,9420,ASUR,462
2008-04-16,3.933332920074463,4.199999809265137,3.5333330631256104,3.5333330631256104,2340,ASUR,462
2008-04-17,3.5333330631256104,3.933332920074463,3.5333330631256104,3.933332920074463,3450,ASUR,462
2008-04-18,3.200000047683716,3.8666670322418213,1.9333330392837524,3.6666669845581055,37575,ASUR,462
2008-04-21,3.200000047683716,3.6666669845581055,2.733333110809326,3.3333330154418945,14745,ASUR,462
2008-04-22,3.3333330154418945,3.5999999046325684,3.0,3.0,8985,ASUR,462
2008-04-23,3.200000047683716,3.3333330154418945,2.799999952316284,3.0,19710,ASUR,462
2008-04-24,3.200000047683716,3.266666889190674,2.8666670322418213,3.1333329677581787,22635,ASUR,462
2008-04-25,3.066667079925537,3.4000000953674316,3.066667079925537,3.066667079925537,4710,ASUR,462
2008-04-28,3.266666889190674,3.3333330154418945,3.1333329677581787,3.266666889190674,6915,ASUR,462
2008-04-29,3.1333329677581787,3.3333330154418945,3.1333329677581787,3.1333329677581787,16110,ASUR,462
2008-04-30,3.266666889190674,3.3333330154418945,3.1333329677581787,3.266666889190674,8670,ASUR,462
2008-05-01,3.3333330154418945,3.4000000953674316,3.200000047683716,3.3333330154418945,14190,ASUR,462
2008-05-02,3.3333330154418945,3.5999999046325684,3.266666889190674,3.266666889190674,29025,ASUR,462
2008-05-05,3.1333329677581787,3.5999999046325684,3.1333329677581787,3.3333330154418945,17940,ASUR,462
2008-05-06,3.1333329677581787,3.3333330154418945,3.0,3.0,5910,ASUR,462
2008-05-07,3.200000047683716,3.3333330154418945,3.066667079925537,3.066667079925537,3870,ASUR,462
2008-05-08,3.3333330154418945,3.5333330631256104,3.200000047683716,3.266666889190674,8775,ASUR,462
2008-05-09,3.4000000953674316,3.4666669368743896,3.3333330154418945,3.3333330154418945,3525,ASUR,462
2008-05-12,3.3333330154418945,3.4000000953674316,3.3333330154418945,3.4000000953674316,1065,ASUR,462
2008-05-13,3.4000000953674316,3.4666669368743896,3.3333330154418945,3.3333330154418945,6090,ASUR,462
2008-05-14,3.3333330154418945,3.4666669368743896,3.3333330154418945,3.3333330154418945,1935,ASUR,462
2008-05-15,3.4666669368743896,3.4666669368743896,3.3333330154418945,3.3333330154418945,9555,ASUR,462
2008-05-16,3.4666669368743896,3.5333330631256104,3.4000000953674316,3.5333330631256104,4410,ASUR,462
2008-05-19,3.4666669368743896,3.4666669368743896,3.3333330154418945,3.3333330154418945,6780,ASUR,462
2008-05-20,3.5333330631256104,3.5999999046325684,3.3333330154418945,3.4666669368743896,8100,ASUR,462
2008-05-21,3.4666669368743896,3.5999999046325684,3.200000047683716,3.5999999046325684,5475,ASUR,462
2008-05-22,3.6666669845581055,3.6666669845581055,3.4666669368743896,3.4666669368743896,4080,ASUR,462
2008-05-23,3.5333330631256104,3.6666669845581055,3.5333330631256104,3.6666669845581055,4545,ASUR,462
2008-05-27,3.5333330631256104,3.5999999046325684,3.3333330154418945,3.4666669368743896,6945,ASUR,462
2008-05-28,3.5999999046325684,3.5999999046325684,3.4666669368743896,3.5333330631256104,4590,ASUR,462
2008-05-29,3.5999999046325684,3.6666669845581055,3.5333330631256104,3.5333330631256104,8145,ASUR,462
2008-05-30,3.5999999046325684,3.799999952316284,3.5999999046325684,3.5999999046325684,990,ASUR,462
2008-06-02,3.5999999046325684,3.6666669845581055,3.5999999046325684,3.5999999046325684,1155,ASUR,462
2008-06-03,3.5333330631256104,3.733333110809326,3.5333330631256104,3.5999999046325684,3150,ASUR,462
2008-06-04,3.5333330631256104,3.6666669845581055,3.5333330631256104,3.5333330631256104,1110,ASUR,462
2008-06-05,3.5333330631256104,3.6666669845581055,3.5333330631256104,3.6666669845581055,855,ASUR,462
2008-06-06,3.6666669845581055,3.6666669845581055,3.5333330631256104,3.5333330631256104,3390,ASUR,462
2008-06-09,3.4000000953674316,3.799999952316284,3.4000000953674316,3.6666669845581055,10755,ASUR,462
2008-06-10,3.266666889190674,3.4666669368743896,3.200000047683716,3.3333330154418945,7845,ASUR,462
2008-06-11,3.3333330154418945,3.4666669368743896,3.266666889190674,3.266666889190674,840,ASUR,462
2008-06-12,3.200000047683716,3.3333330154418945,3.200000047683716,3.3333330154418945,5310,ASUR,462
2008-06-13,3.4000000953674316,3.5333330631256104,2.8666670322418213,2.8666670322418213,6150,ASUR,462
2008-06-16,3.5333330631256104,3.5333330631256104,3.3333330154418945,3.4000000953674316,6270,ASUR,462
2008-06-17,3.3333330154418945,3.5999999046325684,3.3333330154418945,3.5999999046325684,10905,ASUR,462
2008-06-18,3.1333329677581787,3.4666669368743896,2.933332920074463,3.3333330154418945,11790,ASUR,462
2008-06-19,3.066667079925537,3.266666889190674,3.0,3.1333329677581787,4425,ASUR,462
2008-06-20,3.3333330154418945,3.3333330154418945,3.0,3.066667079925537,2715,ASUR,462
2008-06-23,3.1333329677581787,3.266666889190674,3.0,3.266666889190674,4335,ASUR,462
2008-06-24,3.0,3.1333329677581787,2.933332920074463,3.1333329677581787,5670,ASUR,462
2008-06-25,2.933332920074463,3.0,2.933332920074463,3.0,5010,ASUR,462
2008-06-26,2.933332920074463,3.0,2.6666669845581055,3.0,5340,ASUR,462
2008-06-27,2.733333110809326,3.0,2.6666669845581055,2.733333110809326,14775,ASUR,462
2008-06-30,2.6666669845581055,2.933332920074463,2.6666669845581055,2.799999952316284,990,ASUR,462
2008-07-01,2.4000000953674316,2.799999952316284,2.4000000953674316,2.6666669845581055,14145,ASUR,462
2008-07-02,2.4000000953674316,2.5999999046325684,2.4000000953674316,2.4666669368743896,15705,ASUR,462
2008-07-03,2.5333330631256104,2.5999999046325684,2.3333330154418945,2.4000000953674316,7650,ASUR,462
2008-07-07,2.3333330154418945,2.4666669368743896,2.3333330154418945,2.3333330154418945,5595,ASUR,462
2008-07-08,2.266666889190674,2.4000000953674316,2.200000047683716,2.4000000953674316,9480,ASUR,462
2008-07-09,2.3333330154418945,2.4000000953674316,2.266666889190674,2.266666889190674,6765,ASUR,462
2008-07-10,2.4666669368743896,2.4666669368743896,2.200000047683716,2.200000047683716,4170,ASUR,462
2008-07-11,2.4666669368743896,2.5333330631256104,2.266666889190674,2.5333330631256104,2130,ASUR,462
2008-07-14,2.3333330154418945,2.4666669368743896,2.266666889190674,2.266666889190674,7005,ASUR,462
2008-07-15,2.266666889190674,2.3333330154418945,2.200000047683716,2.200000047683716,3015,ASUR,462
2008-07-16,2.1333329677581787,2.200000047683716,2.066667079925537,2.200000047683716,4830,ASUR,462
2008-07-17,2.200000047683716,2.200000047683716,2.066667079925537,2.1333329677581787,5025,ASUR,462
2008-07-18,2.200000047683716,2.266666889190674,2.1333329677581787,2.1333329677581787,9510,ASUR,462
2008-07-21,2.1333329677581787,2.266666889190674,2.0,2.266666889190674,13050,ASUR,462
2008-07-22,2.066667079925537,2.266666889190674,2.0,2.266666889190674,2895,ASUR,462
2008-07-23,2.066667079925537,2.200000047683716,2.0,2.066667079925537,17490,ASUR,462
2008-07-24,2.0,2.266666889190674,1.9333330392837524,2.0,8235,ASUR,462
2008-07-25,2.0,2.200000047683716,2.0,2.0,14100,ASUR,462
2008-07-28,2.0,2.1333329677581787,1.9333330392837524,2.066667079925537,4155,ASUR,462
2008-07-29,1.9333330392837524,2.066667079925537,1.9333330392837524,1.9333330392837524,7350,ASUR,462
2008-07-30,2.066667079925537,2.1333329677581787,1.8666670322418213,1.8666670322418213,7080,ASUR,462
2008-07-31,1.9333330392837524,2.066667079925537,1.9333330392837524,2.0,6960,ASUR,462
2008-08-01,1.8666670322418213,2.0,1.8666670322418213,1.9333330392837524,5340,ASUR,462
2008-08-04,1.8666670322418213,2.0,1.8666670322418213,1.8666670322418213,3585,ASUR,462
2008-08-05,1.8666670322418213,2.066667079925537,1.8666670322418213,1.8666670322418213,4665,ASUR,462
2008-08-06,2.266666889190674,2.3333330154418945,1.9333330392837524,1.9333330392837524,14295,ASUR,462
2008-08-07,2.4000000953674316,2.733333110809326,2.3333330154418945,2.5333330631256104,10680,ASUR,462
2008-08-08,2.5333330631256104,2.5333330631256104,2.266666889190674,2.3333330154418945,5235,ASUR,462
2008-08-11,2.4666669368743896,2.733333110809326,2.4666669368743896,2.6666669845581055,3840,ASUR,462
2008-08-12,2.5999999046325684,2.733333110809326,2.4666669368743896,2.4666669368743896,5160,ASUR,462
2008-08-13,2.4666669368743896,2.4666669368743896,2.4666669368743896,2.4666669368743896,3885,ASUR,462
2008-08-14,2.5999999046325684,2.6666669845581055,2.4000000953674316,2.6666669845581055,1530,ASUR,462
2008-08-15,2.5333330631256104,2.6666669845581055,2.4666669368743896,2.5333330631256104,7650,ASUR,462
2008-08-18,2.3333330154418945,2.4666669368743896,2.266666889190674,2.266666889190674,5505,ASUR,462
2008-08-19,2.066667079925537,2.4000000953674316,2.066667079925537,2.4000000953674316,11205,ASUR,462
2008-08-20,2.200000047683716,3.0,2.066667079925537,2.066667079925537,9825,ASUR,462
2008-08-21,2.266666889190674,2.3333330154418945,2.200000047683716,2.200000047683716,2580,ASUR,462
2008-08-22,2.3333330154418945,2.4666669368743896,2.3333330154418945,2.4000000953674316,8835,ASUR,462
2008-08-25,2.266666889190674,2.6666669845581055,2.200000047683716,2.6666669845581055,1365,ASUR,462
2008-08-26,2.4000000953674316,2.5333330631256104,2.3333330154418945,2.3333330154418945,1800,ASUR,462
2008-08-27,2.4000000953674316,2.4000000953674316,2.266666889190674,2.4000000953674316,2250,ASUR,462
2008-08-28,2.4000000953674316,2.4000000953674316,2.3333330154418945,2.3333330154418945,270,ASUR,462
2008-08-29,2.4000000953674316,2.4666669368743896,2.266666889190674,2.266666889190674,2655,ASUR,462
2008-09-02,2.3333330154418945,2.4000000953674316,2.266666889190674,2.266666889190674,5865,ASUR,462
2008-09-03,2.4000000953674316,2.4000000953674316,2.266666889190674,2.3333330154418945,11925,ASUR,462
2008-09-04,2.3333330154418945,2.5333330631256104,2.266666889190674,2.4000000953674316,17985,ASUR,462
2008-09-05,2.5333330631256104,2.5999999046325684,2.3333330154418945,2.3333330154418945,11805,ASUR,462
2008-09-08,2.4000000953674316,2.5333330631256104,2.266666889190674,2.5333330631256104,5460,ASUR,462
2008-09-09,2.200000047683716,2.5999999046325684,2.200000047683716,2.266666889190674,7365,ASUR,462
2008-09-10,2.5333330631256104,2.5999999046325684,2.200000047683716,2.200000047683716,1410,ASUR,462
2008-09-11,2.200000047683716,2.266666889190674,2.200000047683716,2.266666889190674,3930,ASUR,462
2008-09-12,2.0,2.266666889190674,2.0,2.266666889190674,27150,ASUR,462
2008-09-15,2.1333329677581787,2.200000047683716,2.0,2.066667079925537,2940,ASUR,462
2008-09-16,2.0,2.1333329677581787,2.0,2.0,3315,ASUR,462
2008-09-17,1.6666669845581055,2.0,1.6666669845581055,2.0,6075,ASUR,462
2008-09-18,1.6666669845581055,1.7999999523162842,1.6666669845581055,1.6666669845581055,7125,ASUR,462
2008-09-19,2.066667079925537,2.266666889190674,1.6666669845581055,1.6666669845581055,9765,ASUR,462
2008-09-22,2.066667079925537,2.200000047683716,1.9333330392837524,2.066667079925537,7845,ASUR,462
2008-09-23,1.8666670322418213,2.1333329677581787,1.7999999523162842,2.066667079925537,11535,ASUR,462
2008-09-24,1.8666670322418213,2.066667079925537,1.7333329916000366,1.7999999523162842,3285,ASUR,462
2008-09-25,1.7999999523162842,2.0,1.7333329916000366,1.8666670322418213,25965,ASUR,462
2008-09-26,1.9333330392837524,2.200000047683716,1.7999999523162842,1.7999999523162842,7440,ASUR,462
2008-09-29,1.7999999523162842,2.200000047683716,1.7333329916000366,2.1333329677581787,9000,ASUR,462
2008-09-30,1.9333330392837524,1.9333330392837524,1.6666669845581055,1.6666669845581055,10380,ASUR,462
2008-10-01,1.9333330392837524,2.0,1.7333329916000366,1.7333329916000366,13155,ASUR,462
2008-10-02,1.9333330392837524,2.0,1.7333329916000366,1.7333329916000366,2835,ASUR,462
2008-10-03,1.9333330392837524,2.0,1.7999999523162842,1.9333330392837524,3930,ASUR,462
2008-10-06,1.7333329916000366,2.0,1.6666669845581055,2.0,6945,ASUR,462
2008-10-07,1.5333329439163208,1.7333329916000366,1.5333329439163208,1.7333329916000366,4125,ASUR,462
2008-10-08,1.2000000476837158,1.5333329439163208,1.2000000476837158,1.4666670560836792,27375,ASUR,462
2008-10-09,1.2000000476837158,1.600000023841858,1.2000000476837158,1.3333330154418945,17460,ASUR,462
2008-10-10,1.399999976158142,1.4666670560836792,1.2000000476837158,1.2000000476837158,8460,ASUR,462
2008-10-13,1.600000023841858,1.7999999523162842,1.2000000476837158,1.3333330154418945,4050,ASUR,462
2008-10-14,1.7999999523162842,2.0,1.6666669845581055,1.6666669845581055,13065,ASUR,462
2008-10-15,1.399999976158142,1.7333329916000366,1.0666669607162476,1.7333329916000366,75765,ASUR,462
2008-10-16,1.2666670083999634,1.6666669845581055,1.2000000476837158,1.2000000476837158,4065,ASUR,462
2008-10-17,1.3333330154418945,1.5333329439163208,1.3333330154418945,1.3333330154418945,9555,ASUR,462
2008-10-20,1.2666670083999634,1.4666670560836792,1.2000000476837158,1.2000000476837158,10890,ASUR,462
2008-10-21,1.4666670560836792,1.4666670560836792,1.3333330154418945,1.3333330154418945,5445,ASUR,462
2008-10-22,1.3333330154418945,1.399999976158142,1.2666670083999634,1.2666670083999634,6300,ASUR,462
2008-10-23,1.2666670083999634,1.3333330154418945,1.2000000476837158,1.3333330154418945,5520,ASUR,462
2008-10-24,1.2666670083999634,1.3333330154418945,1.1333329677581787,1.3333330154418945,8070,ASUR,462
2008-10-27,1.2000000476837158,1.2666670083999634,1.1333329677581787,1.1333329677581787,1545,ASUR,462
2008-10-28,1.1333329677581787,1.3333330154418945,1.0666669607162476,1.2000000476837158,8160,ASUR,462
2008-10-29,1.2000000476837158,1.3333330154418945,1.0,1.0,7215,ASUR,462
2008-10-30,1.2666670083999634,1.2666670083999634,1.0666669607162476,1.0666669607162476,2880,ASUR,462
2008-10-31,1.2000000476837158,1.3333330154418945,1.1333329677581787,1.2000000476837158,18960,ASUR,462
2008-11-03,1.1333329677581787,1.399999976158142,1.1333329677581787,1.2000000476837158,7350,ASUR,462
2008-11-04,1.5333329439163208,1.600000023841858,1.3333330154418945,1.399999976158142,19635,ASUR,462
2008-11-05,1.600000023841858,1.6666669845581055,1.4666670560836792,1.600000023841858,12120,ASUR,462
2008-11-06,1.4666670560836792,1.600000023841858,1.4666670560836792,1.600000023841858,3645,ASUR,462
2008-11-07,1.399999976158142,1.5333329439163208,1.3333330154418945,1.3333330154418945,12825,ASUR,462
2008-11-10,1.4666670560836792,1.4666670560836792,1.3333330154418945,1.399999976158142,10170,ASUR,462
2008-11-11,1.399999976158142,1.5333329439163208,1.3333330154418945,1.4666670560836792,13770,ASUR,462
2008-11-12,1.3333330154418945,1.4666670560836792,1.3333330154418945,1.4666670560836792,11955,ASUR,462
2008-11-13,1.3333330154418945,1.399999976158142,1.3333330154418945,1.3333330154418945,15960,ASUR,462
2008-11-14,1.3333330154418945,1.7333329916000366,1.3333330154418945,1.399999976158142,10410,ASUR,462
2008-11-17,1.5333329439163208,1.5333329439163208,1.3333330154418945,1.3333330154418945,1140,ASUR,462
2008-11-18,1.399999976158142,1.600000023841858,1.1333329677581787,1.3333330154418945,19200,ASUR,462
2008-11-19,1.3333330154418945,1.4666670560836792,1.3333330154418945,1.3333330154418945,4980,ASUR,462
2008-11-20,1.2000000476837158,1.6666669845581055,1.1333329677581787,1.3333330154418945,19890,ASUR,462
2008-11-21,1.5333329439163208,1.600000023841858,1.1333329677581787,1.1333329677581787,4260,ASUR,462
2008-11-24,1.3333330154418945,1.5333329439163208,1.2000000476837158,1.2000000476837158,2715,ASUR,462
2008-11-25,1.2666670083999634,1.5333329439163208,1.2000000476837158,1.3333330154418945,4620,ASUR,462
2008-11-26,1.2666670083999634,1.399999976158142,1.2000000476837158,1.2666670083999634,3285,ASUR,462
2008-11-28,1.2666670083999634,1.399999976158142,1.2000000476837158,1.2666670083999634,3750,ASUR,462
2008-12-01,1.2666670083999634,1.399999976158142,1.2000000476837158,1.2666670083999634,7470,ASUR,462
2008-12-02,1.3333330154418945,1.399999976158142,1.2666670083999634,1.2666670083999634,1815,ASUR,462
2008-12-03,1.3333330154418945,1.399999976158142,1.2000000476837158,1.2000000476837158,4410,ASUR,462
2008-12-04,1.3333330154418945,1.399999976158142,1.2000000476837158,1.3333330154418945,10065,ASUR,462
2008-12-05,1.399999976158142,1.4666670560836792,1.2666670083999634,1.399999976158142,3195,ASUR,462
2008-12-08,1.399999976158142,1.4666670560836792,1.2000000476837158,1.2000000476837158,5280,ASUR,462
2008-12-09,1.3333330154418945,1.5333329439163208,1.2000000476837158,1.399999976158142,22545,ASUR,462
2008-12-10,1.2666670083999634,1.3333330154418945,1.2666670083999634,1.3333330154418945,1590,ASUR,462
2008-12-11,1.399999976158142,1.399999976158142,1.2666670083999634,1.2666670083999634,6435,ASUR,462
2008-12-12,1.5333329439163208,1.5333329439163208,1.2666670083999634,1.3333330154418945,6165,ASUR,462
2008-12-15,1.399999976158142,1.5333329439163208,1.2000000476837158,1.5333329439163208,14640,ASUR,462
2008-12-16,1.399999976158142,1.4666670560836792,1.2000000476837158,1.4666670560836792,8805,ASUR,462
2008-12-17,1.4666670560836792,1.4666670560836792,1.2666670083999634,1.2666670083999634,16860,ASUR,462
2008-12-18,1.399999976158142,1.4666670560836792,1.399999976158142,1.399999976158142,4485,ASUR,462
2008-12-19,1.2666670083999634,1.4666670560836792,1.2666670083999634,1.399999976158142,18270,ASUR,462
2008-12-22,1.399999976158142,1.4666670560836792,1.3333330154418945,1.3333330154418945,2175,ASUR,462
2008-12-23,1.3333330154418945,1.399999976158142,1.2000000476837158,1.2000000476837158,8970,ASUR,462
2008-12-24,1.3333330154418945,1.3333330154418945,1.2000000476837158,1.2666670083999634,6660,ASUR,462
2008-12-26,1.2000000476837158,1.3333330154418945,0.7333329916000366,0.7333329916000366,18270,ASUR,462
2008-12-29,1.0666669607162476,1.3333330154418945,1.0,1.2000000476837158,49215,ASUR,462
2008-12-30,1.0,1.1333329677581787,1.0,1.0666669607162476,21525,ASUR,462
2008-12-31,1.0,1.2666670083999634,1.0,1.0,11565,ASUR,462
2009-01-02,1.2000000476837158,1.2666670083999634,1.1333329677581787,1.2000000476837158,2775,ASUR,462
2009-01-05,1.2000000476837158,1.2666670083999634,1.2000000476837158,1.2666670083999634,1755,ASUR,462
2009-01-06,1.2666670083999634,1.2666670083999634,1.0666669607162476,1.2666670083999634,9570,ASUR,462
2009-01-07,1.1333329677581787,1.2666670083999634,1.0666669607162476,1.0666669607162476,900,ASUR,462
2009-01-08,1.2000000476837158,1.2666670083999634,1.0666669607162476,1.0666669607162476,3555,ASUR,462
2009-01-09,1.2666670083999634,1.2666670083999634,1.1333329677581787,1.1333329677581787,1305,ASUR,462
2009-01-12,1.2000000476837158,1.2666670083999634,1.1333329677581787,1.1333329677581787,780,ASUR,462
2009-01-13,1.2000000476837158,1.3333330154418945,1.1333329677581787,1.1333329677581787,6510,ASUR,462
2009-01-14,1.2666670083999634,1.4666670560836792,1.2000000476837158,1.2000000476837158,18075,ASUR,462
2009-01-15,1.2000000476837158,1.2666670083999634,1.2000000476837158,1.2000000476837158,2160,ASUR,462
2009-01-16,1.399999976158142,1.399999976158142,1.2000000476837158,1.2000000476837158,525,ASUR,462
2009-01-20,1.2000000476837158,1.399999976158142,1.2000000476837158,1.2000000476837158,630,ASUR,462
2009-01-21,1.2666670083999634,1.3333330154418945,1.2000000476837158,1.2000000476837158,1545,ASUR,462
2009-01-22,1.2666670083999634,1.2666670083999634,1.1333329677581787,1.2666670083999634,240,ASUR,462
2009-01-23,1.2666670083999634,1.3333330154418945,1.2000000476837158,1.2000000476837158,960,ASUR,462
2009-01-26,1.2666670083999634,1.2666670083999634,1.2000000476837158,1.2000000476837158,1485,ASUR,462
2009-01-27,1.1333329677581787,1.2666670083999634,1.0666669607162476,1.0666669607162476,4005,ASUR,462
2009-01-28,1.2666670083999634,1.2666670083999634,1.0666669607162476,1.0666669607162476,2055,ASUR,462
2009-01-29,1.7333329916000366,2.200000047683716,1.2666670083999634,1.2666670083999634,51690,ASUR,462
2009-01-30,1.4666670560836792,1.6666669845581055,1.399999976158142,1.6666669845581055,35595,ASUR,462
2009-02-02,1.3333330154418945,1.3333330154418945,1.2000000476837158,1.3333330154418945,63315,ASUR,462
2009-02-03,1.2000000476837158,1.3333330154418945,1.2000000476837158,1.2666670083999634,8625,ASUR,462
2009-02-04,1.2666670083999634,1.3333330154418945,1.2000000476837158,1.2000000476837158,4425,ASUR,462
2009-02-05,1.2000000476837158,1.3333330154418945,1.2000000476837158,1.2000000476837158,7650,ASUR,462
2009-02-06,1.0666669607162476,1.3333330154418945,1.0666669607162476,1.2666670083999634,35895,ASUR,462
2009-02-09,1.1333329677581787,1.2000000476837158,1.0666669607162476,1.1333329677581787,14130,ASUR,462
2009-02-10,1.2666670083999634,1.2666670083999634,1.0666669607162476,1.0666669607162476,5550,ASUR,462
2009-02-11,1.1333329677581787,1.2666670083999634,1.0666669607162476,1.2000000476837158,48150,ASUR,462
2009-02-12,1.2000000476837158,1.2000000476837158,1.1333329677581787,1.1333329677581787,4830,ASUR,462
2009-02-13,1.1333329677581787,1.2000000476837158,1.0666669607162476,1.0666669607162476,54495,ASUR,462
2009-02-17,1.0666669607162476,1.2000000476837158,1.0666669607162476,1.2000000476837158,15285,ASUR,462
2009-02-18,1.0,1.2000000476837158,1.0,1.0666669607162476,7500,ASUR,462
2009-02-19,1.0,1.0666669607162476,1.0,1.0,33015,ASUR,462
2009-02-20,1.0666669607162476,1.0666669607162476,0.9333329796791077,1.0,1710,ASUR,462
2009-02-23,1.0666669607162476,1.1333329677581787,1.0,1.0,4830,ASUR,462
2009-02-24,1.0,1.0666669607162476,0.7333329916000366,0.7333329916000366,6075,ASUR,462
2009-02-25,1.0,1.0666669607162476,0.9333329796791077,0.9333329796791077,3585,ASUR,462
2009-02-26,0.9333329796791077,1.0666669607162476,0.9333329796791077,1.0666669607162476,4725,ASUR,462
2009-02-27,1.1333329677581787,1.1333329677581787,0.8666669726371765,0.9333329796791077,54405,ASUR,462
2009-03-02,0.9333329796791077,1.0,0.8666669726371765,1.0,2745,ASUR,462
2009-03-03,1.0666669607162476,1.0666669607162476,0.8666669726371765,0.8666669726371765,4170,ASUR,462
2009-03-04,0.9333329796791077,1.0666669607162476,0.8666669726371765,1.0666669607162476,2895,ASUR,462
2009-03-05,0.8666669726371765,1.0666669607162476,0.8666669726371765,1.0666669607162476,4230,ASUR,462
2009-03-06,0.9333329796791077,1.0,0.8666669726371765,0.8666669726371765,8100,ASUR,462
2009-03-09,0.9333329796791077,1.0666669607162476,0.8666669726371765,1.0666669607162476,1080,ASUR,462
2009-03-10,0.9333329796791077,1.0,0.8666669726371765,0.8666669726371765,3180,ASUR,462
2009-03-11,0.9333329796791077,1.0,0.9333329796791077,0.9333329796791077,3825,ASUR,462
2009-03-12,0.9333329796791077,0.9333329796791077,0.8666669726371765,0.9333329796791077,8430,ASUR,462
2009-03-13,0.800000011920929,1.0,0.7333329916000366,1.0,11055,ASUR,462
2009-03-16,0.800000011920929,0.8666669726371765,0.6666669845581055,0.800000011920929,27120,ASUR,462
2009-03-17,0.800000011920929,0.9333329796791077,0.800000011920929,0.800000011920929,2520,ASUR,462
2009-03-18,0.9333329796791077,1.0,0.8666669726371765,1.0,3765,ASUR,462
2009-03-19,0.9333329796791077,1.0,0.8666669726371765,1.0,3300,ASUR,462
2009-03-20,0.8666669726371765,1.0,0.800000011920929,1.0,5820,ASUR,462
2009-03-23,0.9333329796791077,1.0,0.800000011920929,1.0,5085,ASUR,462
2009-03-24,1.0,1.0666669607162476,0.8666669726371765,1.0,9540,ASUR,462
2009-03-25,1.0,1.0666669607162476,0.800000011920929,1.0,5730,ASUR,462
2009-03-26,1.0666669607162476,1.0666669607162476,0.8666669726371765,1.0,3810,ASUR,462
2009-03-27,0.9333329796791077,1.0666669607162476,0.9333329796791077,0.9333329796791077,1110,ASUR,462
2009-03-30,0.9333329796791077,1.0666669607162476,0.8666669726371765,0.8666669726371765,3000,ASUR,462
2009-03-31,1.0,1.0666669607162476,1.0,1.0666669607162476,2040,ASUR,462
2009-04-01,1.0,1.0,0.9333329796791077,1.0,2475,ASUR,462
2009-04-02,0.9333329796791077,1.0,0.9333329796791077,0.9333329796791077,1965,ASUR,462
2009-04-03,0.9333329796791077,1.0,0.9333329796791077,1.0,3180,ASUR,462
2009-04-06,0.9333329796791077,1.0,0.9333329796791077,1.0,4695,ASUR,462
2009-04-07,0.9333329796791077,1.0,0.800000011920929,0.9333329796791077,3330,ASUR,462
2009-04-08,0.800000011920929,0.8666669726371765,0.800000011920929,0.8666669726371765,5910,ASUR,462
2009-04-09,0.8666669726371765,0.9333329796791077,0.800000011920929,0.800000011920929,1005,ASUR,462
2009-04-13,0.8666669726371765,0.9333329796791077,0.800000011920929,0.8666669726371765,5370,ASUR,462
2009-04-14,0.8666669726371765,0.9333329796791077,0.800000011920929,0.800000011920929,5940,ASUR,462
2009-04-15,0.9333329796791077,0.9333329796791077,0.9333329796791077,0.9333329796791077,1155,ASUR,462
2009-04-16,0.9333329796791077,0.9333329796791077,0.800000011920929,0.8666669726371765,6960,ASUR,462
2009-04-17,0.8666669726371765,0.9333329796791077,0.7333329916000366,0.8666669726371765,16710,ASUR,462
2009-04-20,0.8666669726371765,1.0,0.8666669726371765,1.0,8505,ASUR,462
2009-04-21,0.9333329796791077,1.0,0.800000011920929,1.0,17580,ASUR,462
2009-04-22,0.9333329796791077,1.0,0.8666669726371765,0.9333329796791077,7350,ASUR,462
2009-04-23,1.0,1.0666669607162476,0.9333329796791077,0.9333329796791077,12240,ASUR,462
2009-04-24,1.0,1.0666669607162476,0.9333329796791077,1.0666669607162476,8220,ASUR,462
2009-04-27,1.0,1.0666669607162476,0.9333329796791077,1.0,6585,ASUR,462
2009-04-28,1.2000000476837158,1.2000000476837158,1.1333329677581787,1.1333329677581787,4575,ASUR,462
2009-04-29,1.2000000476837158,1.3333330154418945,1.0666669607162476,1.2666670083999634,11895,ASUR,462
2009-04-30,1.1333329677581787,1.3333330154418945,1.0666669607162476,1.3333330154418945,12585,ASUR,462
2009-05-01,1.0666669607162476,1.2000000476837158,1.0666669607162476,1.1333329677581787,3645,ASUR,462
2009-05-04,1.0666669607162476,1.2666670083999634,1.0666669607162476,1.0666669607162476,3840,ASUR,462
2009-05-05,1.1333329677581787,1.2000000476837158,1.0666669607162476,1.0666669607162476,8190,ASUR,462
2009-05-06,1.1333329677581787,1.2666670083999634,1.1333329677581787,1.2000000476837158,4950,ASUR,462
2009-05-07,1.0666669607162476,1.1333329677581787,1.0666669607162476,1.1333329677581787,18210,ASUR,462
2009-05-08,1.2666670083999634,1.3333330154418945,1.0666669607162476,1.0666669607162476,62130,ASUR,462
2009-05-11,1.399999976158142,1.600000023841858,1.2000000476837158,1.2666670083999634,29760,ASUR,462
2009-05-12,1.2666670083999634,1.399999976158142,1.2666670083999634,1.399999976158142,5085,ASUR,462
2009-05-13,1.0666669607162476,1.3333330154418945,1.0666669607162476,1.2666670083999634,4650,ASUR,462
2009-05-14,1.2000000476837158,1.2000000476837158,1.0666669607162476,1.2000000476837158,8415,ASUR,462
2009-05-15,1.2000000476837158,1.2000000476837158,1.2000000476837158,1.2000000476837158,9900,ASUR,462
2009-05-18,1.2000000476837158,1.2666670083999634,1.1333329677581787,1.1333329677581787,4500,ASUR,462
2009-05-19,1.2000000476837158,1.2666670083999634,1.1333329677581787,1.1333329677581787,10320,ASUR,462
2009-05-20,1.2666670083999634,1.3333330154418945,1.1333329677581787,1.2000000476837158,14025,ASUR,462
2009-05-21,1.2000000476837158,1.3333330154418945,1.1333329677581787,1.2000000476837158,3495,ASUR,462
2009-05-22,1.2000000476837158,1.3333330154418945,1.1333329677581787,1.2666670083999634,17280,ASUR,462
2009-05-26,1.1333329677581787,1.2666670083999634,1.1333329677581787,1.1333329677581787,2835,ASUR,462
2009-05-27,1.2000000476837158,1.2666670083999634,1.1333329677581787,1.1333329677581787,810,ASUR,462
2009-05-28,1.2666670083999634,1.2666670083999634,1.1333329677581787,1.2666670083999634,4710,ASUR,462
2009-05-29,1.2000000476837158,1.2666670083999634,1.1333329677581787,1.1333329677581787,9900,ASUR,462
2009-06-01,1.4666670560836792,1.4666670560836792,1.1333329677581787,1.1333329677581787,25380,ASUR,462
2009-06-02,1.3333330154418945,1.600000023841858,1.2000000476837158,1.3333330154418945,18465,ASUR,462
2009-06-03,1.2000000476837158,1.3333330154418945,1.2000000476837158,1.2666670083999634,17145,ASUR,462
2009-06-04,1.600000023841858,1.600000023841858,1.2000000476837158,1.2000000476837158,46095,ASUR,462
2009-06-05,1.3333330154418945,1.7999999523162842,1.3333330154418945,1.6666669845581055,48000,ASUR,462
2009-06-08,1.399999976158142,1.4666670560836792,1.2666670083999634,1.4666670560836792,2325,ASUR,462
2009-06-09,1.399999976158142,1.399999976158142,1.3333330154418945,1.3333330154418945,10155,ASUR,462
2009-06-10,1.3333330154418945,1.399999976158142,1.2666670083999634,1.3333330154418945,4125,ASUR,462
2009-06-11,1.5333329439163208,1.5333329439163208,1.3333330154418945,1.3333330154418945,24315,ASUR,462
2009-06-12,1.600000023841858,1.6666669845581055,1.399999976158142,1.5333329439163208,8805,ASUR,462
2009-06-15,1.5333329439163208,1.600000023841858,1.399999976158142,1.399999976158142,8505,ASUR,462
2009-06-16,1.5333329439163208,1.6666669845581055,1.4666670560836792,1.600000023841858,28575,ASUR,462
2009-06-17,1.7999999523162842,2.1333329677581787,1.4666670560836792,1.6666669845581055,148860,ASUR,462
2009-06-18,1.600000023841858,2.0,1.399999976158142,2.0,157170,ASUR,462
2009-06-19,1.600000023841858,1.6666669845581055,1.4666670560836792,1.4666670560836792,12675,ASUR,462
2009-06-22,1.7333329916000366,1.7999999523162842,1.5333329439163208,1.6666669845581055,11040,ASUR,462
2009-06-23,1.7333329916000366,1.7999999523162842,1.600000023841858,1.7999999523162842,10050,ASUR,462
2009-06-24,1.600000023841858,1.7999999523162842,1.600000023841858,1.7333329916000366,3435,ASUR,462
2009-06-25,1.7333329916000366,1.7999999523162842,1.600000023841858,1.7999999523162842,11250,ASUR,462
2009-06-26,1.6666669845581055,1.7333329916000366,1.6666669845581055,1.7333329916000366,12900,ASUR,462
2009-06-29,1.7333329916000366,1.8666670322418213,1.6666669845581055,1.6666669845581055,7140,ASUR,462
2009-06-30,1.7333329916000366,1.8666670322418213,1.600000023841858,1.600000023841858,7290,ASUR,462
2009-07-01,1.7999999523162842,1.8666670322418213,1.7333329916000366,1.8666670322418213,2640,ASUR,462
2009-07-02,1.7333329916000366,1.8666670322418213,1.7333329916000366,1.8666670322418213,10125,ASUR,462
2009-07-06,1.600000023841858,1.6666669845581055,1.600000023841858,1.6666669845581055,12240,ASUR,462
2009-07-07,1.4666670560836792,1.600000023841858,1.4666670560836792,1.600000023841858,10545,ASUR,462
2009-07-08,1.600000023841858,1.600000023841858,1.4666670560836792,1.4666670560836792,3000,ASUR,462
2009-07-09,1.4666670560836792,1.6666669845581055,1.4666670560836792,1.4666670560836792,1185,ASUR,462
2009-07-10,1.6666669845581055,1.6666669845581055,1.4666670560836792,1.4666670560836792,6870,ASUR,462
2009-07-13,1.4666670560836792,1.6666669845581055,1.399999976158142,1.6666669845581055,7350,ASUR,462
2009-07-14,1.5333329439163208,1.600000023841858,1.399999976158142,1.399999976158142,6345,ASUR,462
2009-07-15,1.4666670560836792,1.600000023841858,1.4666670560836792,1.5333329439163208,1830,ASUR,462
2009-07-16,1.399999976158142,1.5333329439163208,1.399999976158142,1.4666670560836792,6735,ASUR,462
2009-07-17,1.2666670083999634,1.4666670560836792,1.2666670083999634,1.399999976158142,14130,ASUR,462
2009-07-20,1.2000000476837158,1.5333329439163208,1.2000000476837158,1.2666670083999634,24495,ASUR,462
2009-07-21,1.2666670083999634,1.3333330154418945,1.2000000476837158,1.2666670083999634,2430,ASUR,462
2009-07-22,1.1333329677581787,1.2000000476837158,1.1333329677581787,1.2000000476837158,3975,ASUR,462
2009-07-23,1.2666670083999634,1.2666670083999634,1.0666669607162476,1.0666669607162476,15330,ASUR,462
2009-07-24,1.1333329677581787,1.3333330154418945,1.1333329677581787,1.2000000476837158,6720,ASUR,462
2009-07-27,1.2000000476837158,1.2666670083999634,1.1333329677581787,1.2000000476837158,7845,ASUR,462
2009-07-28,1.2000000476837158,1.2000000476837158,1.1333329677581787,1.1333329677581787,2100,ASUR,462
2009-07-29,0.9333329796791077,1.1333329677581787,0.800000011920929,1.1333329677581787,70695,ASUR,462
2009-07-30,0.9333329796791077,1.0,0.9333329796791077,0.9333329796791077,11430,ASUR,462
2009-07-31,1.0666669607162476,1.1333329677581787,1.0,1.0,13650,ASUR,462
2009-08-03,1.1333329677581787,1.1333329677581787,1.0,1.0666669607162476,22410,ASUR,462
2009-08-04,1.0666669607162476,1.1333329677581787,1.0666669607162476,1.0666669607162476,3240,ASUR,462
2009-08-05,1.0666669607162476,1.1333329677581787,1.0,1.0,10755,ASUR,462
2009-08-06,1.0666669607162476,1.2000000476837158,1.0666669607162476,1.1333329677581787,5415,ASUR,462
2009-08-07,1.1333329677581787,1.2000000476837158,1.0666669607162476,1.0666669607162476,9585,ASUR,462
2009-08-10,1.1333329677581787,1.2000000476837158,1.1333329677581787,1.1333329677581787,1590,ASUR,462
2009-08-11,1.1333329677581787,1.1333329677581787,1.1333329677581787,1.1333329677581787,4140,ASUR,462
2009-08-12,1.1333329677581787,1.2000000476837158,1.1333329677581787,1.1333329677581787,6675,ASUR,462
2009-08-13,1.1333329677581787,1.2666670083999634,1.0666669607162476,1.1333329677581787,21450,ASUR,462
2009-08-14,1.2666670083999634,1.4666670560836792,1.1333329677581787,1.2000000476837158,30840,ASUR,462
2009-08-17,1.2000000476837158,1.3333330154418945,1.2000000476837158,1.3333330154418945,30525,ASUR,462
2009-08-18,1.2000000476837158,1.2666670083999634,1.1333329677581787,1.2000000476837158,13665,ASUR,462
2009-08-19,1.2000000476837158,1.2666670083999634,1.2000000476837158,1.2000000476837158,4620,ASUR,462
2009-08-20,1.2000000476837158,1.2666670083999634,1.2000000476837158,1.2000000476837158,3390,ASUR,462
2009-08-21,1.2000000476837158,1.2666670083999634,1.2000000476837158,1.2666670083999634,4845,ASUR,462
2009-08-24,1.1333329677581787,1.2666670083999634,1.1333329677581787,1.2666670083999634,6870,ASUR,462
2009-08-25,1.2000000476837158,1.2666670083999634,1.2000000476837158,1.2000000476837158,2415,ASUR,462
2009-08-26,1.399999976158142,1.5333329439163208,1.1333329677581787,1.1333329677581787,33810,ASUR,462
2009-08-27,1.8666670322418213,2.066667079925537,1.4666670560836792,1.4666670560836792,240555,ASUR,462
2009-08-28,1.5333329439163208,1.8666670322418213,1.4666670560836792,1.8666670322418213,62145,ASUR,462
2009-08-31,1.5333329439163208,1.6666669845581055,1.3333330154418945,1.5333329439163208,26985,ASUR,462
2009-09-01,1.5333329439163208,1.7999999523162842,1.399999976158142,1.4666670560836792,27315,ASUR,462
2009-09-02,1.6666669845581055,1.7333329916000366,1.4666670560836792,1.4666670560836792,23175,ASUR,462
2009-09-03,1.7999999523162842,1.8666670322418213,1.6666669845581055,1.7333329916000366,28170,ASUR,462
2009-09-04,1.6666669845581055,1.7999999523162842,1.6666669845581055,1.6666669845581055,14040,ASUR,462
2009-09-08,1.8666670322418213,1.8666670322418213,1.6666669845581055,1.7999999523162842,16350,ASUR,462
2009-09-09,1.8666670322418213,2.066667079925537,1.7999999523162842,1.8666670322418213,23280,ASUR,462
2009-09-10,1.8666670322418213,2.066667079925537,1.8666670322418213,2.066667079925537,8850,ASUR,462
2009-09-11,1.8666670322418213,2.0,1.7999999523162842,1.8666670322418213,9780,ASUR,462
2009-09-14,1.9333330392837524,2.0,1.4666670560836792,1.8666670322418213,18675,ASUR,462
2009-09-15,1.9333330392837524,2.0,1.7999999523162842,2.0,1815,ASUR,462
2009-09-16,1.7999999523162842,1.9333330392837524,1.6666669845581055,1.8666670322418213,7170,ASUR,462
2009-09-17,1.6666669845581055,1.8666670322418213,1.5333329439163208,1.5333329439163208,31530,ASUR,462
2009-09-18,1.7333329916000366,1.9333330392837524,1.600000023841858,1.7999999523162842,50640,ASUR,462
2009-09-21,2.066667079925537,2.266666889190674,1.6666669845581055,1.7999999523162842,131385,ASUR,462
2009-09-22,1.7999999523162842,1.9333330392837524,1.7999999523162842,1.9333330392837524,48660,ASUR,462
2009-09-23,1.8666670322418213,1.9333330392837524,1.7333329916000366,1.9333330392837524,40860,ASUR,462
2009-09-24,2.0,2.066667079925537,1.7999999523162842,1.7999999523162842,30135,ASUR,462
2009-09-25,1.9333330392837524,2.066667079925537,1.7999999523162842,2.0,9705,ASUR,462
2009-09-28,2.0,2.066667079925537,1.8666670322418213,1.9333330392837524,18015,ASUR,462
2009-09-29,3.0,3.1333329677581787,2.0,2.0,353145,ASUR,462
2009-09-30,2.6666669845581055,3.066667079925537,2.4666669368743896,2.799999952316284,76185,ASUR,462
2009-10-01,2.266666889190674,2.5999999046325684,2.066667079925537,2.5333330631256104,39885,ASUR,462
2009-10-02,2.3333330154418945,2.4666669368743896,2.066667079925537,2.3333330154418945,27510,ASUR,462
2009-10-05,2.266666889190674,2.3333330154418945,2.066667079925537,2.1333329677581787,15900,ASUR,462
2009-10-06,2.4666669368743896,2.5333330631256104,2.066667079925537,2.266666889190674,71280,ASUR,462
2009-10-07,2.4666669368743896,2.5333330631256104,2.4000000953674316,2.4666669368743896,16785,ASUR,462
2009-10-08,2.4666669368743896,2.5333330631256104,2.3333330154418945,2.3333330154418945,14640,ASUR,462
2009-10-09,2.3333330154418945,2.4000000953674316,2.200000047683716,2.4000000953674316,11040,ASUR,462
2009-10-12,2.4666669368743896,2.4666669368743896,2.200000047683716,2.3333330154418945,27270,ASUR,462
2009-10-13,2.799999952316284,2.933332920074463,2.4000000953674316,2.4000000953674316,95340,ASUR,462
2009-10-14,2.6666669845581055,2.8666670322418213,2.4666669368743896,2.799999952316284,37170,ASUR,462
2009-10-15,2.5333330631256104,2.6666669845581055,2.4000000953674316,2.6666669845581055,17400,ASUR,462
2009-10-16,2.6666669845581055,2.6666669845581055,2.4000000953674316,2.5333330631256104,10470,ASUR,462
2009-10-19,2.6666669845581055,2.799999952316284,2.4666669368743896,2.6666669845581055,7350,ASUR,462
2009-10-20,2.5333330631256104,2.5999999046325684,2.4000000953674316,2.5999999046325684,13350,ASUR,462
2009-10-21,2.3333330154418945,2.6666669845581055,2.266666889190674,2.5999999046325684,11985,ASUR,462
2009-10-22,2.200000047683716,2.266666889190674,2.066667079925537,2.200000047683716,28545,ASUR,462
2009-10-23,2.066667079925537,2.3333330154418945,2.0,2.0,9720,ASUR,462
2009-10-26,1.9333330392837524,2.1333329677581787,1.8666670322418213,2.066667079925537,24525,ASUR,462
2009-10-27,1.9333330392837524,2.0,1.7333329916000366,1.7333329916000366,38820,ASUR,462
2009-10-28,1.6666669845581055,2.0,1.4666670560836792,1.9333330392837524,67995,ASUR,462
2009-10-29,1.399999976158142,1.7333329916000366,1.3333330154418945,1.6666669845581055,108045,ASUR,462
2009-10-30,1.3333330154418945,1.5333329439163208,1.2666670083999634,1.399999976158142,51675,ASUR,462
2009-11-02,1.4666670560836792,1.4666670560836792,1.2000000476837158,1.3333330154418945,15705,ASUR,462
2009-11-03,1.600000023841858,1.6666669845581055,1.399999976158142,1.4666670560836792,27735,ASUR,462
2009-11-04,1.4666670560836792,1.600000023841858,1.399999976158142,1.600000023841858,9885,ASUR,462
2009-11-05,1.399999976158142,1.600000023841858,1.3333330154418945,1.399999976158142,14580,ASUR,462
2009-11-06,1.399999976158142,1.5333329439163208,1.399999976158142,1.4666670560836792,19020,ASUR,462
2009-11-09,1.600000023841858,1.6666669845581055,1.4666670560836792,1.4666670560836792,12315,ASUR,462
2009-11-10,1.600000023841858,1.600000023841858,1.399999976158142,1.5333329439163208,14580,ASUR,462
2009-11-11,1.5333329439163208,1.600000023841858,1.5333329439163208,1.5333329439163208,5220,ASUR,462
2009-11-12,1.600000023841858,1.600000023841858,1.399999976158142,1.399999976158142,12405,ASUR,462
2009-11-13,1.7999999523162842,1.8666670322418213,1.399999976158142,1.4666670560836792,55260,ASUR,462
2009-11-16,1.7999999523162842,1.9333330392837524,1.7999999523162842,1.8666670322418213,30885,ASUR,462
2009-11-17,1.7333329916000366,1.9333330392837524,1.5333329439163208,1.9333330392837524,17820,ASUR,462
2009-11-18,1.6666669845581055,1.7333329916000366,1.600000023841858,1.7333329916000366,5460,ASUR,462
2009-11-19,1.600000023841858,1.7333329916000366,1.600000023841858,1.600000023841858,7785,ASUR,462
2009-11-20,1.6666669845581055,1.6666669845581055,1.5333329439163208,1.600000023841858,11475,ASUR,462
2009-11-23,1.5333329439163208,1.6666669845581055,1.5333329439163208,1.600000023841858,22965,ASUR,462
2009-11-24,1.600000023841858,1.6666669845581055,1.5333329439163208,1.5333329439163208,10320,ASUR,462
2009-11-25,1.6666669845581055,1.6666669845581055,1.5333329439163208,1.5333329439163208,18855,ASUR,462
2009-11-27,1.6666669845581055,1.6666669845581055,1.600000023841858,1.600000023841858,3105,ASUR,462
2009-11-30,2.0,2.200000047683716,1.399999976158142,1.399999976158142,293880,ASUR,462
2009-12-01,2.0,2.066667079925537,1.6666669845581055,2.0,61995,ASUR,462
2009-12-02,1.9333330392837524,2.0,1.7333329916000366,2.0,22530,ASUR,462
2009-12-03,1.7333329916000366,1.9333330392837524,1.7333329916000366,1.9333330392837524,12840,ASUR,462
2009-12-04,1.7999999523162842,1.9333330392837524,1.7333329916000366,1.7333329916000366,11370,ASUR,462
2009-12-07,1.6666669845581055,2.066667079925537,1.600000023841858,1.7999999523162842,190545,ASUR,462
2009-12-08,1.6666669845581055,1.7333329916000366,1.600000023841858,1.600000023841858,24210,ASUR,462
2009-12-09,1.6666669845581055,1.7333329916000366,1.4666670560836792,1.6666669845581055,36900,ASUR,462
2009-12-10,1.5333329439163208,1.6666669845581055,1.5333329439163208,1.5333329439163208,12285,ASUR,462
2009-12-11,1.8666670322418213,1.8666670322418213,1.5333329439163208,1.5333329439163208,18675,ASUR,462
2009-12-14,1.7999999523162842,1.9333330392837524,1.6666669845581055,1.9333330392837524,9630,ASUR,462
2009-12-15,1.7333329916000366,1.7999999523162842,1.600000023841858,1.600000023841858,22650,ASUR,462
2009-12-16,1.7999999523162842,1.8666670322418213,1.6666669845581055,1.6666669845581055,34740,ASUR,462
2009-12-17,1.6666669845581055,1.9333330392837524,1.600000023841858,1.8666670322418213,24420,ASUR,462
2009-12-18,1.600000023841858,1.9333330392837524,1.600000023841858,1.7333329916000366,28545,ASUR,462
2009-12-21,1.7333329916000366,1.8666670322418213,1.6666669845581055,1.6666669845581055,10665,ASUR,462
2009-12-22,1.7999999523162842,1.8666670322418213,1.6666669845581055,1.6666669845581055,12270,ASUR,462
2009-12-23,1.6666669845581055,1.8666670322418213,1.6666669845581055,1.7333329916000366,12735,ASUR,462
2009-12-24,1.7333329916000366,1.8666670322418213,1.7333329916000366,1.7333329916000366,1560,ASUR,462
2009-12-28,1.6666669845581055,1.7999999523162842,1.6666669845581055,1.6666669845581055,17655,ASUR,462
2009-12-29,1.6666669845581055,1.6666669845581055,1.6666669845581055,1.6666669845581055,0,ASUR,462
2009-12-30,1.6799999475479126,1.9333330392837524,1.5666669607162476,1.5666669607162476,42150,ASUR,462
2009-12-31,1.9333330392837524,1.9933329820632935,1.6666669845581055,1.9933329820632935,35700,ASUR,462
2010-01-04,1.8266669511795044,1.9666670560836792,1.7799999713897705,1.786666989326477,21150,ASUR,462
2010-01-05,1.8333330154418945,1.899999976158142,1.8333330154418945,1.899999976158142,14550,ASUR,462
2010-01-06,1.7400000095367432,1.8266669511795044,1.7000000476837158,1.7933330535888672,6750,ASUR,462
2010-01-07,1.7666670083999634,1.7666670083999634,1.600000023841858,1.6333329677581787,13950,ASUR,462
2010-01-08,1.6666669845581055,1.6666669845581055,1.6266670227050781,1.6266670227050781,2400,ASUR,462
2010-01-11,1.6666669845581055,1.6666669845581055,1.5733330249786377,1.613332986831665,8850,ASUR,462
2010-01-12,1.659999966621399,1.7000000476837158,1.6399999856948853,1.6399999856948853,3750,ASUR,462
2010-01-13,1.6399999856948853,1.6399999856948853,1.5733330249786377,1.5733330249786377,13950,ASUR,462
2010-01-14,1.5733330249786377,1.5733330249786377,1.5733330249786377,1.5733330249786377,450,ASUR,462
2010-01-15,1.5866669416427612,1.5866669416427612,1.5666669607162476,1.5666669607162476,4200,ASUR,462
2010-01-19,1.5266669988632202,1.600000023841858,1.4866670370101929,1.5800000429153442,20250,ASUR,462
2010-01-20,1.5333329439163208,1.5333329439163208,1.5,1.5066670179367065,19350,ASUR,462
2010-01-21,1.5666669607162476,1.5666669607162476,1.5333329439163208,1.5333329439163208,3600,ASUR,462
2010-01-22,1.5333329439163208,1.6666669845581055,1.4866670370101929,1.6666669845581055,12300,ASUR,462
2010-01-25,1.659999966621399,1.659999966621399,1.4866670370101929,1.4866670370101929,3750,ASUR,462
2010-01-26,1.5133329629898071,1.5333329439163208,1.4800000190734863,1.5333329439163208,5550,ASUR,462
2010-01-27,1.4600000381469727,1.5066670179367065,1.4133330583572388,1.4800000190734863,19650,ASUR,462
2010-01-28,1.4666670560836792,1.4933329820632935,1.4533330202102661,1.4533330202102661,7350,ASUR,462
2010-01-29,1.5,1.5,1.4333330392837524,1.4333330392837524,9300,ASUR,462
2010-02-01,1.4600000381469727,1.5,1.446666955947876,1.4733330011367798,13050,ASUR,462
2010-02-02,1.5,1.5266669988632202,1.4600000381469727,1.5,8700,ASUR,462
2010-02-03,1.5266669988632202,1.5266669988632202,1.440000057220459,1.440000057220459,8850,ASUR,462
2010-02-04,1.5333329439163208,1.5333329439163208,1.5266669988632202,1.5266669988632202,3750,ASUR,462
2010-02-05,1.600000023841858,1.6200000047683716,1.5333329439163208,1.5399999618530273,25800,ASUR,462
2010-02-08,1.6666669845581055,1.6666669845581055,1.600000023841858,1.600000023841858,5100,ASUR,462
2010-02-09,1.7333329916000366,1.786666989326477,1.6333329677581787,1.6333329677581787,16050,ASUR,462
2010-02-10,1.8133330345153809,1.8133330345153809,1.7466670274734497,1.7466670274734497,15150,ASUR,462
2010-02-11,1.8799999952316284,1.9199999570846558,1.8333330154418945,1.8333330154418945,26700,ASUR,462
2010-02-12,1.8200000524520874,1.8666670322418213,1.8200000524520874,1.8666670322418213,7350,ASUR,462
2010-02-16,1.7666670083999634,1.773332953453064,1.7533329725265503,1.773332953453064,9600,ASUR,462
2010-02-17,1.7666670083999634,1.8466670513153076,1.7666670083999634,1.8466670513153076,1800,ASUR,462
2010-02-18,1.8600000143051147,1.8600000143051147,1.7200000286102295,1.7200000286102295,2550,ASUR,462
2010-02-19,1.8266669511795044,1.8266669511795044,1.8266669511795044,1.8266669511795044,600,ASUR,462
2010-02-22,1.7799999713897705,1.8266669511795044,1.7799999713897705,1.8200000524520874,3150,ASUR,462
2010-02-23,1.6266670227050781,1.713333010673523,1.6266670227050781,1.713333010673523,6000,ASUR,462
2010-02-24,1.7200000286102295,1.7599999904632568,1.6066670417785645,1.6066670417785645,2100,ASUR,462
2010-02-25,1.6666669845581055,1.6666669845581055,1.6266670227050781,1.6266670227050781,2400,ASUR,462
2010-02-26,1.6333329677581787,1.659999966621399,1.6333329677581787,1.6333329677581787,900,ASUR,462
2010-03-01,1.6333329677581787,1.6333329677581787,1.6333329677581787,1.6333329677581787,1350,ASUR,462
2010-03-02,1.726667046546936,1.7533329725265503,1.6533329486846924,1.6533329486846924,7500,ASUR,462
2010-03-03,1.7666670083999634,1.7666670083999634,1.6266670227050781,1.6333329677581787,8250,ASUR,462
2010-03-04,1.6399999856948853,1.7666670083999634,1.6399999856948853,1.7666670083999634,1800,ASUR,462
2010-03-05,1.7000000476837158,1.726667046546936,1.6066670417785645,1.613332986831665,6450,ASUR,462
2010-03-08,1.6333329677581787,1.6733330488204956,1.6333329677581787,1.6733330488204956,2550,ASUR,462
2010-03-09,1.6266670227050781,1.6533329486846924,1.5666669607162476,1.6333329677581787,3450,ASUR,462
2010-03-10,1.5466669797897339,1.6533329486846924,1.5466669797897339,1.6533329486846924,2850,ASUR,462
2010-03-11,1.6399999856948853,1.6399999856948853,1.5199999809265137,1.613332986831665,6600,ASUR,462
2010-03-12,1.6666669845581055,1.6666669845581055,1.559999942779541,1.6333329677581787,14250,ASUR,462
2010-03-15,1.600000023841858,1.600000023841858,1.553333044052124,1.553333044052124,4950,ASUR,462
2010-03-16,1.5666669607162476,1.5800000429153442,1.5666669607162476,1.5733330249786377,5700,ASUR,462
2010-03-17,1.5733330249786377,1.5866669416427612,1.5666669607162476,1.5666669607162476,2100,ASUR,462
2010-03-18,1.6333329677581787,1.6666669845581055,1.5333329439163208,1.5733330249786377,4950,ASUR,462
2010-03-19,1.6333329677581787,1.6333329677581787,1.6333329677581787,1.6333329677581787,0,ASUR,462
2010-03-22,1.5866669416427612,1.5933330059051514,1.4866670370101929,1.553333044052124,6750,ASUR,462
2010-03-23,1.5066670179367065,1.5333329439163208,1.4800000190734863,1.5333329439163208,7200,ASUR,462
2010-03-24,1.5133329629898071,1.5133329629898071,1.4800000190734863,1.4800000190734863,1500,ASUR,462
2010-03-25,1.4933329820632935,1.5,1.4733330011367798,1.4800000190734863,16950,ASUR,462
2010-03-26,1.5333329439163208,1.5333329439163208,1.5133329629898071,1.5199999809265137,3300,ASUR,462
2010-03-29,1.4733330011367798,1.5,1.4733330011367798,1.4733330011367798,5250,ASUR,462
2010-03-30,1.4933329820632935,1.5133329629898071,1.4933329820632935,1.4933329820632935,10200,ASUR,462
2010-03-31,1.5933330059051514,1.5933330059051514,1.4733330011367798,1.4733330011367798,19050,ASUR,462
2010-04-01,1.5866669416427612,1.5866669416427612,1.5,1.5333329439163208,14700,ASUR,462
2010-04-05,1.600000023841858,1.600000023841858,1.5333329439163208,1.553333044052124,4500,ASUR,462
2010-04-06,1.6666669845581055,1.7000000476837158,1.5933330059051514,1.5933330059051514,11400,ASUR,462
2010-04-07,1.6333329677581787,1.6399999856948853,1.6333329677581787,1.6399999856948853,1350,ASUR,462
2010-04-08,1.6333329677581787,1.6333329677581787,1.6333329677581787,1.6333329677581787,0,ASUR,462
2010-04-09,1.5800000429153442,1.5933330059051514,1.5666669607162476,1.5933330059051514,2550,ASUR,462
2010-04-12,1.6333329677581787,1.6333329677581787,1.5933330059051514,1.5933330059051514,900,ASUR,462
2010-04-13,1.5666669607162476,1.6399999856948853,1.5666669607162476,1.600000023841858,13500,ASUR,462
2010-04-14,1.6399999856948853,1.6399999856948853,1.5666669607162476,1.5666669607162476,7500,ASUR,462
2010-04-15,1.613332986831665,1.659999966621399,1.600000023841858,1.6066670417785645,4800,ASUR,462
2010-04-16,1.600000023841858,1.6066670417785645,1.600000023841858,1.600000023841858,8550,ASUR,462
2010-04-19,1.5666669607162476,1.5666669607162476,1.5666669607162476,1.5666669607162476,600,ASUR,462
2010-04-20,1.5866669416427612,1.5866669416427612,1.5399999618530273,1.5666669607162476,2400,ASUR,462
2010-04-21,1.6266670227050781,1.6666669845581055,1.5933330059051514,1.5933330059051514,17850,ASUR,462
2010-04-22,1.6266670227050781,1.6266670227050781,1.6266670227050781,1.6266670227050781,0,ASUR,462
2010-04-23,1.6533329486846924,1.6666669845581055,1.559999942779541,1.559999942779541,12000,ASUR,462
2010-04-26,1.5733330249786377,1.5933330059051514,1.559999942779541,1.559999942779541,1050,ASUR,462
2010-04-27,1.5666669607162476,1.659999966621399,1.559999942779541,1.659999966621399,4200,ASUR,462
2010-04-28,1.600000023841858,1.6266670227050781,1.5933330059051514,1.6266670227050781,1500,ASUR,462
2010-04-29,1.6399999856948853,1.6799999475479126,1.6399999856948853,1.6666669845581055,15450,ASUR,462
2010-04-30,1.613332986831665,1.613332986831665,1.5866669416427612,1.5866669416427612,1650,ASUR,462
2010-05-03,1.613332986831665,1.7000000476837158,1.5733330249786377,1.5800000429153442,6150,ASUR,462
2010-05-04,1.5866669416427612,1.6066670417785645,1.5800000429153442,1.6066670417785645,4500,ASUR,462
2010-05-05,1.5733330249786377,1.5800000429153442,1.5733330249786377,1.5800000429153442,300,ASUR,462
2010-05-06,1.559999942779541,1.5800000429153442,1.5133329629898071,1.5800000429153442,12150,ASUR,462
2010-05-07,1.4800000190734863,1.5066670179367065,1.4733330011367798,1.5066670179367065,1650,ASUR,462
2010-05-10,1.446666955947876,1.4866670370101929,1.4133330583572388,1.4866670370101929,10950,ASUR,462
2010-05-11,1.446666955947876,1.446666955947876,1.446666955947876,1.446666955947876,0,ASUR,462
2010-05-12,1.613332986831665,1.6533329486846924,1.5333329439163208,1.5333329439163208,30450,ASUR,462
2010-05-13,1.6733330488204956,1.7333329916000366,1.6333329677581787,1.6333329677581787,52950,ASUR,462
2010-05-14,1.7200000286102295,1.7200000286102295,1.6666669845581055,1.6733330488204956,27750,ASUR,462
2010-05-17,1.8733329772949219,1.8733329772949219,1.7200000286102295,1.7200000286102295,44550,ASUR,462
2010-05-18,1.8333330154418945,1.8733329772949219,1.7799999713897705,1.8733329772949219,13500,ASUR,462
2010-05-19,1.786666989326477,1.8333330154418945,1.786666989326477,1.8333330154418945,4050,ASUR,462
2010-05-20,1.7066669464111328,1.7799999713897705,1.6466670036315918,1.7799999713897705,13050,ASUR,462
2010-05-21,1.6666669845581055,1.786666989326477,1.6666669845581055,1.6799999475479126,19800,ASUR,462
2010-05-24,1.6799999475479126,1.7599999904632568,1.6666669845581055,1.6666669845581055,3300,ASUR,462
2010-05-25,1.6666669845581055,1.713333010673523,1.613332986831665,1.6933330297470093,23100,ASUR,462
2010-05-26,1.6200000047683716,1.6866669654846191,1.5800000429153442,1.6666669845581055,25200,ASUR,462
2010-05-27,1.659999966621399,1.6866669654846191,1.613332986831665,1.6399999856948853,8400,ASUR,462
2010-05-28,1.6266670227050781,1.659999966621399,1.5933330059051514,1.6333329677581787,2550,ASUR,462
2010-06-01,1.6533329486846924,1.6533329486846924,1.6266670227050781,1.6266670227050781,2250,ASUR,462
2010-06-02,1.6266670227050781,1.6333329677581787,1.6266670227050781,1.6333329677581787,2400,ASUR,462
2010-06-03,1.6666669845581055,1.6666669845581055,1.6266670227050781,1.6333329677581787,3450,ASUR,462
2010-06-04,1.6533329486846924,1.6533329486846924,1.5466669797897339,1.600000023841858,15450,ASUR,462
2010-06-07,1.559999942779541,1.5733330249786377,1.559999942779541,1.5666669607162476,1050,ASUR,462
2010-06-08,1.5266669988632202,1.600000023841858,1.4733330011367798,1.5333329439163208,21300,ASUR,462
2010-06-09,1.5066670179367065,1.5333329439163208,1.5,1.5333329439163208,2700,ASUR,462
2010-06-10,1.5199999809265137,1.553333044052124,1.4733330011367798,1.4933329820632935,12900,ASUR,462
2010-06-11,1.4733330011367798,1.5800000429153442,1.4733330011367798,1.4866670370101929,1650,ASUR,462
2010-06-14,1.4933329820632935,1.5266669988632202,1.4733330011367798,1.5,3600,ASUR,462
2010-06-15,1.5199999809265137,1.5666669607162476,1.4800000190734863,1.5,12600,ASUR,462
2010-06-16,1.4866670370101929,1.4866670370101929,1.4733330011367798,1.4733330011367798,900,ASUR,462
2010-06-17,1.5666669607162476,1.5666669607162476,1.4866670370101929,1.4866670370101929,5100,ASUR,462
2010-06-18,1.659999966621399,1.659999966621399,1.5333329439163208,1.5733330249786377,3600,ASUR,462
2010-06-21,1.5666669607162476,1.600000023841858,1.5399999618530273,1.600000023841858,31350,ASUR,462
2010-06-22,1.5,1.5466669797897339,1.5,1.5466669797897339,1200,ASUR,462
2010-06-23,1.5,1.5,1.5,1.5,0,ASUR,462
2010-06-24,1.4733330011367798,1.5,1.4733330011367798,1.5,3150,ASUR,462
2010-06-25,1.5666669607162476,1.6666669845581055,1.5066670179367065,1.5666669607162476,28200,ASUR,462
2010-06-28,1.5133329629898071,1.5399999618530273,1.5066670179367065,1.5399999618530273,1050,ASUR,462
2010-06-29,1.4866670370101929,1.5133329629898071,1.4666670560836792,1.4666670560836792,23250,ASUR,462
2010-06-30,1.4666670560836792,1.6066670417785645,1.4666670560836792,1.4733330011367798,8100,ASUR,462
2010-07-01,1.4800000190734863,1.5333329439163208,1.4800000190734863,1.5333329439163208,600,ASUR,462
2010-07-02,1.5066670179367065,1.5066670179367065,1.5066670179367065,1.5066670179367065,300,ASUR,462
2010-07-06,1.5,1.5866669416427612,1.4666670560836792,1.4733330011367798,6300,ASUR,462
2010-07-07,1.5,1.5,1.5,1.5,0,ASUR,462
2010-07-08,1.5,1.5666669607162476,1.4800000190734863,1.5666669607162476,1050,ASUR,462
2010-07-09,1.4733330011367798,1.5,1.4733330011367798,1.5,900,ASUR,462
2010-07-12,1.4733330011367798,1.5,1.4733330011367798,1.4933329820632935,3900,ASUR,462
2010-07-13,1.4666670560836792,1.4666670560836792,1.4666670560836792,1.4666670560836792,600,ASUR,462
2010-07-14,1.4533330202102661,1.5333329439163208,1.4533330202102661,1.4733330011367798,14400,ASUR,462
2010-07-15,1.446666955947876,1.446666955947876,1.440000057220459,1.440000057220459,450,ASUR,462
2010-07-16,1.4533330202102661,1.4533330202102661,1.440000057220459,1.440000057220459,300,ASUR,462
2010-07-19,1.4266669750213623,1.5199999809265137,1.4133330583572388,1.4266669750213623,9150,ASUR,462
2010-07-20,1.4066669940948486,1.4266669750213623,1.3933329582214355,1.4266669750213623,5400,ASUR,462
2010-07-21,1.5266669988632202,1.559999942779541,1.399999976158142,1.399999976158142,1500,ASUR,462
2010-07-22,1.5266669988632202,1.5266669988632202,1.5266669988632202,1.5266669988632202,0,ASUR,462
2010-07-23,1.5266669988632202,1.5266669988632202,1.5266669988632202,1.5266669988632202,0,ASUR,462
2010-07-26,1.5266669988632202,1.5266669988632202,1.5266669988632202,1.5266669988632202,0,ASUR,462
2010-07-27,1.559999942779541,1.559999942779541,1.4800000190734863,1.4800000190734863,450,ASUR,462
2010-07-28,1.4733330011367798,1.4733330011367798,1.4733330011367798,1.4733330011367798,1200,ASUR,462
2010-07-29,1.559999942779541,1.559999942779541,1.559999942779541,1.559999942779541,750,ASUR,462
2010-07-30,1.4666670560836792,1.4733330011367798,1.4666670560836792,1.4733330011367798,750,ASUR,462
2010-08-02,1.5199999809265137,1.5199999809265137,1.4600000381469727,1.4666670560836792,2550,ASUR,462
2010-08-03,1.4866670370101929,1.4866670370101929,1.4866670370101929,1.4866670370101929,1350,ASUR,462
2010-08-04,1.4666670560836792,1.5066670179367065,1.4666670560836792,1.4733330011367798,1350,ASUR,462
2010-08-05,1.5199999809265137,1.6066670417785645,1.5133329629898071,1.5133329629898071,28950,ASUR,462
2010-08-06,1.5066670179367065,1.5066670179367065,1.5066670179367065,1.5066670179367065,450,ASUR,462
2010-08-09,1.4866670370101929,1.4933329820632935,1.4866670370101929,1.4933329820632935,600,ASUR,462
2010-08-10,1.4866670370101929,1.4866670370101929,1.4866670370101929,1.4866670370101929,0,ASUR,462
2010-08-11,1.6066670417785645,1.6266670227050781,1.4600000381469727,1.5133329629898071,25650,ASUR,462
2010-08-12,1.613332986831665,1.6533329486846924,1.5733330249786377,1.5933330059051514,21450,ASUR,462
2010-08-13,1.5,1.613332986831665,1.5,1.613332986831665,6000,ASUR,462
2010-08-16,1.5933330059051514,1.5933330059051514,1.5333329439163208,1.5333329439163208,18300,ASUR,462
2010-08-17,1.6533329486846924,1.6666669845581055,1.600000023841858,1.600000023841858,5550,ASUR,462
2010-08-18,1.553333044052124,1.6733330488204956,1.553333044052124,1.6733330488204956,21450,ASUR,462
2010-08-19,1.5266669988632202,1.6533329486846924,1.5199999809265137,1.559999942779541,4350,ASUR,462
2010-08-20,1.6799999475479126,1.6799999475479126,1.5466669797897339,1.6200000047683716,29400,ASUR,462
2010-08-23,1.7000000476837158,1.7000000476837158,1.6733330488204956,1.6733330488204956,14700,ASUR,462
2010-08-24,1.5933330059051514,1.6666669845581055,1.5933330059051514,1.6666669845581055,750,ASUR,462
2010-08-25,1.6466670036315918,1.6666669845581055,1.6466670036315918,1.6666669845581055,900,ASUR,462
2010-08-26,1.7066669464111328,1.713333010673523,1.6333329677581787,1.6866669654846191,9000,ASUR,462
2010-08-27,1.7599999904632568,1.7666670083999634,1.7066669464111328,1.7333329916000366,5550,ASUR,462
2010-08-30,1.7333329916000366,1.7533329725265503,1.7066669464111328,1.7066669464111328,750,ASUR,462
2010-08-31,1.7000000476837158,1.7066669464111328,1.7000000476837158,1.7066669464111328,750,ASUR,462
2010-09-01,1.5866669416427612,1.7000000476837158,1.5866669416427612,1.7000000476837158,2400,ASUR,462
2010-09-02,1.6799999475479126,1.726667046546936,1.6066670417785645,1.6666669845581055,19050,ASUR,462
2010-09-03,1.6666669845581055,1.6933330297470093,1.6666669845581055,1.6933330297470093,9300,ASUR,462
2010-09-07,1.7000000476837158,1.7333329916000366,1.6799999475479126,1.7000000476837158,4800,ASUR,462
2010-09-08,1.6933330297470093,1.6933330297470093,1.6733330488204956,1.6799999475479126,2250,ASUR,462
2010-09-09,1.7066669464111328,1.773332953453064,1.6200000047683716,1.6200000047683716,7350,ASUR,462
2010-09-10,1.7066669464111328,1.7066669464111328,1.7066669464111328,1.7066669464111328,0,ASUR,462
2010-09-13,1.6733330488204956,1.6733330488204956,1.6733330488204956,1.6733330488204956,150,ASUR,462
2010-09-14,1.6666669845581055,1.7599999904632568,1.6666669845581055,1.6733330488204956,4200,ASUR,462
2010-09-15,1.726667046546936,1.7599999904632568,1.6399999856948853,1.6399999856948853,6300,ASUR,462
2010-09-16,1.726667046546936,1.726667046546936,1.726667046546936,1.726667046546936,0,ASUR,462
2010-09-17,1.7333329916000366,1.7333329916000366,1.7000000476837158,1.7000000476837158,600,ASUR,462
2010-09-20,1.7333329916000366,1.7333329916000366,1.7200000286102295,1.7200000286102295,4500,ASUR,462
2010-09-21,1.6933330297470093,1.6933330297470093,1.6733330488204956,1.6733330488204956,750,ASUR,462
2010-09-22,1.6666669845581055,1.6666669845581055,1.6399999856948853,1.6666669845581055,7200,ASUR,462
2010-09-23,1.6666669845581055,1.6666669845581055,1.6666669845581055,1.6666669845581055,0,ASUR,462
2010-09-24,1.6799999475479126,1.7000000476837158,1.6666669845581055,1.6666669845581055,5850,ASUR,462
2010-09-27,1.6866669654846191,1.6933330297470093,1.600000023841858,1.6066670417785645,10950,ASUR,462
2010-09-28,1.6466670036315918,1.7333329916000366,1.6066670417785645,1.6066670417785645,7500,ASUR,462
2010-09-29,1.6200000047683716,1.7200000286102295,1.5666669607162476,1.600000023841858,86550,ASUR,462
2010-09-30,1.726667046546936,1.726667046546936,1.7200000286102295,1.7200000286102295,1200,ASUR,462
2010-10-01,1.6266670227050781,1.7066669464111328,1.600000023841858,1.7066669464111328,1650,ASUR,462
2010-10-04,1.726667046546936,1.7666670083999634,1.6666669845581055,1.7533329725265503,13050,ASUR,462
2010-10-05,1.6533329486846924,1.7333329916000366,1.6533329486846924,1.7200000286102295,4350,ASUR,462
2010-10-06,1.7000000476837158,1.7000000476837158,1.659999966621399,1.659999966621399,2100,ASUR,462
2010-10-07,1.6666669845581055,1.7066669464111328,1.6666669845581055,1.7066669464111328,9750,ASUR,462
2010-10-08,1.7000000476837158,1.7000000476837158,1.659999966621399,1.6666669845581055,5700,ASUR,462
2010-10-11,1.6666669845581055,1.7333329916000366,1.659999966621399,1.6733330488204956,1950,ASUR,462
2010-10-12,1.7333329916000366,1.7666670083999634,1.6666669845581055,1.6666669845581055,10350,ASUR,462
2010-10-13,1.7000000476837158,1.726667046546936,1.6666669845581055,1.713333010673523,2250,ASUR,462
2010-10-14,1.6933330297470093,1.7000000476837158,1.6799999475479126,1.7000000476837158,11700,ASUR,462
2010-10-15,1.6866669654846191,1.7333329916000366,1.6666669845581055,1.6799999475479126,2250,ASUR,462
2010-10-18,1.7599999904632568,1.8066669702529907,1.6866669654846191,1.6866669654846191,4800,ASUR,462
2010-10-19,1.8200000524520874,1.8466670513153076,1.7066669464111328,1.7066669464111328,43950,ASUR,462
2010-10-20,1.7999999523162842,1.8266669511795044,1.7999999523162842,1.8266669511795044,4800,ASUR,462
2010-10-21,1.7999999523162842,1.8933329582214355,1.7666670083999634,1.8466670513153076,11400,ASUR,462
2010-10-22,1.8066669702529907,1.8066669702529907,1.7400000095367432,1.7799999713897705,21300,ASUR,462
2010-10-25,1.8266669511795044,1.8266669511795044,1.7533329725265503,1.7933330535888672,4500,ASUR,462
2010-10-26,1.7666670083999634,1.8933329582214355,1.7466670274734497,1.7466670274734497,4650,ASUR,462
2010-10-27,1.7666670083999634,1.7799999713897705,1.7666670083999634,1.7666670083999634,1500,ASUR,462
2010-10-28,1.773332953453064,1.7999999523162842,1.7599999904632568,1.7599999904632568,13950,ASUR,462
2010-10-29,1.7400000095367432,1.7666670083999634,1.7400000095367432,1.7666670083999634,10050,ASUR,462
2010-11-01,1.7599999904632568,1.7599999904632568,1.7200000286102295,1.7466670274734497,4200,ASUR,462
2010-11-02,1.8200000524520874,1.8266669511795044,1.8200000524520874,1.8266669511795044,4050,ASUR,462
2010-11-03,1.8200000524520874,1.8200000524520874,1.8200000524520874,1.8200000524520874,0,ASUR,462
2010-11-04,1.7333329916000366,1.7666670083999634,1.7200000286102295,1.7666670083999634,8850,ASUR,462
2010-11-05,1.7066669464111328,1.7999999523162842,1.7066669464111328,1.7999999523162842,5100,ASUR,462
2010-11-08,1.7200000286102295,1.7200000286102295,1.7000000476837158,1.7000000476837158,300,ASUR,462
2010-11-09,1.6333329677581787,1.713333010673523,1.5066670179367065,1.7000000476837158,23850,ASUR,462
2010-11-10,1.5733330249786377,1.600000023841858,1.5666669607162476,1.600000023841858,7800,ASUR,462
2010-11-11,1.5733330249786377,1.5733330249786377,1.4933329820632935,1.4933329820632935,2550,ASUR,462
2010-11-12,1.4733330011367798,1.5733330249786377,1.4733330011367798,1.4933329820632935,15900,ASUR,462
2010-11-15,1.5133329629898071,1.5733330249786377,1.5,1.5,3300,ASUR,462
2010-11-16,1.5133329629898071,1.5133329629898071,1.4733330011367798,1.4733330011367798,8400,ASUR,462
2010-11-17,1.4800000190734863,1.553333044052124,1.4800000190734863,1.4800000190734863,1650,ASUR,462
2010-11-18,1.4866670370101929,1.559999942779541,1.4800000190734863,1.553333044052124,10500,ASUR,462
2010-11-19,1.559999942779541,1.559999942779541,1.5466669797897339,1.5466669797897339,7500,ASUR,462
2010-11-22,1.5333329439163208,1.5666669607162476,1.4800000190734863,1.4866670370101929,5550,ASUR,462
2010-11-23,1.4733330011367798,1.5133329629898071,1.4733330011367798,1.5133329629898071,7650,ASUR,462
2010-11-24,1.5733330249786377,1.6200000047683716,1.5,1.5,17550,ASUR,462
2010-11-26,1.559999942779541,1.559999942779541,1.5333329439163208,1.5399999618530273,1050,ASUR,462
2010-11-29,1.5133329629898071,1.6399999856948853,1.5066670179367065,1.5466669797897339,21000,ASUR,462
2010-11-30,1.5,1.5333329439163208,1.4866670370101929,1.5133329629898071,20850,ASUR,462
2010-12-01,1.5333329439163208,1.5333329439163208,1.4800000190734863,1.4800000190734863,900,ASUR,462
2010-12-02,1.5333329439163208,1.559999942779541,1.5,1.5199999809265137,13950,ASUR,462
2010-12-03,1.5666669607162476,1.6666669845581055,1.5333329439163208,1.6666669845581055,11250,ASUR,462
2010-12-06,1.5666669607162476,1.5933330059051514,1.5666669607162476,1.5866669416427612,10050,ASUR,462
2010-12-07,1.5666669607162476,1.5866669416427612,1.5666669607162476,1.5800000429153442,16800,ASUR,462
2010-12-08,1.5666669607162476,1.5666669607162476,1.5666669607162476,1.5666669607162476,0,ASUR,462
2010-12-09,1.5733330249786377,1.5733330249786377,1.5066670179367065,1.5133329629898071,2100,ASUR,462
2010-12-10,1.5266669988632202,1.600000023841858,1.4800000190734863,1.5399999618530273,39900,ASUR,462
2010-12-13,1.6666669845581055,1.7000000476837158,1.5266669988632202,1.5266669988632202,53400,ASUR,462
2010-12-14,1.7400000095367432,1.7533329725265503,1.6666669845581055,1.7000000476837158,37050,ASUR,462
2010-12-15,1.9600000381469727,2.0,1.7533329725265503,1.7533329725265503,100800,ASUR,462
2010-12-16,1.8666670322418213,1.9666670560836792,1.8666670322418213,1.9666670560836792,31500,ASUR,462
2010-12-17,2.0,2.053333044052124,1.7999999523162842,1.840000033378601,37050,ASUR,462
2010-12-20,1.886667013168335,2.006666898727417,1.8799999952316284,2.006666898727417,12750,ASUR,462
2010-12-21,1.899999976158142,1.9333330392837524,1.7999999523162842,1.8933329582214355,20550,ASUR,462
2010-12-22,2.0999999046325684,2.1600000858306885,1.840000033378601,1.8600000143051147,33000,ASUR,462
2010-12-23,2.0333330631256104,2.086667060852051,1.9333330392837524,2.0733330249786377,7200,ASUR,462
2010-12-27,1.9333330392837524,2.059999942779541,1.9333330392837524,1.9866670370101929,3300,ASUR,462
2010-12-28,1.886667013168335,2.006666898727417,1.8733329772949219,1.9266669750213623,15300,ASUR,462
2010-12-29,1.8799999952316284,1.9333330392837524,1.8799999952316284,1.886667013168335,3450,ASUR,462
2010-12-30,1.946666955947876,1.9600000381469727,1.8799999952316284,1.9266669750213623,10350,ASUR,462
2010-12-31,1.9533330202102661,2.0,1.8799999952316284,1.8799999952316284,13800,ASUR,462
2011-01-03,2.0333330631256104,2.113332986831665,1.9266669750213623,2.0133330821990967,13350,ASUR,462
2011-01-04,1.9333330392837524,2.0333330631256104,1.9333330392837524,2.0333330631256104,6150,ASUR,462
2011-01-05,1.940000057220459,2.0266671180725098,1.940000057220459,2.0199999809265137,2700,ASUR,462
2011-01-06,2.0133330821990967,2.053333044052124,1.8933329582214355,2.0,14400,ASUR,462
2011-01-07,1.9600000381469727,2.0,1.9066669940948486,2.0,28800,ASUR,462
2011-01-10,1.8733329772949219,1.9600000381469727,1.8066669702529907,1.9266669750213623,12900,ASUR,462
2011-01-11,1.8799999952316284,1.9333330392837524,1.8733329772949219,1.8733329772949219,7200,ASUR,462
2011-01-12,1.8666670322418213,1.9333330392837524,1.8466670513153076,1.9266669750213623,9600,ASUR,462
2011-01-13,1.8600000143051147,1.9266669750213623,1.8466670513153076,1.8933329582214355,9600,ASUR,462
2011-01-14,1.8533329963684082,1.899999976158142,1.8066669702529907,1.899999976158142,7500,ASUR,462
2011-01-18,1.8466670513153076,1.9133330583572388,1.7599999904632568,1.7999999523162842,19200,ASUR,462
2011-01-19,1.8666670322418213,1.8733329772949219,1.8333330154418945,1.8533329963684082,13950,ASUR,462
2011-01-20,1.9600000381469727,1.9666670560836792,1.8333330154418945,1.840000033378601,33300,ASUR,462
2011-01-21,1.8666670322418213,1.9333330392837524,1.8666670322418213,1.9333330392837524,1350,ASUR,462
2011-01-24,1.899999976158142,1.9666670560836792,1.7466670274734497,1.8200000524520874,10050,ASUR,462
2011-01-25,1.8666670322418213,1.8666670322418213,1.8666670322418213,1.8666670322418213,1800,ASUR,462
2011-01-26,1.9133330583572388,1.9600000381469727,1.8466670513153076,1.8666670322418213,10350,ASUR,462
2011-01-27,1.9066669940948486,1.9600000381469727,1.8733329772949219,1.8733329772949219,4800,ASUR,462
2011-01-28,1.9333330392837524,1.9333330392837524,1.8799999952316284,1.8799999952316284,6900,ASUR,462
2011-01-31,1.9066669940948486,1.9066669940948486,1.8533329963684082,1.9066669940948486,13800,ASUR,462
2011-02-01,1.8799999952316284,1.9066669940948486,1.8733329772949219,1.8733329772949219,2700,ASUR,462
2011-02-02,1.8666670322418213,1.946666955947876,1.8666670322418213,1.946666955947876,450,ASUR,462
2011-02-03,1.8799999952316284,1.9266669750213623,1.8733329772949219,1.9266669750213623,750,ASUR,462
2011-02-04,1.8600000143051147,1.886667013168335,1.8466670513153076,1.886667013168335,3600,ASUR,462
2011-02-07,1.840000033378601,1.8466670513153076,1.8133330345153809,1.8466670513153076,4800,ASUR,462
2011-02-08,1.8666670322418213,1.8666670322418213,1.8133330345153809,1.8533329963684082,1350,ASUR,462
2011-02-09,1.8666670322418213,1.8666670322418213,1.8666670322418213,1.8666670322418213,0,ASUR,462
2011-02-10,1.840000033378601,1.8466670513153076,1.840000033378601,1.8466670513153076,7350,ASUR,462
2011-02-11,1.7999999523162842,1.8600000143051147,1.7799999713897705,1.8200000524520874,8400,ASUR,462
2011-02-14,1.8066669702529907,1.840000033378601,1.7999999523162842,1.7999999523162842,12600,ASUR,462
2011-02-15,1.8066669702529907,1.8066669702529907,1.8066669702529907,1.8066669702529907,1050,ASUR,462
2011-02-16,1.8066669702529907,1.8333330154418945,1.8066669702529907,1.8066669702529907,7650,ASUR,462
2011-02-17,1.8266669511795044,1.8333330154418945,1.8066669702529907,1.8333330154418945,28650,ASUR,462
2011-02-18,1.8266669511795044,1.8333330154418945,1.8266669511795044,1.8333330154418945,1800,ASUR,462
2011-02-22,1.8200000524520874,1.8666670322418213,1.773332953453064,1.8066669702529907,13200,ASUR,462
2011-02-23,1.7933330535888672,1.7999999523162842,1.7400000095367432,1.7533329725265503,9300,ASUR,462
2011-02-24,1.8133330345153809,1.8133330345153809,1.7400000095367432,1.773332953453064,3300,ASUR,462
2011-02-25,1.8133330345153809,1.8133330345153809,1.8133330345153809,1.8133330345153809,0,ASUR,462
2011-02-28,1.7666670083999634,1.7933330535888672,1.7400000095367432,1.7933330535888672,8700,ASUR,462
2011-03-01,1.7466670274734497,1.7599999904632568,1.7466670274734497,1.7466670274734497,3900,ASUR,462
2011-03-02,1.7000000476837158,1.7000000476837158,1.6200000047683716,1.7000000476837158,4500,ASUR,462
2011-03-03,1.6933330297470093,1.7000000476837158,1.6933330297470093,1.7000000476837158,2850,ASUR,462
2011-03-04,1.7333329916000366,1.7333329916000366,1.713333010673523,1.713333010673523,1950,ASUR,462
2011-03-07,1.6799999475479126,1.726667046546936,1.6733330488204956,1.726667046546936,17850,ASUR,462
2011-03-08,1.7799999713897705,1.8200000524520874,1.6733330488204956,1.6933330297470093,18750,ASUR,462
2011-03-09,1.713333010673523,1.7533329725265503,1.7066669464111328,1.7533329725265503,2550,ASUR,462
2011-03-10,1.8066669702529907,1.8066669702529907,1.713333010673523,1.713333010673523,300,ASUR,462
2011-03-11,1.7200000286102295,1.8666670322418213,1.7200000286102295,1.7999999523162842,2250,ASUR,462
2011-03-14,1.726667046546936,1.726667046546936,1.726667046546936,1.726667046546936,150,ASUR,462
2011-03-15,1.713333010673523,1.713333010673523,1.7000000476837158,1.7000000476837158,2850,ASUR,462
2011-03-16,1.7799999713897705,1.8933329582214355,1.7000000476837158,1.7000000476837158,1950,ASUR,462
2011-03-17,1.7000000476837158,1.7799999713897705,1.7000000476837158,1.7066669464111328,2850,ASUR,462
2011-03-18,1.713333010673523,1.8066669702529907,1.713333010673523,1.8066669702529907,2700,ASUR,462
2011-03-21,1.7999999523162842,1.7999999523162842,1.7000000476837158,1.786666989326477,12600,ASUR,462
2011-03-22,1.7666670083999634,1.840000033378601,1.6799999475479126,1.7999999523162842,12900,ASUR,462
2011-03-23,1.7333329916000366,1.7333329916000366,1.7333329916000366,1.7333329916000366,450,ASUR,462
2011-03-24,1.7200000286102295,1.8133330345153809,1.7200000286102295,1.7533329725265503,3300,ASUR,462
2011-03-25,1.7933330535888672,1.840000033378601,1.726667046546936,1.7333329916000366,19950,ASUR,462
2011-03-28,1.773332953453064,1.7999999523162842,1.7200000286102295,1.7599999904632568,3000,ASUR,462
2011-03-29,1.7200000286102295,1.786666989326477,1.7200000286102295,1.7400000095367432,3900,ASUR,462
2011-03-30,1.7999999523162842,1.8066669702529907,1.7200000286102295,1.726667046546936,9750,ASUR,462
2011-03-31,1.7999999523162842,1.7999999523162842,1.7999999523162842,1.7999999523162842,0,ASUR,462
2011-04-01,1.7999999523162842,1.840000033378601,1.7999999523162842,1.8066669702529907,13050,ASUR,462
2011-04-04,1.7400000095367432,1.7999999523162842,1.726667046546936,1.7999999523162842,2400,ASUR,462
2011-04-05,1.6799999475479126,1.726667046546936,1.6799999475479126,1.726667046546936,6300,ASUR,462
2011-04-06,1.6333329677581787,1.6799999475479126,1.5733330249786377,1.6799999475479126,7350,ASUR,462
2011-04-07,1.6333329677581787,1.6666669845581055,1.6333329677581787,1.6666669845581055,300,ASUR,462
2011-04-08,1.6333329677581787,1.6333329677581787,1.6266670227050781,1.6266670227050781,450,ASUR,462
2011-04-11,1.6666669845581055,1.6666669845581055,1.6333329677581787,1.6399999856948853,1500,ASUR,462
2011-04-12,1.5933330059051514,1.7066669464111328,1.5466669797897339,1.5466669797897339,35550,ASUR,462
2011-04-13,1.553333044052124,1.600000023841858,1.5333329439163208,1.559999942779541,5400,ASUR,462
2011-04-14,1.5466669797897339,1.5733330249786377,1.5199999809265137,1.5333329439163208,12000,ASUR,462
2011-04-15,1.5666669607162476,1.5866669416427612,1.5399999618530273,1.5399999618530273,6600,ASUR,462
2011-04-18,1.5399999618530273,1.5666669607162476,1.5399999618530273,1.5666669607162476,33450,ASUR,462
2011-04-19,1.600000023841858,1.6333329677581787,1.5066670179367065,1.5066670179367065,2400,ASUR,462
2011-04-20,1.600000023841858,1.6333329677581787,1.600000023841858,1.6333329677581787,2400,ASUR,462
2011-04-21,1.600000023841858,1.600000023841858,1.600000023841858,1.600000023841858,0,ASUR,462
2011-04-25,1.5666669607162476,1.6333329677581787,1.5333329439163208,1.6066670417785645,14250,ASUR,462
2011-04-26,1.5933330059051514,1.5933330059051514,1.5800000429153442,1.5800000429153442,600,ASUR,462
2011-04-27,1.6533329486846924,1.6533329486846924,1.5800000429153442,1.5800000429153442,11100,ASUR,462
2011-04-28,1.600000023841858,1.600000023841858,1.553333044052124,1.5666669607162476,1650,ASUR,462
2011-04-29,1.6733330488204956,1.6866669654846191,1.553333044052124,1.559999942779541,4950,ASUR,462
2011-05-02,1.726667046546936,1.726667046546936,1.5,1.5666669607162476,27000,ASUR,462
2011-05-03,1.6399999856948853,1.7066669464111328,1.6399999856948853,1.7066669464111328,4650,ASUR,462
2011-05-04,1.5733330249786377,1.6333329677581787,1.5733330249786377,1.6333329677581787,1200,ASUR,462
2011-05-05,1.600000023841858,1.600000023841858,1.559999942779541,1.5733330249786377,3150,ASUR,462
2011-05-06,1.600000023841858,1.600000023841858,1.600000023841858,1.600000023841858,0,ASUR,462
2011-05-09,1.5733330249786377,1.600000023841858,1.5733330249786377,1.5866669416427612,1950,ASUR,462
2011-05-10,1.6066670417785645,1.659999966621399,1.5866669416427612,1.5866669416427612,4650,ASUR,462
2011-05-11,1.940000057220459,1.940000057220459,1.7000000476837158,1.7000000476837158,45600,ASUR,462
2011-05-12,1.8133330345153809,1.940000057220459,1.7999999523162842,1.940000057220459,28050,ASUR,462
2011-05-13,1.8799999952316284,1.9133330583572388,1.7999999523162842,1.8133330345153809,3150,ASUR,462
2011-05-16,1.7599999904632568,1.8799999952316284,1.7599999904632568,1.8799999952316284,7200,ASUR,462
2011-05-17,1.600000023841858,1.8333330154418945,1.5800000429153442,1.8333330154418945,10350,ASUR,462
2011-05-18,1.7599999904632568,1.840000033378601,1.6399999856948853,1.6399999856948853,8400,ASUR,462
2011-05-19,1.6333329677581787,1.840000033378601,1.5266669988632202,1.840000033378601,17850,ASUR,462
2011-05-20,1.713333010673523,1.7466670274734497,1.600000023841858,1.6266670227050781,12300,ASUR,462
2011-05-23,1.7799999713897705,1.7933330535888672,1.7066669464111328,1.7066669464111328,1950,ASUR,462
2011-05-24,1.7666670083999634,1.7666670083999634,1.6933330297470093,1.6933330297470093,2700,ASUR,462
2011-05-25,1.6733330488204956,1.6733330488204956,1.6266670227050781,1.6399999856948853,2700,ASUR,462
2011-05-26,1.6799999475479126,1.6799999475479126,1.6799999475479126,1.6799999475479126,150,ASUR,462
2011-05-27,1.7666670083999634,1.8133330345153809,1.6799999475479126,1.6799999475479126,2400,ASUR,462
2011-05-31,1.8133330345153809,1.840000033378601,1.7333329916000366,1.7333329916000366,5850,ASUR,462
2011-06-01,1.9066669940948486,1.9866670370101929,1.8200000524520874,1.8200000524520874,46500,ASUR,462
2011-06-02,1.9666670560836792,1.9933329820632935,1.8533329963684082,1.9333330392837524,8400,ASUR,462
2011-06-03,1.9133330583572388,1.9199999570846558,1.9133330583572388,1.9133330583572388,2400,ASUR,462
2011-06-06,1.8733329772949219,1.9333330392837524,1.8733329772949219,1.9333330392837524,450,ASUR,462
2011-06-07,1.886667013168335,2.059999942779541,1.886667013168335,1.886667013168335,23700,ASUR,462
2011-06-08,1.8933329582214355,2.059999942779541,1.8933329582214355,1.9066669940948486,6750,ASUR,462
2011-06-09,1.9333330392837524,2.0266671180725098,1.886667013168335,1.886667013168335,7050,ASUR,462
2011-06-10,2.0133330821990967,2.0199999809265137,1.9333330392837524,1.9600000381469727,3000,ASUR,462
2011-06-13,1.946666955947876,2.066667079925537,1.946666955947876,2.066667079925537,22650,ASUR,462
2011-06-14,2.0,2.0733330249786377,1.946666955947876,1.9533330202102661,14400,ASUR,462
2011-06-15,2.113332986831665,2.1333329677581787,2.0,2.0,29400,ASUR,462
2011-06-16,2.119999885559082,2.119999885559082,2.006666898727417,2.1066670417785645,3000,ASUR,462
2011-06-17,2.1333329677581787,2.1333329677581787,1.9066669940948486,2.1066670417785645,7350,ASUR,462
2011-06-20,2.0,2.119999885559082,1.8933329582214355,2.119999885559082,7500,ASUR,462
2011-06-21,2.006666898727417,2.1333329677581787,1.9600000381469727,1.9600000381469727,9750,ASUR,462
2011-06-22,2.0,2.113332986831665,1.9533330202102661,2.006666898727417,1650,ASUR,462
2011-06-23,1.9666670560836792,2.0933330059051514,1.9533330202102661,1.9533330202102661,5550,ASUR,462
2011-06-24,1.9533330202102661,1.9666670560836792,1.9533330202102661,1.9666670560836792,3300,ASUR,462
2011-06-27,1.9866670370101929,1.9866670370101929,1.9600000381469727,1.9600000381469727,1050,ASUR,462
2011-06-28,1.9133330583572388,1.9733330011367798,1.8799999952316284,1.9733330011367798,2550,ASUR,462
2011-06-29,1.9333330392837524,1.9333330392837524,1.9133330583572388,1.9133330583572388,6150,ASUR,462
2011-06-30,1.9266669750213623,1.9533330202102661,1.8666670322418213,1.940000057220459,21000,ASUR,462
2011-07-01,1.9866670370101929,1.9866670370101929,1.8333330154418945,1.8333330154418945,4500,ASUR,462
2011-07-05,1.946666955947876,1.946666955947876,1.946666955947876,1.946666955947876,600,ASUR,462
2011-07-06,2.006666898727417,2.053333044052124,1.8933329582214355,1.9866670370101929,20100,ASUR,462
2011-07-07,2.0933330059051514,2.1333329677581787,2.006666898727417,2.006666898727417,15300,ASUR,462
2011-07-08,2.059999942779541,2.0999999046325684,2.0333330631256104,2.0999999046325684,1200,ASUR,462
2011-07-11,1.9733330011367798,1.9733330011367798,1.9733330011367798,1.9733330011367798,150,ASUR,462
2011-07-12,2.0,2.0,1.946666955947876,1.946666955947876,3450,ASUR,462
2011-07-13,2.0,2.0,2.0,2.0,0,ASUR,462
2011-07-14,2.0199999809265137,2.066667079925537,2.0199999809265137,2.053333044052124,1650,ASUR,462
2011-07-15,2.059999942779541,2.0933330059051514,2.0199999809265137,2.0199999809265137,600,ASUR,462
2011-07-18,1.9800000190734863,2.0466670989990234,1.9800000190734863,2.0466670989990234,2700,ASUR,462
2011-07-19,2.0199999809265137,2.059999942779541,1.9866670370101929,1.9933329820632935,2850,ASUR,462
2011-07-20,1.9866670370101929,2.0266671180725098,1.9266669750213623,2.0266671180725098,6300,ASUR,462
2011-07-21,2.0,2.0,1.9666670560836792,1.9666670560836792,1050,ASUR,462
2011-07-22,1.9933329820632935,2.0,1.9666670560836792,1.9933329820632935,6900,ASUR,462
2011-07-25,1.9866670370101929,1.9866670370101929,1.9666670560836792,1.9733330011367798,12000,ASUR,462
2011-07-26,2.0,2.0999999046325684,1.899999976158142,1.9866670370101929,18750,ASUR,462
2011-07-27,1.9933329820632935,2.0733330249786377,1.9933329820632935,2.0733330249786377,10050,ASUR,462
2011-07-28,2.0333330631256104,2.066667079925537,1.899999976158142,1.9800000190734863,10650,ASUR,462
2011-07-29,2.006666898727417,2.0999999046325684,1.9533330202102661,1.9666670560836792,28350,ASUR,462
2011-08-01,1.9066669940948486,2.0266671180725098,1.9066669940948486,1.9733330011367798,12900,ASUR,462
2011-08-02,2.0,2.0933330059051514,1.9133330583572388,1.9266669750213623,3750,ASUR,462
2011-08-03,2.0799999237060547,2.0999999046325684,1.9733330011367798,2.0,10650,ASUR,462
2011-08-04,2.0,2.086667060852051,1.8933329582214355,2.086667060852051,14400,ASUR,462
2011-08-05,1.8133330345153809,2.0,1.8133330345153809,2.0,34500,ASUR,462
2011-08-08,1.726667046546936,1.9666670560836792,1.726667046546936,1.7799999713897705,18750,ASUR,462
2011-08-09,1.6799999475479126,1.7200000286102295,1.5133329629898071,1.7200000286102295,15300,ASUR,462
2011-08-10,1.9933329820632935,2.0333330631256104,1.613332986831665,1.613332986831665,9750,ASUR,462
2011-08-11,2.0,2.0933330059051514,1.899999976158142,2.0,33150,ASUR,462
2011-08-12,2.066667079925537,2.066667079925537,2.0,2.0,900,ASUR,462
2011-08-15,2.1333329677581787,2.233333110809326,2.0333330631256104,2.0333330631256104,59250,ASUR,462
2011-08-16,2.3333330154418945,2.3666670322418213,2.1066670417785645,2.186666965484619,45600,ASUR,462
2011-08-17,2.3666670322418213,2.5999999046325684,2.3333330154418945,2.4000000953674316,55200,ASUR,462
2011-08-18,2.266666889190674,2.326667070388794,2.1666669845581055,2.326667070388794,21000,ASUR,462
2011-08-19,2.5,2.586667060852051,2.299999952316284,2.299999952316284,14250,ASUR,462
2011-08-22,2.200000047683716,2.4800000190734863,2.1666669845581055,2.4800000190734863,15300,ASUR,462
2011-08-23,2.2799999713897705,2.3333330154418945,2.2799999713897705,2.3333330154418945,7050,ASUR,462
2011-08-24,2.386667013168335,2.440000057220459,2.2866671085357666,2.299999952316284,4200,ASUR,462
2011-08-25,2.206666946411133,2.413332939147949,2.146667003631592,2.413332939147949,5400,ASUR,462
2011-08-26,2.266666889190674,2.293333053588867,2.206666946411133,2.206666946411133,6750,ASUR,462
2011-08-29,2.2733330726623535,2.440000057220459,2.25333309173584,2.25333309173584,29250,ASUR,462
2011-08-30,2.380000114440918,2.4266669750213623,2.380000114440918,2.4200000762939453,3150,ASUR,462
2011-08-31,2.3333330154418945,2.380000114440918,2.2733330726623535,2.380000114440918,13200,ASUR,462
2011-09-01,2.3399999141693115,2.3933329582214355,2.3399999141693115,2.3399999141693115,2550,ASUR,462
2011-09-02,2.373332977294922,2.386667013168335,2.266666889190674,2.3466670513153076,2850,ASUR,462
2011-09-06,2.2266669273376465,2.3333330154418945,2.2266669273376465,2.3333330154418945,1650,ASUR,462
2011-09-07,2.2266669273376465,2.380000114440918,2.173332929611206,2.3066670894622803,7200,ASUR,462
2011-09-08,2.2266669273376465,2.2266669273376465,2.2266669273376465,2.2266669273376465,0,ASUR,462
2011-09-09,2.240000009536743,2.3666670322418213,2.1666669845581055,2.3466670513153076,5100,ASUR,462
2011-09-12,2.240000009536743,2.3466670513153076,2.240000009536743,2.240000009536743,3750,ASUR,462
2011-09-13,2.233333110809326,2.259999990463257,2.180000066757202,2.233333110809326,1650,ASUR,462
2011-09-14,2.233333110809326,2.233333110809326,2.173332929611206,2.180000066757202,3750,ASUR,462
2011-09-15,2.293333053588867,2.299999952316284,2.186666965484619,2.2133328914642334,8700,ASUR,462
2011-09-16,2.3666670322418213,2.3666670322418213,2.24666690826416,2.24666690826416,3750,ASUR,462
2011-09-19,2.2799999713897705,2.2799999713897705,2.2200000286102295,2.240000009536743,1500,ASUR,462
2011-09-20,2.233333110809326,2.299999952316284,2.233333110809326,2.266666889190674,3900,ASUR,462
2011-09-21,2.1533329486846924,2.25333309173584,2.1333329677581787,2.24666690826416,39900,ASUR,462
2011-09-22,2.0133330821990967,2.1333329677581787,2.0,2.0999999046325684,10050,ASUR,462
2011-09-23,2.0733330249786377,2.0799999237060547,1.9933329820632935,2.0266671180725098,2100,ASUR,462
2011-09-26,2.0799999237060547,2.2799999713897705,2.066667079925537,2.0999999046325684,2100,ASUR,462
2011-09-27,2.066667079925537,2.1933329105377197,2.066667079925537,2.1933329105377197,2100,ASUR,462
2011-09-28,2.0266671180725098,2.0799999237060547,2.0266671180725098,2.0799999237060547,3300,ASUR,462
2011-09-29,2.0799999237060547,2.0799999237060547,2.0266671180725098,2.0333330631256104,1050,ASUR,462
2011-09-30,2.180000066757202,2.180000066757202,2.173332929611206,2.173332929611206,900,ASUR,462
2011-10-03,2.113332986831665,2.3466670513153076,1.9933329820632935,2.186666965484619,22500,ASUR,462
2011-10-04,2.0999999046325684,2.119999885559082,2.0,2.066667079925537,23550,ASUR,462
2011-10-05,2.146667003631592,2.146667003631592,2.086667060852051,2.086667060852051,1800,ASUR,462
2011-10-06,2.1333329677581787,2.1333329677581787,2.0333330631256104,2.1333329677581787,4200,ASUR,462
2011-10-07,2.2266669273376465,2.2266669273376465,2.119999885559082,2.119999885559082,750,ASUR,462
2011-10-10,2.206666946411133,2.259999990463257,2.119999885559082,2.180000066757202,5850,ASUR,462
2011-10-11,2.2200000286102295,2.259999990463257,2.2200000286102295,2.259999990463257,2700,ASUR,462
2011-10-12,2.180000066757202,2.186666965484619,2.180000066757202,2.180000066757202,2250,ASUR,462
2011-10-13,2.186666965484619,2.2733330726623535,2.173332929611206,2.180000066757202,2250,ASUR,462
2011-10-14,2.259999990463257,2.259999990463257,2.173332929611206,2.173332929611206,7050,ASUR,462
2011-10-17,2.3333330154418945,2.3333330154418945,2.200000047683716,2.233333110809326,10650,ASUR,462
2011-10-18,2.3333330154418945,2.3333330154418945,2.3333330154418945,2.3333330154418945,0,ASUR,462
2011-10-19,2.1933329105377197,2.2266669273376465,2.1933329105377197,2.2266669273376465,1800,ASUR,462
2011-10-20,2.200000047683716,2.233333110809326,2.1933329105377197,2.233333110809326,2100,ASUR,462
2011-10-21,2.233333110809326,2.233333110809326,2.233333110809326,2.233333110809326,150,ASUR,462
2011-10-24,2.206666946411133,2.206666946411133,2.206666946411133,2.206666946411133,300,ASUR,462
2011-10-25,2.200000047683716,2.2200000286102295,2.200000047683716,2.2200000286102295,1650,ASUR,462
2011-10-26,2.180000066757202,2.180000066757202,2.180000066757202,2.180000066757202,300,ASUR,462
2011-10-27,2.259999990463257,2.3333330154418945,2.233333110809326,2.240000009536743,1050,ASUR,462
2011-10-28,2.326667070388794,2.326667070388794,2.180000066757202,2.326667070388794,3150,ASUR,462
2011-10-31,2.3333330154418945,2.3333330154418945,2.3333330154418945,2.3333330154418945,750,ASUR,462
2011-11-01,2.3333330154418945,2.3333330154418945,2.3333330154418945,2.3333330154418945,0,ASUR,462
2011-11-02,2.233333110809326,2.326667070388794,2.186666965484619,2.3066670894622803,6450,ASUR,462
2011-11-03,2.4066669940948486,2.413332939147949,2.1933329105377197,2.1933329105377197,14100,ASUR,462
2011-11-04,2.386667013168335,2.4200000762939453,2.240000009536743,2.4000000953674316,5100,ASUR,462
2011-11-07,2.386667013168335,2.386667013168335,2.386667013168335,2.386667013168335,750,ASUR,462
2011-11-08,2.559999942779541,2.6333329677581787,2.3399999141693115,2.386667013168335,20250,ASUR,462
2011-11-09,2.5999999046325684,3.0,2.5,2.5733330249786377,29400,ASUR,462
2011-11-10,2.559999942779541,2.619999885559082,2.506666898727417,2.619999885559082,3150,ASUR,462
2011-11-11,2.5199999809265137,2.5466670989990234,2.5199999809265137,2.5466670989990234,2700,ASUR,462
2011-11-14,2.433332920074463,3.0,2.3666670322418213,3.0,12000,ASUR,462
2011-11-15,2.4666669368743896,2.766666889190674,2.4000000953674316,2.5733330249786377,7500,ASUR,462
2011-11-16,2.4866669178009033,2.6333329677581787,2.4800000190734863,2.5999999046325684,1950,ASUR,462
2011-11-17,2.6666669845581055,2.6666669845581055,2.646667003631592,2.646667003631592,1950,ASUR,462
2011-11-18,2.5733330249786377,2.6666669845581055,2.5199999809265137,2.6666669845581055,1950,ASUR,462
2011-11-21,2.640000104904175,2.6533329486846924,2.553333044052124,2.5999999046325684,12900,ASUR,462
2011-11-22,2.640000104904175,2.640000104904175,2.6066670417785645,2.640000104904175,5850,ASUR,462
2011-11-23,2.566667079925537,2.6333329677581787,2.566667079925537,2.6333329677581787,2250,ASUR,462
2011-11-25,2.566667079925537,2.566667079925537,2.566667079925537,2.566667079925537,0,ASUR,462
2011-11-28,2.6333329677581787,2.6333329677581787,2.5199999809265137,2.5999999046325684,13050,ASUR,462
2011-11-29,2.626667022705078,2.6333329677581787,2.566667079925537,2.6333329677581787,12150,ASUR,462
2011-11-30,2.5199999809265137,2.6666669845581055,2.4733328819274902,2.6666669845581055,18750,ASUR,462
2011-12-01,2.6600000858306885,2.6666669845581055,2.5266671180725098,2.5266671180725098,5250,ASUR,462
2011-12-02,2.6066670417785645,2.6066670417785645,2.553333044052124,2.6066670417785645,4650,ASUR,462
2011-12-05,2.740000009536743,2.766666889190674,2.6533329486846924,2.6533329486846924,9000,ASUR,462
2011-12-06,2.859999895095825,2.859999895095825,2.586667060852051,2.586667060852051,13650,ASUR,462
2011-12-07,2.799999952316284,2.9733328819274902,2.766666889190674,2.8466670513153076,6150,ASUR,462
2011-12-08,2.8933329582214355,3.059999942779541,2.799999952316284,2.9200000762939453,16650,ASUR,462
2011-12-09,3.0133330821990967,3.1333329677581787,2.9733328819274902,3.053333044052124,9300,ASUR,462
2011-12-12,3.1666669845581055,3.1666669845581055,3.066667079925537,3.1666669845581055,25800,ASUR,462
2011-12-13,3.3333330154418945,3.813333034515381,3.1666669845581055,3.25333309173584,90600,ASUR,462
2011-12-14,3.700000047683716,3.766666889190674,3.1666669845581055,3.413332939147949,76350,ASUR,462
2011-12-15,4.079999923706055,4.266666889190674,3.766666889190674,3.766666889190674,87600,ASUR,462
2011-12-16,4.1666669845581055,4.173333168029785,3.940000057220459,4.133333206176758,38550,ASUR,462
2011-12-19,4.099999904632568,4.293333053588867,3.8933329582214355,4.159999847412109,24750,ASUR,462
2011-12-20,4.2733330726623535,4.300000190734863,4.126667022705078,4.21999979019165,35250,ASUR,462
2011-12-21,4.173333168029785,4.3333330154418945,4.173333168029785,4.306666851043701,14850,ASUR,462
2011-12-22,4.133333206176758,4.146667003631592,3.853332996368408,4.133333206176758,44100,ASUR,462
2011-12-23,4.133333206176758,4.239999771118164,4.039999961853027,4.086667060852051,7500,ASUR,462
2011-12-27,4.6066670417785645,4.619999885559082,4.199999809265137,4.2266669273376465,60000,ASUR,462
2011-12-28,4.400000095367432,4.539999961853027,4.25333309173584,4.539999961853027,22500,ASUR,462
