Price,Close,High,Low,Open,Volume,Symbol,StockID
Ticker,MUFG,MUFG,MUFG,MUFG,MUFG,,
Date,,,,,,,
2001-04-02,9.026865005493164,9.160032996049216,8.960281463781499,9.160032996049216,70300,MUFG,3737
2001-04-03,9.492953300476074,9.492953300476074,9.083938876601291,9.083938876601291,311800,MUFG,3737
2001-04-04,9.740262985229492,9.835383105923796,9.635631578171918,9.635631578171918,336200,MUFG,3737
2001-04-05,9.673681259155273,9.759289202407901,9.426369624677209,9.70221693786186,230000,MUFG,3737
2001-04-06,9.550024032592773,9.597584094840427,9.369296884610975,9.597584094840427,188700,MUFG,3737
2001-04-09,9.359785079956055,9.416856431320328,9.283689340048507,9.416856431320328,157000,MUFG,3737
2001-04-10,9.473928451538086,9.511976320534915,9.274176912521542,9.331249169583163,158700,MUFG,3737
2001-04-11,9.293201446533203,9.464416406141439,9.236129188575282,9.464416406141439,138700,MUFG,3737
2001-04-12,9.483441352844238,9.51197702993686,9.369297737340935,9.369297737340935,101400,MUFG,3737
2001-04-16,9.407343864440918,9.416855150285901,9.274175884152006,9.416855150285901,79700,MUFG,3737
2001-04-17,9.397832870483398,9.445392934306852,9.340760612468701,9.340760612468701,56100,MUFG,3737
2001-04-18,9.749775886535645,9.749775886535645,9.369297190401994,9.369297190401994,295400,MUFG,3737
2001-04-19,9.654655456542969,9.740263387274911,9.511976176744891,9.70221551885324,122900,MUFG,3737
2001-04-20,9.531002044677734,9.6546569559021,9.34076176589251,9.6546569559021,137100,MUFG,3737
2001-04-23,9.473928451538086,9.521488514567311,9.388320519512032,9.46441625750569,98300,MUFG,3737
2001-04-24,9.435880661010742,9.51197639963722,9.340760534161268,9.473928530323981,213000,MUFG,3737
2001-04-25,9.730751991271973,9.730751991271973,9.51197695669181,9.51197695669181,298200,MUFG,3737
2001-04-26,9.492953300476074,9.711729259084668,9.473929816802608,9.711729259084668,346500,MUFG,3737
2001-04-27,9.844895362854004,9.901966709932157,9.540511518950595,9.540511518950595,327600,MUFG,3737
2001-04-30,9.797335624694824,9.959039291960162,9.797335624694824,9.844895686913937,218400,MUFG,3737
2001-05-01,10.358541488647461,10.40610063971856,9.987574123217344,9.987574123217344,596600,MUFG,3737
2001-05-02,10.52975845336914,10.52975845336914,10.368054768655716,10.415614836006634,338400,MUFG,3737
2001-05-03,10.605854034423828,10.615366229173622,10.463174741708208,10.529758290691122,278700,MUFG,3737
2001-05-04,10.700973510742188,10.700973510742188,10.368053971999325,10.463174099392361,233600,MUFG,3737
2001-05-07,10.691460609436035,10.719997190046175,10.634389262481161,10.653412742421885,310900,MUFG,3737
2001-05-08,10.339517593383789,10.46317338773108,10.18732612561257,10.46317338773108,309900,MUFG,3737
2001-05-09,10.120744705200195,10.177816064002574,10.063672439264923,10.073184634776284,226000,MUFG,3737
2001-05-10,9.85440731048584,9.959039632370878,9.81635944083658,9.959039632370878,311000,MUFG,3737
2001-05-11,9.892454147338867,9.901966340541277,9.711727012156429,9.778310550307957,785900,MUFG,3737
2001-05-14,9.721240043640137,9.768800106620713,9.702215655594806,9.768800106620713,417500,MUFG,3737
2001-05-15,9.749775886535645,9.78782375614901,9.71172801692228,9.749775886535645,176500,MUFG,3737
2001-05-16,9.75928783416748,9.816359183579317,9.664167708970762,9.711727771569121,206400,MUFG,3737
2001-05-17,9.75928783416748,9.854407052231457,9.7022155776229,9.75928783416748,183900,MUFG,3737
2001-05-18,9.702215194702148,9.77831092900313,9.607095980392277,9.702215194702148,259300,MUFG,3737
2001-05-21,9.673681259155273,9.692704742582041,9.48344188922325,9.531001958489474,198600,MUFG,3737
2001-05-22,9.654655456542969,9.654655456542969,9.559536239055163,9.569048432943765,300100,MUFG,3737
2001-05-23,9.588071823120117,9.588071823120117,9.426368157070588,9.464416025133257,314100,MUFG,3737
2001-05-24,9.721240043640137,9.81635926246854,9.588072048721074,9.65465559261423,332600,MUFG,3737
2001-05-25,9.445392608642578,9.540511825877138,9.407344740322207,9.540511825877138,357000,MUFG,3737
2001-05-29,9.160032272338867,9.369295981784218,9.083936542928312,9.369295981784218,313600,MUFG,3737
2001-05-30,8.770040512084961,8.950767623688144,8.693944790659142,8.950767623688144,376200,MUFG,3737
2001-05-31,8.94125747680664,9.131497731016248,8.85565045097163,8.865161737975901,312700,MUFG,3737
2001-06-01,8.998330116271973,9.026865792761004,8.751018501012899,8.94125785616111,261500,MUFG,3737
2001-06-04,8.770040512084961,8.770040512084961,8.655896929946232,8.731992651372051,317200,MUFG,3737
2001-06-05,8.94125747680664,8.998329734496075,8.77955380500813,8.817602581556262,443600,MUFG,3737
2001-06-06,8.884185791015625,8.903209271439101,8.81760224883437,8.874673597237525,611700,MUFG,3737
2001-06-07,8.712967872619629,8.741503540078073,8.617848678713974,8.741503540078073,549200,MUFG,3737
2001-06-08,8.617852210998535,8.703459248462476,8.570292140985535,8.674923569307829,767000,MUFG,3737
2001-06-11,8.598827362060547,8.608339556982987,8.532243811869138,8.560779489503622,483500,MUFG,3737
2001-06-12,8.189811706542969,8.189811706542969,8.123228159157897,8.180300419154243,990500,MUFG,3737
2001-06-13,8.284931182861328,8.342003438348128,8.218347640737335,8.265906795321486,406700,MUFG,3737
2001-06-14,7.971036434173584,8.066155655112508,7.93298856437146,8.066155655112508,567000,MUFG,3737
2001-06-15,7.91396427154541,7.961524336156028,7.904452984329512,7.961524336156028,583700,MUFG,3737
2001-06-18,7.932987689971924,7.942499883157184,7.8188440931468275,7.894939824363559,226800,MUFG,3737
2001-06-19,7.704700469970703,7.932987662840126,7.609580352708776,7.932987662840126,522000,MUFG,3737
2001-06-20,7.8473801612854,7.923475896339369,7.723724365039523,7.723724365039523,620500,MUFG,3737
2001-06-21,8.494194984436035,8.60833858927534,8.313466929757585,8.322979123610711,415900,MUFG,3737
2001-06-22,8.199323654174805,8.275419393790083,8.123227914559527,8.227859329747341,128300,MUFG,3737
2001-06-25,8.04713249206543,8.123228234679488,8.0090846207584,8.123228234679488,151700,MUFG,3737
2001-06-26,7.942500591278076,7.980548460278634,7.818844790243074,7.942500591278076,444500,MUFG,3737
2001-06-27,8.20883560180664,8.265906951237223,8.009084064534118,8.009084064534118,372800,MUFG,3737
2001-06-28,7.961524486541748,8.037620228503002,7.885428744580495,7.990060162994019,190000,MUFG,3737
2001-06-29,8.04713249206543,8.06615597415254,7.952012360231454,7.952012360231454,207600,MUFG,3737
2001-07-02,7.99957275390625,8.02810843177248,7.932989203174095,7.98054927103971,235600,MUFG,3737
2001-07-03,8.04713249206543,8.094692557982416,7.913964488924425,7.932988878144343,349800,MUFG,3737
2001-07-05,7.809333324432373,7.904453459370124,7.799821129512031,7.904453459370124,279700,MUFG,3737
2001-07-06,7.581045150756836,7.685677020357164,7.419341929549914,7.685677020357164,306200,MUFG,3737
2001-07-09,7.723724842071533,7.780797100453259,7.609581232440853,7.609581232440853,224700,MUFG,3737
2001-07-10,7.780797004699707,7.990059832880964,7.7617726164289955,7.799820485837657,166600,MUFG,3737
2001-07-11,7.714211940765381,7.84737992669525,7.628604921738346,7.628604921738346,150700,MUFG,3737
2001-07-12,8.123228073120117,8.180300332511978,7.923476525947787,7.923476525947787,144300,MUFG,3737
2001-07-13,7.932987689971924,7.990059034818137,7.847379765569934,7.942499883157184,277900,MUFG,3737
2001-07-16,7.818844795227051,7.875916145197891,7.752260344084068,7.875916145197891,127600,MUFG,3737
2001-07-17,7.742748737335205,7.790307891302051,7.647628615136082,7.790307891302051,190000,MUFG,3737
2001-07-18,7.542996883392334,7.552509077203403,7.457389406924542,7.523972949336562,200800,MUFG,3737
2001-07-19,7.600069522857666,7.647629590019961,7.46690196979622,7.476414164655245,287900,MUFG,3737
2001-07-20,7.562021255493164,7.628605708894951,7.533485579539703,7.562021255493164,166500,MUFG,3737
2001-07-23,6.905694961547852,7.029350307842737,6.905694961547852,6.991302439203331,430200,MUFG,3737
2001-07-24,7.0673980712890625,7.133982067200155,6.953254467069788,6.953254467069788,200600,MUFG,3737
2001-07-25,7.26715087890625,7.33373488648511,7.133983317314975,7.133983317314975,190200,MUFG,3737
2001-07-26,7.59055757522583,7.657141576729763,7.295686346107961,7.295686346107961,320400,MUFG,3737
2001-07-27,7.495437145233154,7.657140808690082,7.324221288129886,7.590556813864771,196900,MUFG,3737
2001-07-30,7.26715087890625,7.305198753646614,7.10544718447648,7.26715087890625,91700,MUFG,3737
2001-07-31,7.657141208648682,7.752260428682343,7.514461471465428,7.514461471465428,113400,MUFG,3737
2001-08-01,7.638116836547852,7.89494063616176,7.609581161190561,7.609581161190561,206100,MUFG,3737
2001-08-02,7.657141208648682,7.942500683015189,7.657141208648682,7.752260428682343,149600,MUFG,3737
2001-08-03,7.704700469970703,7.8949397973618884,7.628604739014229,7.7522596214689985,143700,MUFG,3737
2001-08-06,7.609580993652344,7.704701118926096,7.542996996673992,7.628605381560192,262600,MUFG,3737
2001-08-07,7.50494909286499,7.542996961369863,7.41934161551221,7.466901224360117,126600,MUFG,3737
2001-08-08,7.324221134185791,7.476413054363891,7.324221134185791,7.419341254384483,216400,MUFG,3737
2001-08-09,7.371781826019287,7.419341890194353,7.2291020870604745,7.32422176184422,222800,MUFG,3737
2001-08-10,7.1149582862854,7.219590152521378,7.057886482947514,7.219590152521378,171300,MUFG,3737
2001-08-13,7.219590187072754,7.371781663368805,7.133982254873037,7.371781663368805,211100,MUFG,3737
2001-08-14,7.799821853637695,7.894941997406281,7.609582473233443,7.695190421198586,201800,MUFG,3737
2001-08-15,7.619093894958496,7.704701834226115,7.571533827906171,7.65714176717379,152900,MUFG,3737
2001-08-16,7.600069522857666,7.609581717716691,7.400318420048705,7.400318420048705,292100,MUFG,3737
2001-08-17,7.324221134185791,7.5049487275704205,7.229101467553446,7.390805127611606,99300,MUFG,3737
2001-08-20,7.381294250488281,7.504949604780514,7.352758120379981,7.438366057138482,170400,MUFG,3737
2001-08-21,7.809333324432373,8.009084882095383,7.714213189494622,7.723725384414964,211900,MUFG,3737
2001-08-22,7.971036434173584,8.056644368011556,7.799820566497639,7.799820566497639,211300,MUFG,3737
2001-08-23,7.885427951812744,7.980548073267734,7.8568922782293305,7.894940145384785,222700,MUFG,3737
2001-08-24,7.942500591278076,7.952011878178651,7.79982040217642,7.856892659243632,312200,MUFG,3737
2001-08-27,8.284931182861328,8.389562592932279,8.08517964935662,8.08517964935662,227200,MUFG,3737
2001-08-28,8.237373352050781,8.332493501245681,8.199325473799417,8.313469108553512,229700,MUFG,3737
2001-08-29,7.961524486541748,8.085180294011986,7.904453133637207,8.075668099483629,166300,MUFG,3737
2001-08-30,7.799821853637695,7.942502069290574,7.752261781753402,7.904454193209724,210400,MUFG,3737
2001-08-31,8.066155433654785,8.142252078302558,7.894940477812349,7.894940477812349,112500,MUFG,3737
2001-09-04,8.332490921020508,8.494194580299167,8.227858607879792,8.275418667749873,175300,MUFG,3737
2001-09-05,8.199323654174805,8.370539521875566,8.09469223898699,8.237371523982445,204900,MUFG,3737
2001-09-06,8.199323654174805,8.332491652067928,8.199323654174805,8.227859329747341,286100,MUFG,3737
2001-09-07,8.541753768920898,8.608338215871813,8.389562302403428,8.389562302403428,337200,MUFG,3737
2001-09-10,8.237373352050781,8.322981304899596,8.066157446353152,8.085181839045323,281200,MUFG,3737
2001-09-17,8.113714218139648,8.49419375290628,7.37178044068699,7.37178044068699,238000,MUFG,3737
2001-09-18,8.29444408416748,8.494195634711481,8.132740404816014,8.161276081427213,124000,MUFG,3737
2001-09-19,8.370539665222168,8.703458304957094,7.942500895772813,8.46565888780381,340500,MUFG,3737
2001-09-20,8.712967872619629,9.03637512759038,8.560776436664572,8.560776436664572,443200,MUFG,3737
2001-09-21,8.370539665222168,8.560779017518238,8.180300312926098,8.370539665222168,305300,MUFG,3737
2001-09-24,8.874672889709473,8.988816484548474,8.751017101850723,8.893697275748966,338800,MUFG,3737
2001-09-25,8.199323654174805,8.322979457832824,8.05664436917935,8.322979457832824,400300,MUFG,3737
2001-09-26,7.733237266540527,7.8283564904980505,7.5905575234714435,7.70470159006655,393200,MUFG,3737
2001-09-27,7.562021255493164,7.704701449526036,7.276662228126594,7.371781903915451,284000,MUFG,3737
2001-09-28,7.371781826019287,7.5620211755867786,7.371781826019287,7.5620211755867786,377200,MUFG,3737
2001-10-01,7.666652679443359,7.685676158802122,7.523972502155596,7.571532561251517,131900,MUFG,3737
2001-10-02,7.932987689971924,7.942499883157184,7.723723975559578,7.752259647982685,162500,MUFG,3737
2001-10-03,7.875916004180908,7.894940391919062,7.514461254916992,7.562020863563271,286300,MUFG,3737
2001-10-04,7.723724842071533,7.923476385708416,7.704701360699472,7.780797100453259,247100,MUFG,3737
2001-10-05,7.514461040496826,7.62860509583688,7.419341372352077,7.419341372352077,181000,MUFG,3737
2001-10-08,7.4383649826049805,7.571532512218293,7.4383649826049805,7.52397245343037,122800,MUFG,3737
2001-10-09,7.276662826538086,7.419342578738132,7.143495269482376,7.276662826538086,178900,MUFG,3737
2001-10-10,6.915207386016846,6.962767453304207,6.810575510124502,6.8486233825278235,465900,MUFG,3737
2001-10-11,7.086422920227051,7.191054797719864,6.991303237763777,7.05788724227128,291200,MUFG,3737
2001-10-12,7.362269401550293,7.362269401550293,7.1339821892075115,7.1815422518954435,174800,MUFG,3737
2001-10-15,7.324221134185791,7.409829060938075,7.2861732675328525,7.362269000838729,121000,MUFG,3737
2001-10-16,7.248126029968262,7.305197834901115,7.095934550147318,7.1910542250354075,186400,MUFG,3737
2001-10-17,7.352757930755615,7.504949411231197,7.229102126086009,7.371781865815063,136600,MUFG,3737
2001-10-18,7.419342041015625,7.466901652591101,7.257638363812932,7.257638363812932,150300,MUFG,3737
2001-10-19,7.495437145233154,7.514461078959478,7.3337334817762265,7.343245221856209,189500,MUFG,3737
2001-10-22,7.3147101402282715,7.324221881078299,7.086422463464505,7.181542593363138,167100,MUFG,3737
2001-10-23,7.409829616546631,7.409829616546631,7.210078074857635,7.371781747040764,187800,MUFG,3737
2001-10-24,7.485925674438477,7.542997481128382,7.3908059966219675,7.3908059966219675,160000,MUFG,3737
2001-10-25,7.485925674438477,7.609581482383139,7.333734189932063,7.419342126750121,140300,MUFG,3737
2001-10-26,7.609580993652344,7.65714105628922,7.371781587600708,7.562020931015468,114800,MUFG,3737
2001-10-29,7.219590187072754,7.609581071864572,7.210077993021062,7.600068877812881,159300,MUFG,3737
2001-10-30,7.038862228393555,7.200565890613583,7.010326101239168,7.038862228393555,164100,MUFG,3737
2001-10-31,7.1244707107543945,7.257638718228127,7.038863224311473,7.1339829056738395,199300,MUFG,3737
2001-11-01,7.20056676864624,7.4193422582860356,6.962767343105873,7.086422699676393,149600,MUFG,3737
2001-11-02,7.076910495758057,7.229101973011011,6.858135020423746,7.019838691788199,162900,MUFG,3737
2001-11-05,6.962766647338867,7.067398057553332,6.896182651557182,7.067398057553332,216300,MUFG,3737
2001-11-06,6.782039642333984,7.038863000634396,6.75350351204887,6.934231127677516,255100,MUFG,3737
2001-11-07,6.515703201293945,6.620335059988987,6.277903811074704,6.430095729240131,308400,MUFG,3737
2001-11-08,6.801063537597656,7.105446506476419,6.782039602042734,6.848623149701763,237700,MUFG,3737
2001-11-09,6.620336055755615,6.753503607309584,6.534728117259145,6.7059439942520855,293200,MUFG,3737
2001-11-12,6.705943584442139,6.715455325045799,6.515703783138747,6.515703783138747,209900,MUFG,3737
2001-11-13,6.591799736022949,6.6393598012828905,6.401560382115977,6.563264059720102,357800,MUFG,3737
2001-11-14,6.47765588760376,6.658383494012052,6.47765588760376,6.639359559314673,318900,MUFG,3737
2001-11-15,6.468144416809082,6.582288029754014,6.325464673844717,6.468144416809082,442400,MUFG,3737
2001-11-16,6.58228874206543,6.658384492263524,6.477656858759826,6.515704733858874,386600,MUFG,3737
2001-11-19,6.705943584442139,6.877158997405448,6.667895714894737,6.7344792598195,270100,MUFG,3737
2001-11-20,6.620336055755615,6.734479671373303,6.515704181322863,6.667896122379523,364400,MUFG,3737
2001-11-21,6.839110851287842,6.953254455314138,6.820086917283459,6.867646525511233,590000,MUFG,3737
2001-11-23,7.048374652862549,7.133982589072668,6.791551297798589,6.848623104083202,197000,MUFG,3737
2001-11-26,7.038862228393555,7.219589824194389,6.924718626908718,7.0198382948127485,400800,MUFG,3737
2001-11-27,6.801063537597656,6.972278957591961,6.705943859823043,6.89618321537227,322700,MUFG,3737
2001-11-28,6.658382892608643,6.696430758566813,6.5632632277132155,6.610822833377759,914100,MUFG,3737
2001-11-29,6.544239044189453,6.705942695104062,6.3825353932748445,6.648870444785464,865700,MUFG,3737
2001-11-30,6.610824108123779,6.896183611401445,6.382536868354789,6.563264493288453,985600,MUFG,3737
2001-12-03,6.468144416809082,6.591799770716225,6.373024285788572,6.468144416809082,792000,MUFG,3737
2001-12-04,6.334975719451904,6.639359107460986,6.325463979533744,6.325463979533744,672600,MUFG,3737
2001-12-05,6.4871673583984375,6.563263088703069,6.2969275790705295,6.334975444222845,2010300,MUFG,3737
2001-12-06,6.277904987335205,6.515704422109769,6.277904987335205,6.354000733892438,658000,MUFG,3737
2001-12-07,5.992545127868652,6.125712666346561,5.8118175274368795,6.0876647982100165,1073900,MUFG,3737
2001-12-10,5.707185745239258,5.897425088654018,5.659625682602382,5.887913348266466,2143500,MUFG,3737
2001-12-11,5.7547454833984375,5.935472622669088,5.707185423443205,5.802305089787323,483700,MUFG,3737
2001-12-12,6.05912971496582,6.192297729969303,6.002057902921375,6.087665847771265,847900,MUFG,3737
2001-12-13,5.878401279449463,5.992545341494541,5.8023055404636645,5.897425214195912,372400,MUFG,3737
2001-12-14,5.897424697875977,5.9830326235232105,5.754745426552376,5.8213289655523655,386000,MUFG,3737
2001-12-17,5.868889808654785,6.011569552595395,5.7737701305498454,5.802305807198127,290700,MUFG,3737
2001-12-18,5.8308424949646,5.840354236901415,5.66913879994071,5.792794620084442,632500,MUFG,3737
2001-12-19,5.964008808135986,6.087664602385248,5.897424814255688,5.906937007767024,375100,MUFG,3737
2001-12-20,6.049617290496826,6.230344901695967,5.992545484891791,6.1542487073228616,337300,MUFG,3737
2001-12-21,5.964008808135986,6.135224209242874,5.802305146974083,5.954497068191001,317600,MUFG,3737
2001-12-24,5.802305221557617,5.992545012132543,5.7547456140886535,5.964008884798079,216900,MUFG,3737
2001-12-26,6.049617290496826,6.1542487073228616,5.973521549690113,5.992545484891791,293900,MUFG,3737
2001-12-27,5.811817646026611,6.192296788722081,5.811817646026611,5.906937318308885,287600,MUFG,3737
2001-12-28,6.087665557861328,6.182785240072232,6.002057617088304,6.087665557861328,389000,MUFG,3737
2001-12-31,6.1542487144470215,6.325464585026719,6.087665167947266,6.087665167947266,261300,MUFG,3737
2002-01-02,6.192296504974365,6.344487973652179,6.154248184238558,6.154248184238558,145000,MUFG,3737
2002-01-03,6.43009614944458,6.43009614944458,6.230344612321419,6.230344612321419,212600,MUFG,3737
2002-01-04,6.5252156257629395,6.563263493260513,6.325464094617497,6.334975834708712,242100,MUFG,3737
2002-01-07,6.58228874206543,6.715456304912095,6.5632648045159065,6.572776546507444,322600,MUFG,3737
2002-01-08,6.296928405761719,6.325464535155481,6.249368794860633,6.306440600081769,292200,MUFG,3737
2002-01-09,6.049617290496826,6.230344901695967,6.040105096112791,6.182784836908575,328800,MUFG,3737
2002-01-10,5.964008808135986,6.030592802016285,5.859376947343046,5.983032741592307,173500,MUFG,3737
2002-01-11,5.811817646026611,5.9354729932103805,5.754745842657248,5.754745842657248,210100,MUFG,3737
2002-01-14,5.735722541809082,5.897425775768638,5.735722541809082,5.764258219862828,141700,MUFG,3737
2002-01-15,5.802305221557617,6.0305928795342565,5.802305221557617,5.830841348892081,146800,MUFG,3737
2002-01-16,6.087665557861328,6.182785240072232,5.878401803430918,5.9735219392082435,238300,MUFG,3737
2002-01-17,6.192296504974365,6.258880045737732,6.0591285163149236,6.087664643475191,294800,MUFG,3737
2002-01-18,6.173272609710693,6.26839273877987,6.040105064006792,6.182784804044167,357500,MUFG,3737
2002-01-22,5.811817646026611,5.983033056134705,5.783281517558742,5.89742512429747,206500,MUFG,3737
2002-01-23,5.811817646026611,5.849865514939521,5.669137910820013,5.783281517558742,598500,MUFG,3737
2002-01-24,5.726210117340088,5.811818055204502,5.726210117340088,5.726210117340088,133900,MUFG,3737
2002-01-25,5.5645060539245605,5.688161854883553,5.516946444486285,5.612066116929212,290600,MUFG,3737
2002-01-28,5.7547454833984375,5.792793349936084,5.564505697143856,5.612065757099088,520700,MUFG,3737
2002-01-29,5.545482158660889,5.688161895117685,5.516946483509357,5.659625766399775,316200,MUFG,3737
2002-01-30,5.440850257873535,5.516946449462895,5.383778454356296,5.478898580451403,423100,MUFG,3737
2002-01-31,5.440850257873535,5.554994318474388,5.374266713886612,5.4693863864153425,163800,MUFG,3737
2002-02-01,5.412315368652344,5.440851047770555,5.241099933243752,5.279147807778995,204200,MUFG,3737
2002-02-04,5.231586933135986,5.317194864455814,5.0698832644502545,5.279146995772862,198300,MUFG,3737
2002-02-05,4.965251445770264,5.2315869826373715,4.927203576727302,5.2315869826373715,253000,MUFG,3737
2002-02-06,4.90817928314209,5.022323335487006,4.89866754336038,4.90817928314209,145700,MUFG,3737
2002-02-07,5.5645060539245605,5.669137920394968,5.545482119435976,5.612066116929212,234900,MUFG,3737
2002-02-08,5.773769855499268,5.802305530788167,5.516946510067268,5.516946510067268,170100,MUFG,3737
2002-02-11,5.821329593658447,5.849865723141946,5.707185982857236,5.802305658524912,279900,MUFG,3737
2002-02-12,5.897424697875977,5.9925448168468325,5.773769359633279,5.8023050324714625,273300,MUFG,3737
2002-02-13,5.983033180236816,6.040104984789983,5.811817766577315,5.811817766577315,139700,MUFG,3737
2002-02-14,5.849865436553955,5.964009041763211,5.754745765546242,5.802305374266914,156200,MUFG,3737
2002-02-15,5.916448593139648,6.011568711502508,5.811817188646645,5.811817188646645,124700,MUFG,3737
2002-02-19,5.488410472869873,5.61206627736387,5.4503626028050105,5.516946602201714,400000,MUFG,3737
2002-02-20,5.554995059967041,5.554995059967041,5.431339242390659,5.431339242390659,154000,MUFG,3737
2002-02-21,5.535970211029053,5.650113814497768,5.4693862155557875,5.564505885113051,240200,MUFG,3737
2002-02-22,5.583529949188232,5.6976735553178735,5.469386343058591,5.469386343058591,220800,MUFG,3737
2002-02-25,5.659626007080078,5.745233943307981,5.564506329919297,5.564506329919297,170500,MUFG,3737
2002-02-26,5.516947269439697,5.602554760656099,5.469387199323352,5.593043018772696,187800,MUFG,3737
2002-02-27,5.802305221557617,5.8974248900619015,5.659625492018013,5.707185553053334,256100,MUFG,3737
2002-02-28,5.811817646026611,5.859377255384561,5.7166979737443375,5.7166979737443375,197900,MUFG,3737
2002-03-01,6.05912971496582,6.0781536523139685,5.830842466788039,5.830842466788039,116400,MUFG,3737
2002-03-04,6.420584201812744,6.439608136860645,6.277904462170294,6.30644059152534,130500,MUFG,3737
2002-03-05,6.41107177734375,6.648871183688542,6.334976039884036,6.468144034004908,310300,MUFG,3737
2002-03-06,6.667895793914795,6.696431469630327,6.373024121078385,6.373024121078385,352900,MUFG,3737
2002-03-07,6.7344794273376465,6.84862303881914,6.705943751250469,6.763015556991217,225100,MUFG,3737
2002-03-08,6.610824108123779,6.743992118222117,6.4871687466987895,6.582288429935869,140400,MUFG,3737
2002-03-11,6.905694961547852,7.038862501785775,6.810574836382965,7.029350307842737,150800,MUFG,3737
2002-03-12,6.801063537597656,6.801063537597656,6.582288051932846,6.6774077297074586,275000,MUFG,3737
2002-03-13,6.363512992858887,6.468144872208369,6.277905050339634,6.468144872208369,193100,MUFG,3737
2002-03-14,6.3920488357543945,6.563264725197372,6.382537093877808,6.468145038599297,238700,MUFG,3737
2002-03-15,6.382535934448242,6.468143863618489,6.325464132856865,6.325464132856865,170400,MUFG,3737
2002-03-18,6.230344772338867,6.373024056605891,6.182784708538938,6.192296902725477,104800,MUFG,3737
2002-03-19,6.401560306549072,6.430096436081464,6.211320954887771,6.325464565884552,355200,MUFG,3737
2002-03-20,6.144737243652344,6.163761179712062,6.030593627294035,6.087665435473189,319300,MUFG,3737
2002-03-21,6.192296504974365,6.192296504974365,6.097176383484377,6.154248184238558,637200,MUFG,3737
2002-03-22,5.906938076019287,5.983033823606261,5.8688902022258,5.8688902022258,559400,MUFG,3737
2002-03-25,5.897424697875977,6.040104422765919,5.878400764795074,5.935472564037783,174500,MUFG,3737
2002-03-26,5.884008884429932,5.931924450049564,5.7977615060539724,5.7977615060539724,151000,MUFG,3737
2002-03-27,5.89359188079834,5.931924148563152,5.79776121138631,5.826510183731581,121500,MUFG,3737
2002-03-28,5.89359188079834,6.094836515041942,5.845676317613987,5.845676317613987,128300,MUFG,3737
2002-04-01,5.673181056976318,5.778595020772997,5.663597761650861,5.759428887078753,239400,MUFG,3737
2002-04-02,5.759428977966309,5.845676352473111,5.673181146502827,5.701930119019535,165500,MUFG,3737
2002-04-03,5.749845504760742,5.874425600366825,5.740262209580275,5.749845504760742,160600,MUFG,3737
2002-04-04,5.912758827209473,5.9510911002418885,5.769012574859541,5.769012574859541,298600,MUFG,3737
2002-04-05,6.018172740936279,6.046921716918893,5.9415077387502615,5.9415077387502615,281000,MUFG,3737
2002-04-08,6.056504726409912,6.085253701029527,5.941507457061314,6.018172455612617,115100,MUFG,3737
2002-04-09,6.439827919006348,6.4589940558473256,6.286498824278523,6.296082121177386,306300,MUFG,3737
2002-04-10,6.803984642028809,6.823150777929188,6.593157147124636,6.612323283025016,764400,MUFG,3737
2002-04-11,6.372745990753174,6.51649223025042,6.2289997512559285,6.51649223025042,150400,MUFG,3737
2002-04-12,6.257749557495117,6.3727463732117355,6.1906678531820605,6.3727463732117355,129800,MUFG,3737
2002-04-15,6.228999614715576,6.30566415224516,6.228999614715576,6.27691517914991,167600,MUFG,3737
2002-04-16,6.40149450302124,6.458992903283976,6.267331569074856,6.267331569074856,151500,MUFG,3737
2002-04-17,6.353580474853516,6.430245021531494,6.296082064845032,6.40149558804888,89100,MUFG,3737
2002-04-18,6.420661449432373,6.5164925856278275,6.382329177736881,6.5164925856278275,153500,MUFG,3737
2002-04-19,6.458993911743164,6.5452417540816965,6.3344142535346295,6.382329366089686,122800,MUFG,3737
2002-04-22,6.593156337738037,6.660237576676001,6.468576241200864,6.660237576676001,141100,MUFG,3737
2002-04-23,6.6314897537231445,6.68898816432715,6.497326795647131,6.583574183074766,158800,MUFG,3737
2002-04-24,6.52607536315918,6.7081538804637155,6.516492523804583,6.5739909308023226,213000,MUFG,3737
2002-04-25,6.803984642028809,6.842316913829568,6.631489418925395,6.669821690726153,249500,MUFG,3737
2002-04-26,6.708153247833252,6.71773654324079,6.516491909249258,6.708153247833252,125100,MUFG,3737
2002-04-29,6.62190580368042,6.698570343590868,6.564407398747584,6.612322964669965,72100,MUFG,3737
2002-04-30,6.669821739196777,6.73690344381396,6.516492650879476,6.5260754904209435,288500,MUFG,3737
2002-05-01,6.736903190612793,6.803984435752053,6.62190592174017,6.70815375915546,141800,MUFG,3737
2002-05-02,6.784818172454834,6.803984307412633,6.660238066750786,6.708153632623636,144300,MUFG,3737
2002-05-03,6.756069183349609,6.803984292158333,6.708153617584185,6.756069183349609,291800,MUFG,3737
2002-05-06,6.775235652923584,6.803984628237518,6.708153948929865,6.746486220652926,204400,MUFG,3737
2002-05-07,6.4877424240112305,6.641071493555601,6.468576290318184,6.5164918530291365,141100,MUFG,3737
2002-05-08,6.52607536315918,6.612323202134149,6.439827524184211,6.449410820495527,136800,MUFG,3737
2002-05-09,6.4781599044799805,6.51649217375268,6.382328774341536,6.51649217375268,119700,MUFG,3737
2002-05-10,6.573990345001221,6.621905451417982,6.458993084296303,6.458993084296303,115800,MUFG,3737
2002-05-13,6.4877424240112305,6.65065478888046,6.4877424240112305,6.526074691397323,95900,MUFG,3737
2002-05-14,6.449411392211914,6.468577529576835,6.372746842752234,6.391912980117153,127000,MUFG,3737
2002-05-15,6.564407825469971,6.6027400979170014,6.353580327011299,6.353580327011299,138300,MUFG,3737
2002-05-16,6.736903190612793,6.803984435752053,6.62190592174017,6.660238192378808,209800,MUFG,3737
2002-05-17,6.861483573913574,6.9477314205325555,6.784819024455262,6.784819024455262,686000,MUFG,3737
2002-05-20,6.976480960845947,7.033979373811561,6.823151402647545,6.957314823190743,578000,MUFG,3737
2002-05-21,6.851900100708008,6.880649075620568,6.79440169392617,6.79440169392617,174700,MUFG,3737
2002-05-22,7.292722702026367,7.369387255184804,7.101060862173495,7.129810298086299,826700,MUFG,3737
2002-05-23,7.388551712036133,7.455633409262141,7.2831377469543135,7.426883979891945,180300,MUFG,3737
2002-05-24,7.350220203399658,7.47480031527752,7.283138499244643,7.47480031527752,108200,MUFG,3737
2002-05-28,7.378969192504883,7.474800329177894,7.235223401408817,7.4173014643913975,169200,MUFG,3737
2002-05-29,7.714376926422119,7.791041466910432,7.474800008917788,7.580213523610865,401000,MUFG,3737
2002-05-30,7.714376926422119,7.819790441115196,7.6664613601385705,7.800624762949824,280800,MUFG,3737
2002-05-31,7.551464557647705,7.608962963076693,7.455633881932726,7.522715126454858,338500,MUFG,3737
2002-06-03,7.800625324249268,8.06895123526594,7.771875434062372,7.858123276796102,294600,MUFG,3737
2002-06-04,7.858122825622559,8.001869526563393,7.771874987840743,7.81020725864228,610300,MUFG,3737
2002-06-05,7.733541965484619,7.915620919532346,7.45563325765932,7.618545164255529,197900,MUFG,3737
2002-06-06,7.446050643920898,7.570630751799761,7.378968941919193,7.570630751799761,287700,MUFG,3737
2002-06-07,7.474800109863281,7.474800109863281,7.263972163716531,7.350220001408993,271700,MUFG,3737
2002-06-10,7.283139228820801,7.56104845579867,7.2448069531657,7.522716180143569,534500,MUFG,3737
2002-06-11,7.331053256988525,7.436467221304458,7.331053256988525,7.398134496770476,206500,MUFG,3737
2002-06-12,7.302303791046143,7.398134459506721,7.235222551602074,7.398134459506721,765300,MUFG,3737
2002-06-13,7.101059913635254,7.244806160084521,7.043561506446891,7.206473888625612,197700,MUFG,3737
2002-06-14,6.938147068023682,7.043561035972925,6.756069019234112,6.899814799125173,315600,MUFG,3737
2002-06-17,6.813567638397217,6.861482747559688,6.7273198021653835,6.7273198021653835,139700,MUFG,3737
2002-06-18,6.6889872550964355,6.7944012220199514,6.669821120833676,6.7560689534944345,129500,MUFG,3737
2002-06-19,6.593156337738037,6.71773643427521,6.468576241200864,6.593156337738037,224900,MUFG,3737
2002-06-20,6.612322807312012,6.7273196144410266,6.59315667279051,6.717736775658621,172600,MUFG,3737
2002-06-21,6.4685773849487305,6.53565909270448,6.391912837203159,6.4685773849487305,181900,MUFG,3737
2002-06-24,6.391911506652832,6.487742171386535,6.238582443078907,6.468576038439794,260400,MUFG,3737
2002-06-25,6.267331600189209,6.439826801833774,6.2385826283934485,6.34399613425346,267200,MUFG,3737
2002-06-26,6.152334690093994,6.200249794556921,5.9415067681958025,6.181083661380418,362600,MUFG,3737
2002-06-27,6.324830055236816,6.324830055236816,6.056504183699843,6.056504183699843,337800,MUFG,3737
2002-06-28,6.5164923667907715,6.660238152343231,6.085253639263271,6.43024452989393,116900,MUFG,3737
2002-07-01,6.411078453063965,6.506909129957064,6.3727461823067255,6.468576859199825,271100,MUFG,3737
2002-07-02,6.411078453063965,6.516492426124731,6.38232902151768,6.47816015536749,253900,MUFG,3737
2002-07-03,6.813567638397217,6.899815017672346,6.717736963115571,6.717736963115571,326000,MUFG,3737
2002-07-05,7.283139228820801,7.302305366648352,7.043562277498033,7.043562277498033,228000,MUFG,3737
2002-07-08,7.1298089027404785,7.206473440895211,7.014812095508381,7.014812095508381,112300,MUFG,3737
2002-07-09,7.187307834625244,7.3214707862570325,7.168141698677846,7.187307834625244,124300,MUFG,3737
2002-07-10,7.158557891845703,7.321470264261871,7.101059488102943,7.235222887126077,174100,MUFG,3737
2002-07-11,7.235222816467285,7.283137923973302,7.0723104456421115,7.1298088488233455,276700,MUFG,3737
2002-07-12,7.235222816467285,7.3118873540422635,7.206473386398324,7.2543889508610295,148300,MUFG,3737
2002-07-15,6.986063003540039,7.091476977086084,6.880649029993994,7.091476977086084,227600,MUFG,3737
2002-07-16,6.794401168823242,6.890231839386731,6.746485605063157,6.746485605063157,218400,MUFG,3737
2002-07-17,6.756069183349609,6.861482696902821,6.650655212839696,6.650655212839696,200100,MUFG,3737
2002-07-18,6.803984642028809,6.851900210258119,6.727320098427292,6.727320098427292,207700,MUFG,3737
2002-07-19,6.756069183349609,6.851899857923757,6.612322943010036,6.708153617584185,233900,MUFG,3737
2002-07-22,6.899814605712891,7.053144133965555,6.851899499411234,6.938146873536887,474900,MUFG,3737
2002-07-23,7.091477394104004,7.206474213667564,7.05314512091615,7.187308077073637,616200,MUFG,3737
2002-07-24,7.12022590637207,7.139392041716619,6.851900011548392,6.909398417582037,502100,MUFG,3737
2002-07-25,6.803984642028809,7.0339787297900855,6.708153962526912,6.995646457989327,219500,MUFG,3737
2002-07-26,6.6027398109436035,6.775235486414836,6.43982743164598,6.708153784069721,228200,MUFG,3737
2002-07-29,6.52607536315918,6.602739905822833,6.296081735168221,6.343996845854645,139300,MUFG,3737
2002-07-30,6.660238265991211,6.660238265991211,6.420661343373445,6.468576910679684,152200,MUFG,3737
2002-07-31,6.4685773849487305,6.5548252296408736,6.257749878648409,6.257749878648409,93700,MUFG,3737
2002-08-01,6.238582611083984,6.535657908237031,6.2289993158742085,6.2289993158742085,90500,MUFG,3737
2002-08-02,6.4685773849487305,6.4685773849487305,6.276916015584801,6.324831129447409,99700,MUFG,3737
2002-08-05,6.296081066131592,6.612322499492949,6.286497770838619,6.449410135165785,234300,MUFG,3737
2002-08-06,6.497325897216797,6.612322702523402,6.420660903389042,6.4302441989762675,375600,MUFG,3737
2002-08-07,6.5164923667907715,6.564407476322689,6.420661233813521,6.449410665098038,126900,MUFG,3737
2002-08-08,6.430244445800781,6.44941058075424,6.324830475078409,6.420661149845701,158200,MUFG,3737
2002-08-09,6.411078453063965,6.47816015536749,6.334413911549485,6.334413911549485,44400,MUFG,3737
2002-08-12,6.305664539337158,6.458993623808887,6.276915564477067,6.276915564477067,64600,MUFG,3737
2002-08-13,6.449411392211914,6.449411392211914,6.2673328587667925,6.2673328587667925,120400,MUFG,3737
2002-08-14,6.698570251464844,6.698570251464844,6.458993339061266,6.458993339061266,195200,MUFG,3737
2002-08-15,6.62190580368042,6.660238073635644,6.487742858837136,6.506908993814748,77400,MUFG,3737
2002-08-16,6.593156337738037,6.641071443128487,6.516491803547983,6.612322471285551,69100,MUFG,3737
2002-08-19,6.669821739196777,6.698570714777907,6.516492650879476,6.593157195038127,80700,MUFG,3737
2002-08-20,6.439827919006348,6.516492923327007,6.334414394859341,6.439827919006348,85500,MUFG,3737
2002-08-21,6.6314897537231445,6.708154301195153,6.52607577247076,6.554825206251136,61000,MUFG,3737
2002-08-22,6.5164923667907715,6.631489178015422,6.468576800302147,6.631489178015422,70800,MUFG,3737
2002-08-23,6.391911506652832,6.506908304333275,6.324829812860912,6.420660477594615,44600,MUFG,3737
2002-08-26,6.593156337738037,6.612322471285551,6.535657937095497,6.612322471285551,69800,MUFG,3737
2002-08-27,6.583573341369629,6.669821174727288,6.487742669281502,6.583573341369629,91400,MUFG,3737
2002-08-28,6.4877424240112305,6.554824120415229,6.458992994993325,6.5164918530291365,118800,MUFG,3737
2002-08-29,6.5164923667907715,6.573990772403097,6.478160096382555,6.4877429355062555,58900,MUFG,3737
2002-08-30,6.545241355895996,6.602739761638137,6.439827383557049,6.487742950153855,65000,MUFG,3737
2002-09-03,5.874426364898682,5.989423180290649,5.816927957202698,5.989423180290649,413600,MUFG,3737
2002-09-04,5.797761917114258,5.874426461975813,5.730680211882031,5.730680211882031,184000,MUFG,3737
2002-09-05,6.0373382568359375,6.181084035890903,5.989422692513157,6.0373382568359375,120700,MUFG,3737
2002-09-06,6.085253715515137,6.085253715515137,5.960673606649015,6.018172469938543,108400,MUFG,3737
2002-09-09,6.181083679199219,6.228999240756936,6.094836308134652,6.104419146272199,198200,MUFG,3737
2002-09-10,6.200250625610352,6.334414032785185,6.133169378979655,6.2290000577068785,200900,MUFG,3737
2002-09-11,6.094836711883545,6.181084088661518,6.085253416154497,6.133168980886354,75700,MUFG,3737
2002-09-12,6.228999614715576,6.2673318834803675,6.142751781516451,6.161917915898846,135800,MUFG,3737
2002-09-13,6.1044206619262695,6.181085213888173,6.056505545428466,6.056505545428466,3430400,MUFG,3737
2002-09-16,6.008589267730713,6.075670971313382,5.989423131986625,6.0660876749629775,121500,MUFG,3737
2002-09-17,6.0756707191467285,6.276915364585492,6.056504584198118,6.104419693091294,93100,MUFG,3737
2002-09-18,6.976480960845947,7.091477786777174,6.8614836779579536,6.995647098501152,1189000,MUFG,3737
2002-09-19,6.660238265991211,6.851900078259453,6.612323155641687,6.803984510953214,444300,MUFG,3737
2002-09-20,6.411078453063965,6.47816015536749,6.276915505413626,6.47816015536749,380600,MUFG,3737
2002-09-23,6.228999614715576,6.41107811982668,6.085253378369264,6.41107811982668,317700,MUFG,3737
2002-09-24,6.085253715515137,6.142752121847952,5.999006334494272,6.00858917373805,363100,MUFG,3737
2002-09-25,6.489907264709473,6.5575106332779,6.325728444775188,6.325728444775188,554700,MUFG,3737
2002-09-26,6.856895923614502,6.856895923614502,6.683059288999746,6.683059288999746,402600,MUFG,3737
2002-09-27,6.895525932312012,7.088678199129492,6.837580390419838,6.9534714742041865,450600,MUFG,3737
2002-09-30,7.088678359985352,7.1273087221233995,6.914841269853897,6.914841269853897,1288800,MUFG,3737
2002-10-01,6.992102146148682,7.088678514103756,6.808608152258644,7.088678514103756,258600,MUFG,3737
2002-10-02,6.673401355743408,6.798950264442983,6.576825449247676,6.663743995348958,190200,MUFG,3737
2002-10-03,6.422304153442383,6.59614078931903,6.335385605248931,6.518880062262743,226000,MUFG,3737
2002-10-04,6.518880367279053,6.56716855420375,6.393331449683063,6.489907363022178,435100,MUFG,3737
2002-10-07,5.949081897735596,6.229152281849103,5.939424536478382,6.229152281849103,294100,MUFG,3737
2002-10-08,6.0649733543396,6.229152177031914,6.045658171639899,6.142234085138401,357600,MUFG,3737
2002-10-09,6.258124828338623,6.335385554779429,6.19052146244779,6.335385554779429,546800,MUFG,3737
2002-10-10,6.335385322570801,6.760319762930519,6.180863875352808,6.180863875352808,396000,MUFG,3737
2002-10-11,6.383674144744873,6.712032252985577,6.113261124506951,6.142234129018625,259200,MUFG,3737
2002-10-14,6.4705915451049805,6.518879727288994,6.209836374433831,6.229151555205388,274700,MUFG,3737
2002-10-15,6.702374458312988,6.721689639901372,6.451276637153735,6.451276637153735,372200,MUFG,3737
2002-10-16,6.460935115814209,6.557511033585885,6.422304748705538,6.53819585003155,229700,MUFG,3737
2002-10-17,6.441618919372559,6.615455544027312,6.3836733778209735,6.489906640410431,249500,MUFG,3737
2002-10-18,6.364358425140381,6.4223039687663475,6.229151696169545,6.345043243931725,121100,MUFG,3737
2002-10-21,6.258124828338623,6.316070373169228,6.1422337386774135,6.180864101897817,179300,MUFG,3737
2002-10-22,6.142233371734619,6.1905210926202425,6.045657469453147,6.1905210926202425,277200,MUFG,3737
2002-10-23,6.093945503234863,6.171206229027025,6.035999958890742,6.093945503234863,193600,MUFG,3737
2002-10-24,6.0649733543396,6.161549267838102,5.997369984635507,6.1325762635334105,147000,MUFG,3737
2002-10-25,6.277439594268799,6.325727775351879,6.132575511529781,6.132575511529781,100700,MUFG,3737
2002-10-28,6.190521240234375,6.402988690830169,6.18086388003106,6.3353853273660095,136700,MUFG,3737
2002-10-29,6.277439594268799,6.364358136014253,6.151890691860968,6.190521052523343,132900,MUFG,3737
2002-10-30,6.325728416442871,6.364358781020301,6.2484672267777395,6.2967554127546626,103500,MUFG,3737
2002-10-31,6.190521240234375,6.325727967162694,6.142233518197322,6.238809422781666,158700,MUFG,3737
2002-11-01,6.248466968536377,6.258124789536724,6.16154888208451,6.229151787045934,102800,MUFG,3737
2002-11-04,6.306412696838379,6.412645960119945,6.267781875042082,6.267781875042082,185900,MUFG,3737
2002-11-05,6.422304153442383,6.43196151406929,6.258124878192643,6.258124878192643,72400,MUFG,3737
2002-11-06,6.345042705535889,6.364357885105594,6.229151167607452,6.325727525966184,116900,MUFG,3737
2002-11-07,6.277439594268799,6.316069954931173,6.180863692612862,6.2484665935169055,168200,MUFG,3737
2002-11-08,6.258124828338623,6.306413012619254,6.200179283508018,6.200179283508018,144500,MUFG,3737
2002-11-11,5.8911356925964355,6.007026777838539,5.871820511722752,5.910450873470119,76800,MUFG,3737
2002-11-12,5.949081897735596,5.9587397195030976,5.862163804379524,5.862163804379524,97200,MUFG,3737
2002-11-13,5.823533058166504,5.881478603457929,5.755929691738045,5.881478603457929,147800,MUFG,3737
2002-11-14,5.794559001922607,5.881477534314703,5.726955647783181,5.726955647783181,203000,MUFG,3737
2002-11-15,5.74627161026001,5.784901972037437,5.669010886705156,5.6979838882933445,303700,MUFG,3737
2002-11-18,5.4855170249938965,5.533805212637955,5.417914114904559,5.456544480815691,133300,MUFG,3737
2002-11-19,5.089554786682129,5.244076227329563,5.079897426896774,5.205445867167704,479800,MUFG,3737
2002-11-20,5.495174884796143,5.543462612264441,5.292365232102537,5.292365232102537,254500,MUFG,3737
2002-11-21,5.871821403503418,5.9490821387320985,5.746272478501658,5.910451771117758,438700,MUFG,3737
2002-11-22,5.67866849899292,5.736614039532413,5.601407778273597,5.707641039007556,225500,MUFG,3737
2002-11-25,5.630380153656006,5.688325692501172,5.504831255903043,5.504831255903043,258500,MUFG,3737
2002-11-26,5.533804893493652,5.6496959845434045,5.533804893493652,5.533804893493652,168800,MUFG,3737
2002-11-27,5.7655863761901855,5.7655863761901855,5.649695299198772,5.649695299198772,218700,MUFG,3737
2002-11-29,5.939423561096191,5.939423561096191,5.553119503531115,5.669010582647574,143900,MUFG,3737
2002-12-02,5.862163066864014,5.910450788095605,5.755929343338145,5.862163066864014,232700,MUFG,3737
2002-12-03,5.630380153656006,5.784901590576449,5.553119435195785,5.707640872116227,185200,MUFG,3737
2002-12-04,5.553120136260986,5.601408321649971,5.408256040604299,5.456544225993283,131000,MUFG,3737
2002-12-05,5.3406524658203125,5.427570543936956,5.273049106831627,5.321337286182146,189800,MUFG,3737
2002-12-06,5.427570343017578,5.4565433416574,5.311679269478671,5.311679269478671,163300,MUFG,3737
2002-12-09,5.273049831390381,5.35031056055928,5.244076827696908,5.244076827696908,148600,MUFG,3737
2002-12-10,5.292364597320557,5.350310139638527,5.2344190550025855,5.244076415133797,118500,MUFG,3737
2002-12-11,5.224761009216309,5.330994729143226,5.2054458292759795,5.2054458292759795,193600,MUFG,3737
2002-12-12,5.244076251983643,5.2923644326680925,5.224761071811907,5.234418892152885,200600,MUFG,3737
2002-12-13,5.215104103088379,5.359968195495606,5.166815918782552,5.166815918782552,184700,MUFG,3737
2002-12-16,5.263391971588135,5.292364975070225,5.205446425134222,5.205446425134222,245500,MUFG,3737
2002-12-17,5.234418869018555,5.3406525897486965,5.224761048720261,5.263391408893,235600,MUFG,3737
2002-12-18,4.964005947113037,5.10887002976146,4.906060406155713,5.070239669123244,609100,MUFG,3737
2002-12-19,5.108870029449463,5.166815570403249,5.079897489227681,5.079897489227681,445300,MUFG,3737
2002-12-20,5.215104103088379,5.311680011189779,5.108870373921712,5.108870373921712,359100,MUFG,3737
2002-12-23,5.137844085693359,5.234420007123433,5.07024071043715,5.147501447581208,400100,MUFG,3737
2002-12-24,5.137844085693359,5.263392553297295,5.128186263295193,5.137844085693359,137600,MUFG,3737
2002-12-26,5.176473617553711,5.215103979881629,5.16681579671661,5.16681579671661,372800,MUFG,3737
2002-12-27,5.186131477355957,5.253734848195804,5.176474116099001,5.186131477355957,164700,MUFG,3737
2002-12-30,5.137844085693359,5.24407736901128,5.0219525194669545,5.099213717121331,202400,MUFG,3737
2002-12-31,5.166815757751465,5.176473578515733,5.0509246716416945,5.099212854442553,205800,MUFG,3737
2003-01-02,5.195789337158203,5.195789337158203,5.128185965823476,5.137843787661419,137400,MUFG,3737
2003-01-03,5.244076251983643,5.273049252496357,5.166815531296698,5.176473351637677,75400,MUFG,3737
2003-01-06,5.3792829513549805,5.3792829513549805,5.186130689929593,5.215103690321977,188500,MUFG,3737
2003-01-07,5.108870029449463,5.176473390817325,5.108870029449463,5.166815570403249,252300,MUFG,3737
2003-01-08,5.012294769287109,5.08955550044594,4.944691399267991,5.021952130426822,192400,MUFG,3737
2003-01-09,5.118527889251709,5.137843069718271,5.0122941664304985,5.050924527363624,199100,MUFG,3737
2003-01-10,5.079897880554199,5.108870423007861,4.973664150366837,5.0219518746263585,126200,MUFG,3737
2003-01-13,5.128185272216797,5.234418995514196,5.070239730557369,5.099212731642198,126200,MUFG,3737
2003-01-14,5.311679840087891,5.388940564080258,5.2151039350974315,5.253734297093615,161200,MUFG,3737
2003-01-15,5.562777519226074,5.717298963478944,5.553119698705156,5.601407880289291,457800,MUFG,3737
2003-01-16,5.900793552398682,5.987711636651231,5.726956462873102,5.736614283629074,331500,MUFG,3737
2003-01-17,5.862163066864014,5.958738969837426,5.823532705674649,5.929765968690288,307800,MUFG,3737
2003-01-21,5.775244235992432,5.920108313485075,5.697983517465743,5.697983517465743,149200,MUFG,3737
2003-01-22,5.74627161026001,5.784901972037437,5.688326067593869,5.784901972037437,212200,MUFG,3737
2003-01-23,5.871821403503418,5.910451771117758,5.755930300660397,5.900794409469326,166400,MUFG,3737
2003-01-24,5.794559001922607,5.871819714933281,5.784901182541186,5.871819714933281,435200,MUFG,3737
2003-01-27,5.611065864562988,5.726956960646185,5.58209332079733,5.717299599561059,953800,MUFG,3737
2003-01-28,5.601407527923584,5.649695245959873,5.553119349377095,5.649695245959873,316000,MUFG,3737
2003-01-29,5.311679840087891,5.35996802283824,5.2151039350974315,5.311679840087891,233300,MUFG,3737
2003-01-30,5.060581684112549,5.195788402458915,5.060581684112549,5.166815402667491,194600,MUFG,3737
2003-01-31,5.070240020751953,5.128185565727888,4.935033749141439,5.099213023495048,521800,MUFG,3737
2003-02-03,5.137844085693359,5.186131816153237,5.099213717121331,5.118528901407345,603800,MUFG,3737
2003-02-04,5.253734588623047,5.321337956122795,5.215104224483267,5.224761585263079,216100,MUFG,3737
2003-02-05,5.186131477355957,5.282707392476961,5.128185928283354,5.147501111307555,176800,MUFG,3737
2003-02-06,5.002635955810547,5.118527490082329,5.002635955810547,5.002635955810547,109000,MUFG,3737
2003-02-07,4.828799724578857,4.857772725550831,4.770854183145138,4.848114905056764,333100,MUFG,3737
2003-02-10,4.906060218811035,4.9736635776014975,4.84811468006644,4.84811468006644,187800,MUFG,3737
2003-02-11,4.9157185554504395,5.021951824057828,4.886745552778263,4.896403373839073,158100,MUFG,3737
2003-02-12,5.031610012054443,5.050925195074391,4.98332182424943,5.021952190289325,281900,MUFG,3737
2003-02-13,5.244076251983643,5.253734072324621,5.147500351124962,5.166815531296698,339400,MUFG,3737
2003-02-14,5.205445766448975,5.234418766264887,5.0895546882057445,5.14750022732736,206000,MUFG,3737
2003-02-18,5.002635955810547,5.07023931242657,4.944690418929752,4.992978596585511,220700,MUFG,3737
2003-02-19,4.935034275054932,5.021952371526336,4.877088723903894,4.925376452941273,91200,MUFG,3737
2003-02-20,4.703251838684082,4.8094855845495035,4.683936654027671,4.732224845923861,687000,MUFG,3737
2003-02-21,4.732223987579346,4.732223987579346,4.539071715539432,4.645305442135872,562400,MUFG,3737
2003-02-24,4.587360382080078,4.63564857030609,4.568045198891731,4.616333387117744,336000,MUFG,3737
2003-02-25,4.49078369140625,4.510098871262419,4.32660443237371,4.374892612269238,415000,MUFG,3737
2003-02-26,4.38455057144165,4.442496118933049,4.365235388944518,4.394208392945354,190800,MUFG,3737
2003-02-27,4.452153205871582,4.461810565271633,4.403865027340726,4.403865027340726,681100,MUFG,3737
2003-02-28,4.278316497802734,4.39420804409534,4.26865913757599,4.26865913757599,357000,MUFG,3737
2003-03-03,3.930643320083618,4.152768135921469,3.920985499150984,3.9789310432160434,1592400,MUFG,3737
2003-03-04,4.027219295501709,4.075507019457186,3.988588932133224,4.027219295501709,460500,MUFG,3737
2003-03-05,4.056191921234131,4.085164924611778,4.0175615570707786,4.056191921234131,365800,MUFG,3737
2003-03-06,4.191398620605469,4.191398620605469,4.065849707889115,4.1237952536404485,1018300,MUFG,3737
2003-03-07,3.9692740440368652,4.017561771563951,3.8630403066608117,3.9789314053381664,735000,MUFG,3737
2003-03-10,3.6602301597595215,3.8147518340645696,3.525023896215829,3.8147518340645696,831600,MUFG,3737
2003-03-11,3.6988606452941895,3.766464009597018,3.640915101824727,3.6988606452941895,473600,MUFG,3737
2003-03-12,3.8050944805145264,3.8340672530761952,3.7471489353911895,3.7664641170989683,468200,MUFG,3737
2003-03-13,3.8147518634796143,3.8823549957727392,3.7568063215140786,3.7568063215140786,320400,MUFG,3737
2003-03-14,3.7954368591308594,3.834067222235682,3.7664640868022423,3.7857792683546534,271400,MUFG,3737
2003-03-17,3.7954368591308594,3.805094449907065,3.6988607211136757,3.6988607211136757,261300,MUFG,3737
2003-03-18,3.7857792377471924,3.814752009841569,3.73749105400144,3.814752009841569,196900,MUFG,3737
2003-03-19,3.824409246444702,3.8630396056604903,3.814751656640755,3.814751656640755,344100,MUFG,3737
2003-03-20,3.863039970397949,3.863039970397949,3.814752016819,3.863039970397949,167600,MUFG,3737
2003-03-21,3.882354974746704,3.9016701552972757,3.8147518428197036,3.834067023370275,398800,MUFG,3737
2003-03-24,3.7664639949798584,3.8630399003874976,3.7278334025616817,3.8340671287652057,409300,MUFG,3737
2003-03-25,3.863039970397949,3.892012972800444,3.7664640632400506,3.8244096075347898,613900,MUFG,3737
2003-03-26,3.905897855758667,3.9156380073397345,3.8669360882890547,3.905897855758667,337300,MUFG,3737
2003-03-27,3.905897855758667,3.9253786233789385,3.8766764720991906,3.8961572397194626,300000,MUFG,3737
2003-03-28,3.759791612625122,3.8377149148891965,3.759791612625122,3.8377149148891965,193600,MUFG,3737
2003-03-31,3.6234264373779297,3.691609127371457,3.6039456688083504,3.6039456688083504,223700,MUFG,3737
2003-04-01,3.5844645500183105,3.7208299166817738,3.467579717792,3.623426083350729,531700,MUFG,3737
2003-04-02,3.4968008995056152,3.5162816663485055,3.409137448712609,3.409137448712609,239400,MUFG,3737
2003-04-03,3.3409547805786133,3.5065412995270684,3.2727718640766597,3.389656697916394,669200,MUFG,3737
2003-04-04,3.438358783721924,3.487060703445931,3.3896568639979163,3.3896568639979163,193800,MUFG,3737
2003-04-07,3.6526472568511963,3.6916087904342927,3.5552434228934544,3.5552434228934544,227000,MUFG,3737
2003-04-08,3.4578397274017334,3.526022418481626,3.360435883001886,3.5162820340416414,251800,MUFG,3737
2003-04-09,3.4286181926727295,3.506541259524228,3.3993970426034177,3.4091374259598552,168800,MUFG,3737
2003-04-10,3.438358783721924,3.448099167666725,3.2922530245499013,3.360435712163512,173900,MUFG,3737
2003-04-11,3.2825121879577637,3.3604354865127553,3.272771804667022,3.272771804667022,211900,MUFG,3737
2003-04-14,3.360435724258423,3.360435724258423,3.214329732331463,3.282512420190477,174200,MUFG,3737
2003-04-15,3.409137487411499,3.448099021539552,3.3409548026874063,3.360435569751433,164100,MUFG,3737
2003-04-16,3.292253255844116,3.3993974867642516,3.282512638985925,3.321474409731426,168400,MUFG,3737
2003-04-17,3.409137487411499,3.4578394050715655,3.3409548026874063,3.389656720347473,281700,MUFG,3737
2003-04-21,3.3506951332092285,3.370175899965057,3.3214739830754865,3.3604355165871427,175700,MUFG,3737
2003-04-22,3.3117334842681885,3.360435399460269,3.2338101877318093,3.3117334842681885,217900,MUFG,3737
2003-04-23,3.204589605331421,3.233810759614277,3.1656280662876126,3.233810759614277,354000,MUFG,3737
2003-04-24,3.097445011138916,3.1656276965009527,3.07796424389262,3.1656276965009527,291700,MUFG,3737
2003-04-25,2.941598653793335,3.048743106345215,2.9026371191304934,3.048743106345215,359800,MUFG,3737
2003-04-28,2.9708197116851807,3.0000408617665233,2.9123774115224954,2.922117794882943,338400,MUFG,3737
2003-04-29,2.980560302734375,3.0195218388910483,2.9221179984993655,2.980560302734375,325700,MUFG,3737
2003-04-30,3.4286181926727295,3.467579726098479,3.224069909958489,3.224069909958489,609200,MUFG,3737
2003-05-01,3.4773201942443848,3.4773201942443848,3.360435591117074,3.360435591117074,450400,MUFG,3737
2003-05-02,3.438358783721924,3.4968010873907325,3.3117337924395045,3.409137631887519,445500,MUFG,3737
2003-05-05,3.438358783721924,3.506541471335534,3.409137631887519,3.4578395516115266,276400,MUFG,3737
2003-05-06,3.6234264373779297,3.672128358801878,3.4773204408770058,3.4870608251617954,509200,MUFG,3737
2003-05-07,3.594205141067505,3.6429070605476057,3.516281837670273,3.5649839893794444,245600,MUFG,3737
2003-05-08,3.7013494968414307,3.750051418070447,3.603945654383398,3.6526475756124146,372400,MUFG,3737
2003-05-09,3.798753261566162,3.808493645017191,3.7208299617288727,3.7890128781151335,214100,MUFG,3737
2003-05-12,3.789013147354126,3.8766766046425585,3.603945616405026,3.8766766046425585,1421200,MUFG,3737
2003-05-13,3.818234443664551,3.857195981705359,3.808494059154349,3.847455597195157,181000,MUFG,3737
2003-05-14,3.8084936141967773,3.8669359144300026,3.7792724640801647,3.7792724640801647,291200,MUFG,3737
2003-05-15,3.711089611053467,3.7500511452016823,3.711089611053467,3.711089611053467,248300,MUFG,3737
2003-05-16,3.6623876094818115,3.8279743580480523,3.623426076226003,3.7110895260515715,282000,MUFG,3737
2003-05-19,3.594205141067505,3.672128212235666,3.5649839893794444,3.613685908859545,121500,MUFG,3737
2003-05-20,3.60394549369812,3.7890130183460524,3.60394549369812,3.7305704832478694,162900,MUFG,3737
2003-05-21,3.798753261566162,3.8279744119192483,3.701349194826815,3.701349194826815,215400,MUFG,3737
2003-05-22,3.8474552631378174,3.9448593320117626,3.8084937284798652,3.8474552631378174,354800,MUFG,3737
2003-05-23,3.8474552631378174,3.9253785646827866,3.8084937284798652,3.9253785646827866,147500,MUFG,3737
2003-05-27,3.7500510215759277,3.8182339363166204,3.7403106383599796,3.789012786668775,384600,MUFG,3737
2003-05-28,3.759791612625122,3.808493763626069,3.652647391326987,3.652647391326987,485500,MUFG,3737
2003-05-29,3.759791612625122,3.827974531134821,3.730570461361994,3.779272612362941,504600,MUFG,3737
2003-05-30,3.789013147354126,3.8084939156404443,3.720830226122936,3.7695321468387317,437400,MUFG,3737
2003-06-02,3.8864166736602783,3.954599357133881,3.8864166736602783,3.8961570570136503,566800,MUFG,3737
2003-06-03,3.8864166736602783,3.9253784393028233,3.847455140246791,3.9253784393028233,247200,MUFG,3737
2003-06-04,4.003302097320557,4.013042249883256,3.837715323631022,3.837715323631022,929800,MUFG,3737
2003-06-05,4.178629398345947,4.198110169676721,4.061744770361303,4.090965695128352,812000,MUFG,3737
2003-06-06,4.139666557312012,4.227330233034616,4.081224261649635,4.217589618195181,792300,MUFG,3737
2003-06-09,4.149407386779785,4.188368919236657,4.052003091179502,4.139666771436516,470600,MUFG,3737
2003-06-10,4.090965270996094,4.139667426502928,4.032522963062799,4.081225118569633,160800,MUFG,3737
2003-06-11,4.139666557312012,4.159147322532804,4.003301200766466,4.081224261649635,646300,MUFG,3737
2003-06-12,4.237070560455322,4.285772707771285,4.2078496436322235,4.26629194173652,783200,MUFG,3737
2003-06-13,4.081225395202637,4.1883698659052175,4.081225395202637,4.1883698659052175,422900,MUFG,3737
2003-06-16,4.090965270996094,4.12018665719183,3.9448597333919437,3.9935614244406015,308900,MUFG,3737
2003-06-17,4.207849979400635,4.24681151457913,4.1007055254307065,4.1007055254307065,1102400,MUFG,3737
2003-06-18,4.305253505706787,4.314993656567292,4.24681120716945,4.24681120716945,396300,MUFG,3737
2003-06-19,4.149407386779785,4.305253516607272,4.12018600520808,4.276032135035567,530000,MUFG,3737
2003-06-20,4.37343692779541,4.402658315792223,4.285773692721381,4.295513845748182,428000,MUFG,3737
2003-06-23,4.441618919372559,4.509801834002373,4.363695853771689,4.441618919372559,456200,MUFG,3737
2003-06-24,4.276032447814941,4.402657669791094,4.256551680161544,4.363696134484299,836400,MUFG,3737
2003-06-25,4.3636956214904785,4.431878532490891,4.34421485612723,4.353955006579813,206300,MUFG,3737
2003-06-26,4.402657985687256,4.451360140544258,4.353955830830253,4.44161952378959,395200,MUFG,3737
2003-06-27,4.431879043579102,4.509802114018254,4.392917508359525,4.480580730374504,500100,MUFG,3737
2003-06-30,4.461100101470947,4.509802254238752,4.402657796824473,4.431879181376785,483100,MUFG,3737
2003-07-01,4.519542694091797,4.548764080506026,4.441619616264759,4.509802541592507,791100,MUFG,3737
2003-07-02,4.918898582458496,4.918898582458496,4.70460967933847,4.70460967933847,900300,MUFG,3737
2003-07-03,4.802013397216797,4.811754012782293,4.685128797179521,4.772792479436535,453100,MUFG,3737
2003-07-07,5.045523643493652,5.142927949629646,4.889677496809108,4.899418113205969,943500,MUFG,3737
2003-07-08,4.724090576171875,4.860455949972852,4.685129040800168,4.850715798358994,742400,MUFG,3737
2003-07-09,4.646167278289795,4.753311727553055,4.587724978089321,4.714350194086073,640800,MUFG,3737
2003-07-10,4.626687049865723,4.646167818865778,4.5585041261364445,4.5682447428655575,344400,MUFG,3737
2003-07-11,4.568244457244873,4.616946144470948,4.490321386116642,4.539023073342716,324200,MUFG,3737
2003-07-14,4.539023399353027,4.626687092897704,4.4805810918093005,4.5292832469914925,461600,MUFG,3737
2003-07-15,4.529283046722412,4.831235187909486,4.49032151008267,4.7630522665608614,402800,MUFG,3737
2003-07-16,4.568244457244873,4.636427376711145,4.490321386116642,4.626686760591046,177200,MUFG,3737
2003-07-17,4.276032447814941,4.4610999727512874,4.276032447814941,4.2857730638707086,483900,MUFG,3737
2003-07-18,4.451359272003174,4.5779840138998855,4.353954981294516,4.3929169762528275,351600,MUFG,3737
2003-07-21,4.383176803588867,4.509802022718052,4.314993886105893,4.509802022718052,197000,MUFG,3737
2003-07-22,4.334474563598633,4.383176712858081,4.285772878797302,4.383176712858081,408100,MUFG,3737
2003-07-23,4.353955268859863,4.402657417430819,4.295512969249582,4.295512969249582,224600,MUFG,3737
2003-07-24,4.519542694091797,4.577985002462075,4.461100385721519,4.577985002462075,555900,MUFG,3737
2003-07-25,4.616945743560791,4.636426974109346,4.422138082656239,4.422138082656239,935900,MUFG,3737
2003-07-28,4.5877251625061035,4.616946081551902,4.500061476452442,4.519542243969018,1553300,MUFG,3737
2003-07-29,4.461100101470947,4.577984710763897,4.402657796824473,4.4903214860232605,287000,MUFG,3737
2003-07-30,4.3636956214904785,4.412397767127642,4.314993475853315,4.402657152216976,216600,MUFG,3737
2003-07-31,4.353955268859863,4.470840332538535,4.334474502323103,4.334474502323103,316300,MUFG,3737
2003-08-01,4.344215393066406,4.383176928608497,4.305253857524315,4.383176928608497,106000,MUFG,3737
2003-08-04,4.305253505706787,4.314993656567292,4.188368908632111,4.29551289038818,364600,MUFG,3737
2003-08-05,4.120185852050781,4.227330294553411,4.090964471565305,4.090964471565305,407700,MUFG,3737
2003-08-06,4.110445976257324,4.168888747738128,4.0130421312196,4.081225054975092,315200,MUFG,3737
2003-08-07,3.983820676803589,4.022782209604661,3.9253783776019797,3.9935608277748034,527400,MUFG,3737
2003-08-08,4.013041973114014,4.139667198903367,3.94485951650294,4.013041973114014,452600,MUFG,3737
2003-08-11,4.090965270996094,4.110446040307193,3.9643405027030423,4.071484501684996,145100,MUFG,3737
2003-08-12,4.305253505706787,4.3247342718859,4.237070591850842,4.3247342718859,634800,MUFG,3737
2003-08-13,4.353955268859863,4.402657417430819,4.314993735786342,4.314993735786342,288400,MUFG,3737
2003-08-14,4.607205867767334,4.607205867767334,4.422138346631532,4.451359729740607,695000,MUFG,3737
2003-08-15,4.694869518280029,4.772792586723162,4.577984451157205,4.616945985378772,314300,MUFG,3737
2003-08-18,4.840974807739258,4.850715423057619,4.753311592164515,4.850715423057619,612200,MUFG,3737
2003-08-19,4.996821403503418,5.016302169689357,4.850715424879825,4.967600021995459,1023500,MUFG,3737
2003-08-20,4.967600345611572,5.016302496478191,4.918898659203087,4.99682172902317,499300,MUFG,3737
2003-08-21,5.162408351898193,5.259812186669115,5.094225435329488,5.113706202283672,484400,MUFG,3737
2003-08-22,5.162408351898193,5.318254487531668,5.1331869692378564,5.191629270100409,434000,MUFG,3737
2003-08-25,5.055264472961426,5.113706780431375,4.996822165491476,5.065004625310664,126000,MUFG,3737
2003-08-26,5.2111101150512695,5.259812265394735,5.123446894674411,5.123446894674411,313900,MUFG,3737
2003-08-27,5.532543182373047,5.532543182373047,5.357216271598395,5.357216271598395,498500,MUFG,3737
2003-08-28,5.737091541290283,5.834495381698121,5.610466780989169,5.668909085233872,879400,MUFG,3737
2003-08-29,5.717610836029053,5.756572372620264,5.610466842632297,5.737091604324658,225200,MUFG,3737
2003-09-02,6.009822368621826,6.009822368621826,5.853976234089694,5.87345700090621,515800,MUFG,3737
2003-09-03,5.892937660217285,6.078004709368938,5.8442355118354135,6.078004709368938,484800,MUFG,3737
2003-09-04,5.776052951812744,5.815014487128387,5.649428194265971,5.649428194265971,797600,MUFG,3737
2003-09-05,5.513062477111816,5.561764629553542,5.444880021043177,5.483841557213299,606000,MUFG,3737
2003-09-08,5.727351188659668,5.746831956058179,5.6299473516671155,5.659168270535815,988000,MUFG,3737
2003-09-09,5.815014362335205,5.844235745423901,5.7857934437046366,5.844235745423901,1875200,MUFG,3737
2003-09-10,5.698130130767822,5.795533973323361,5.649428441719132,5.795533973323361,858300,MUFG,3737
2003-09-11,5.610466480255127,5.639687398582096,5.542283563395331,5.561764330432683,622300,MUFG,3737
2003-09-12,5.620206832885742,5.6396876006209835,5.503322226474294,5.610466681247192,407100,MUFG,3737
2003-09-15,5.600726127624512,5.639687663529596,5.571504743466626,5.6299475117823965,418200,MUFG,3737
2003-09-16,6.331254959106445,6.331254959106445,6.087745152986967,6.136447299994101,949900,MUFG,3737
2003-09-17,5.892937660217285,5.99034149252292,5.8442355118354135,5.99034149252292,1145700,MUFG,3737
2003-09-18,6.24359130859375,6.282552840592923,6.107225946596643,6.282552840592923,621700,MUFG,3737
2003-09-19,6.11696720123291,6.2435919612372786,6.11696720123291,6.185149657129537,438700,MUFG,3737
2003-09-22,6.03904390335083,6.1364482118388795,5.853976831923132,5.853976831923132,766900,MUFG,3737
2003-09-23,6.175408840179443,6.214370372054675,6.019562248220421,6.058523780095652,422900,MUFG,3737
2003-09-24,5.8344950675964355,6.029303202382706,5.8344950675964355,6.009822435349891,901000,MUFG,3737
2003-09-25,5.54228401184082,5.629947702831145,5.503322474613601,5.552024163918545,732800,MUFG,3737
2003-09-26,5.737091541290283,5.805274461804843,5.688389853315439,5.7078706213970065,287000,MUFG,3737
2003-09-29,6.331254959106445,6.428658788662617,5.951379791608326,5.951379791608326,1344800,MUFG,3737
2003-09-30,6.272812843322754,6.409178208656827,6.233851310370162,6.409178208656827,1302000,MUFG,3737
2003-10-01,7.324775218963623,7.344255985591527,6.974120955203237,6.974120955203237,2250100,MUFG,3737
2003-10-02,7.071526050567627,7.2565931221818065,7.013083279632642,7.168929894695659,1114500,MUFG,3737
2003-10-03,7.402698993682861,7.49036268412417,7.266333614241615,7.305295151224829,883700,MUFG,3737
2003-10-06,7.441660404205322,7.470881788675233,7.402698867884206,7.461141172365879,449100,MUFG,3737
2003-10-07,7.276073455810547,7.295554223470969,7.1981503851688595,7.276073455810547,922300,MUFG,3737
2003-10-08,7.412439346313477,7.500102569176273,7.256592739469794,7.4026987301853096,604400,MUFG,3737
2003-10-09,7.714390754699707,7.821534735295244,7.56828477770986,7.56828477770986,1251400,MUFG,3737
2003-10-10,7.850756645202637,7.899457863834436,7.694910051723892,7.782573267068954,939100,MUFG,3737
2003-10-13,7.8020548820495605,7.9384197872030065,7.763092883416703,7.9384197872030065,338000,MUFG,3737
2003-10-14,8.162450790405273,8.181931096578607,7.967643084089863,7.977382772718321,1165800,MUFG,3737
2003-10-15,7.646208763122559,7.899458751230267,7.646208763122559,7.821535677966357,813700,MUFG,3737
2003-10-16,7.8020548820495605,7.879977950399029,7.685169815067234,7.7143911979273465,505200,MUFG,3737
2003-10-17,8.045564651489258,8.201410787192913,7.9871218861422655,7.9871218861422655,683100,MUFG,3737
2003-10-20,7.879977226257324,7.879977226257324,7.802054165068706,7.841015695663015,528300,MUFG,3737
2003-10-21,7.714390754699707,7.724130905454712,7.587765543677967,7.694909988731601,566700,MUFG,3737
2003-10-22,7.042303562164307,7.1494480061537145,6.954639883949509,7.013082181273344,1429900,MUFG,3737
2003-10-23,6.769573211669922,6.7987945961644,6.428659536344485,6.44814030452142,2620800,MUFG,3737
2003-10-24,7.168929100036621,7.207890633369039,6.96438081781237,7.061784651143415,1124300,MUFG,3737
2003-10-27,7.246852874755859,7.305295180464597,7.139708415394094,7.149449031907963,535900,MUFG,3737
2003-10-28,7.665688991546631,7.694910374191622,7.4319197882191865,7.500102240293964,636800,MUFG,3737
2003-10-29,7.3442559242248535,7.480621289480749,7.315035006756216,7.4611405230156205,938500,MUFG,3737
2003-10-30,7.383217811584473,7.480621648585958,7.3150353579125,7.422179346385066,425100,MUFG,3737
2003-10-31,7.149448871612549,7.256592864113915,7.081265950918649,7.256592864113915,888000,MUFG,3737
2003-11-03,7.246852874755859,7.305295180464597,7.120227646824515,7.120227646824515,775300,MUFG,3737
2003-11-04,7.091006755828857,7.207891367734733,7.0812661392742875,7.110487524479837,877000,MUFG,3737
2003-11-05,7.022823333740234,7.042304101005414,6.93515964881786,7.003342566475054,834200,MUFG,3737
2003-11-06,6.750092506408691,6.80853481148422,6.662429281024474,6.740352354458514,1130100,MUFG,3737
2003-11-07,6.915679454803467,7.061785453632321,6.750092687094644,6.750092687094644,1153700,MUFG,3737
2003-11-10,6.467620849609375,6.662428989117317,6.448140082104395,6.623467454107356,1324800,MUFG,3737
2003-11-11,6.516323089599609,6.574765392912746,6.399438482973337,6.467620937942926,734400,MUFG,3737
2003-11-12,6.662428855895996,6.720871157242332,6.574765171647431,6.623467321665106,571400,MUFG,3737
2003-11-13,6.759832859039307,6.818275161834339,6.68190978864593,6.818275161834339,537300,MUFG,3737
2003-11-14,6.652688026428223,6.798794007330273,6.63320725993849,6.798794007330273,453200,MUFG,3737
2003-11-17,6.350735664367676,6.379957045184509,6.1461873920241175,6.3312548986424835,1761500,MUFG,3737
2003-11-18,6.652688026428223,6.8085341583460846,6.5455435785056375,6.672168792917955,1233600,MUFG,3737
2003-11-19,6.487102031707764,6.506582800457768,6.350736650457729,6.418919573311828,1094800,MUFG,3737
2003-11-20,6.477361679077148,6.6721693605475885,6.428659526480464,6.6721693605475885,373700,MUFG,3737
2003-11-21,6.818274974822998,6.828015590584073,6.613726688421658,6.623467304182733,359900,MUFG,3737
2003-11-24,6.915679454803467,6.915679454803467,6.81827561040362,6.866977764832626,653000,MUFG,3737
2003-11-25,7.1007466316223145,7.139708167408209,7.022823560050526,7.06178509583642,797600,MUFG,3737
2003-11-26,7.12996768951416,7.2858138255282,7.12996768951416,7.2565924427965065,576700,MUFG,3737
2003-11-28,7.198150157928467,7.276073226110179,7.120227089746755,7.276073226110179,185200,MUFG,3737
2003-12-01,7.412439346313477,7.441660265781695,7.315035507322514,7.353997042918898,573200,MUFG,3737
2003-12-02,7.217630863189697,7.373477462677171,7.188409945100753,7.3442560801301076,452400,MUFG,3737
2003-12-03,7.256592750549316,7.392958589803012,7.256592750549316,7.315035518491267,242000,MUFG,3737
2003-12-04,7.285813808441162,7.392958258928595,7.2176308918658645,7.256592425778,181900,MUFG,3737
2003-12-05,7.120227336883545,7.295554246377839,7.091006417530232,7.295554246377839,345000,MUFG,3737
2003-12-08,7.0617852210998535,7.0812659893383545,6.876717690605017,7.0617852210998535,412200,MUFG,3737
2003-12-09,7.18841028213501,7.295554272762161,7.110487210966848,7.110487210966848,814100,MUFG,3737
2003-12-10,6.847496509552002,6.993602033544324,6.750092207612943,6.935159731055768,611900,MUFG,3737
2003-12-11,7.03256368637085,7.071525686474182,6.876717543790088,6.896198311612683,386900,MUFG,3737
2003-12-12,6.9936017990112305,7.198150083090637,6.964380880975954,7.061784715190405,418100,MUFG,3737
2003-12-15,7.139707565307617,7.227371245662162,7.071525115661286,7.207890479412052,353300,MUFG,3737
2003-12-16,7.091006755828857,7.110487524479837,6.9059392214154744,7.0617853706233085,303600,MUFG,3737
2003-12-17,7.03256368637085,7.091006454296776,6.954640615080469,7.061785070333813,623200,MUFG,3737
2003-12-18,7.159188747406006,7.266333200234247,6.944900306207654,7.022823375734328,634300,MUFG,3737
2003-12-19,6.905938625335693,6.983861693213751,6.857236475682846,6.964380926244237,742900,MUFG,3737
2003-12-22,7.013082504272461,7.032563270944291,6.905938519806452,6.905938519806452,313300,MUFG,3737
2003-12-23,6.9936017990112305,7.032563332697011,6.925419347290173,7.013082565854121,467400,MUFG,3737
2003-12-24,6.896198272705078,6.935159808130451,6.789053818056231,6.808534585768918,696000,MUFG,3737
2003-12-26,7.168929100036621,7.227371400035248,7.0910060333717855,7.139707717808251,187300,MUFG,3737
2003-12-29,7.519583225250244,7.548804608742439,7.35399693365492,7.392958468672424,947500,MUFG,3737
2003-12-30,7.5585455894470215,7.66568958368609,7.500102819642604,7.616987894793283,358000,MUFG,3737
2003-12-31,7.626728057861328,7.6462088263383645,7.5293242154761435,7.558545600420778,215000,MUFG,3737
2004-01-02,7.714390754699707,7.782573203359031,7.607246309646073,7.62672707561418,471000,MUFG,3737
2004-01-05,7.8020548820495605,7.9384197872030065,7.69491043083998,7.889718566171775,899400,MUFG,3737
2004-01-06,7.597506523132324,7.626727441256351,7.558544989328209,7.587765907452236,416600,MUFG,3737
2004-01-07,7.509842395782471,7.5488039272827665,7.441659483427907,7.5488039272827665,531700,MUFG,3737
2004-01-08,7.782573699951172,7.841016466042717,7.607246795050917,7.607246795050917,574300,MUFG,3737
2004-01-09,7.480621337890625,7.578025635304713,7.42217903811704,7.470881186824084,801500,MUFG,3737
2004-01-12,7.548804759979248,7.57802614405688,7.431920152585008,7.57802614405688,454800,MUFG,3737
2004-01-13,7.4514007568359375,7.500102443284876,7.39295845442233,7.4806216758136745,519100,MUFG,3737
2004-01-14,7.519583225250244,7.597506759743386,7.402698620197733,7.461140922723988,329700,MUFG,3737
2004-01-15,7.392958164215088,7.461140615458758,7.36373678192629,7.392958164215088,621400,MUFG,3737
2004-01-16,7.636468887329102,7.714391963410718,7.57802658026789,7.597507349288294,684300,MUFG,3737
2004-01-20,7.539063930511475,7.6364682317091335,7.509843011718681,7.6364682317091335,439500,MUFG,3737
2004-01-21,7.5001020431518555,7.539063576015649,7.412438826437374,7.451400359301168,703300,MUFG,3737
2004-01-22,7.597506523132324,7.636468056936439,7.509842839844006,7.578025756230267,554500,MUFG,3737
2004-01-23,7.334515571594238,7.73387150538005,7.23711127748815,7.64620782646781,2156000,MUFG,3737
2004-01-26,7.5001020431518555,7.529323425028754,7.334515760709787,7.334515760709787,559800,MUFG,3737
2004-01-27,7.529324054718018,7.636468511283164,7.480621902336184,7.509843286656913,416600,MUFG,3737
2004-01-28,7.353997230529785,7.655949371334068,7.353997230529785,7.529324145186357,474500,MUFG,3737
2004-01-29,7.4514007568359375,7.490362291778342,7.3539969194799255,7.3539969194799255,583100,MUFG,3737
2004-01-30,7.529324054718018,7.58776635890133,7.46114113427508,7.46114113427508,350900,MUFG,3737
2004-02-02,7.578026294708252,7.685170288053927,7.480621988818508,7.548804910049698,351500,MUFG,3737
2004-02-03,7.56828498840332,7.646208054445046,7.509842688872026,7.519582839898187,315700,MUFG,3737
2004-02-04,7.178669452667236,7.2955540559457885,7.1494485340766625,7.285813904568306,912000,MUFG,3737
2004-02-05,7.285813808441162,7.3247753423532975,7.207890740616891,7.207890740616891,327300,MUFG,3737
2004-02-06,7.373477458953857,7.373477458953857,7.168929174602059,7.168929174602059,352800,MUFG,3737
2004-02-09,7.20789098739624,7.266333290265355,7.188410219773202,7.266333290265355,470700,MUFG,3737
2004-02-10,7.353997230529785,7.392958767120135,7.2858143092675975,7.2858143092675975,256000,MUFG,3737
2004-02-11,7.431920051574707,7.4416602031627725,7.295554213676687,7.353996981037631,499600,MUFG,3737
2004-02-12,7.5585455894470215,7.597507126344529,7.441660514296341,7.4514011307497965,330400,MUFG,3737
2004-02-13,7.597506523132324,7.6656889750604655,7.568285140550178,7.578025756230267,310200,MUFG,3737
2004-02-17,7.714390754699707,7.792313818572133,7.607246309646073,7.616986924859175,511100,MUFG,3737
2004-02-18,7.655949115753174,7.7143914186877005,7.607246964411999,7.694910651042858,397800,MUFG,3737
2004-02-19,7.529324054718018,7.636468511283164,7.509843286656913,7.636468511283164,549200,MUFG,3737
2004-02-20,7.5001020431518555,7.519582809583752,7.431919592869271,7.470881125733064,242700,MUFG,3737
2004-02-23,7.373477458953857,7.490362060166851,7.315035158347361,7.4611406776345435,349900,MUFG,3737
2004-02-24,7.305294513702393,7.353996662910322,7.266332980119295,7.29555389807756,386000,MUFG,3737
2004-02-25,7.276073455810547,7.353996990910372,7.256592688150126,7.353996990910372,329800,MUFG,3737
2004-02-26,7.3442559242248535,7.685169569593646,7.266332858364342,7.3345157732213435,321800,MUFG,3737
2004-02-27,7.597506523132324,7.626727441256351,7.431919772235776,7.441659923457745,826000,MUFG,3737
2004-03-01,7.733872413635254,7.811795950962975,7.636468572548291,7.636468572548291,1433500,MUFG,3737
2004-03-02,7.8994574546813965,7.957900214495192,7.7338711834025675,7.7338711834025675,2477200,MUFG,3737
2004-03-03,8.026083946228027,8.415700239945185,7.967642105966051,7.967642105966051,2779800,MUFG,3737
2004-03-04,8.13322925567627,8.201411715535336,8.094267717340182,8.13322925567627,1467500,MUFG,3737
2004-03-05,8.045564651489258,8.230631705408287,8.035824035778719,8.230631705408287,834400,MUFG,3737
2004-03-08,7.948160648345947,8.006603415870378,7.870237577590891,8.006603415870378,610200,MUFG,3737
2004-03-09,8.074785232543945,8.152708297142114,7.938419405039048,8.055304930852504,555200,MUFG,3737
2004-03-10,7.909199237823486,8.08452661424823,7.909199237823486,8.074785998021012,540200,MUFG,3737
2004-03-11,7.724132061004639,7.889719293192963,7.597507295497606,7.743612829887118,787300,MUFG,3737
2004-03-12,7.782573699951172,7.802054931620438,7.587766027839777,7.7436121655288925,733300,MUFG,3737
2004-03-15,7.889718055725098,7.938419273605472,7.821534678643435,7.889718055725098,537100,MUFG,3737
2004-03-16,8.230631828308105,8.230631828308105,8.006603237117966,8.006603237117966,966000,MUFG,3737
2004-03-17,8.57154655456543,8.600767475271526,8.269593944214694,8.269593944214694,2298400,MUFG,3737
2004-03-18,8.620247840881348,8.659209374207478,8.47414139422119,8.57154569199463,1270900,MUFG,3737
2004-03-19,8.678689956665039,8.863757942627549,8.649469037955896,8.649469037955896,880300,MUFG,3737
2004-03-22,8.591026306152344,8.756613061030151,8.493622933758273,8.668949375634105,730400,MUFG,3737
2004-03-23,8.89297866821289,8.970901735689234,8.815055600736548,8.815055600736548,841600,MUFG,3737
2004-03-24,9.457921981811523,9.487142901770536,9.31181645310016,9.3994792129772,2171100,MUFG,3737
2004-03-25,9.516365051269531,9.516365051269531,9.360517972426864,9.448181663989512,1873700,MUFG,3737
2004-03-26,9.892473220825195,9.912061790247105,9.618225776286952,9.696581922132468,1868300,MUFG,3737
2004-03-29,9.843501091003418,9.902267737496414,9.72596686393842,9.794528262873252,838400,MUFG,3737
2004-03-30,9.37336254119873,9.451718686661373,9.22644500197601,9.37336254119873,1493800,MUFG,3737
2004-03-31,9.725968360900879,9.784735016438885,9.598639361796334,9.647612197464104,1192100,MUFG,3737
2004-04-01,9.912062644958496,10.058981131646737,9.725967016048214,9.725967016048214,942100,MUFG,3737
2004-04-02,9.951241493225098,9.99041957256539,9.814118682573621,9.951241493225098,862700,MUFG,3737
2004-04-05,10.058981895446777,10.137338053998649,9.970830983556148,10.049187142108021,881100,MUFG,3737
2004-04-06,10.176515579223633,10.176515579223633,10.000213765040964,10.166720826418143,632900,MUFG,3737
2004-04-07,9.961036682128906,10.058982351801882,9.823912931402566,10.039392844235634,782600,MUFG,3737
2004-04-08,9.755351066589355,9.863090550924788,9.608433503033849,9.863090550924788,757500,MUFG,3737
2004-04-12,9.872884750366211,9.941446151635173,9.755350519299832,9.794528596321959,436300,MUFG,3737
2004-04-13,10.010007858276367,10.186308726763343,9.902267452673183,10.058980684997907,973100,MUFG,3737
2004-04-14,9.559460639953613,9.735761528841252,9.471309728470251,9.686789630531905,930900,MUFG,3737
2004-04-15,9.402748107910156,9.441926186106487,9.304802445379796,9.402748107910156,1104500,MUFG,3737
2004-04-16,9.383157730102539,9.422335804659333,9.236240184034305,9.373362977943597,391800,MUFG,3737
2004-04-19,9.157886505126953,9.275420760500486,9.089324155599636,9.128502240724147,797500,MUFG,3737
2004-04-20,9.402748107910156,9.686789408353324,9.314597198448645,9.402748107910156,1091200,MUFG,3737
2004-04-21,9.246034622192383,9.324391710639906,9.108911819087057,9.324391710639906,545700,MUFG,3737
2004-04-22,9.37336254119873,9.412540613930052,9.108910783782047,9.157883608215931,979100,MUFG,3737
2004-04-23,8.854252815246582,8.981581784729778,8.785691421709066,8.81507474264244,1099500,MUFG,3737
2004-04-26,8.72692584991455,8.785693439356292,8.619186359030362,8.785693439356292,888700,MUFG,3737
2004-04-27,8.746513366699219,8.79548525699371,8.540828251593986,8.668157221333315,1648700,MUFG,3737
2004-04-28,8.648567199707031,8.815074232151764,8.482060167262299,8.815074232151764,484400,MUFG,3737
2004-04-29,8.59959602355957,8.7073364381539,8.462473218190867,8.550623192751152,561100,MUFG,3737
2004-04-30,8.717130661010742,8.766103494088597,8.668158762011986,8.687747334795668,601500,MUFG,3737
2004-05-03,8.68774700164795,8.746514585903643,8.638774170448047,8.717130326736266,267800,MUFG,3737
2004-05-04,8.86404800415039,9.02076030229704,8.668157631467079,8.668157631467079,412800,MUFG,3737
2004-05-05,8.913021087646484,9.001171057334554,8.82487018387941,8.864048259544887,471500,MUFG,3737
2004-05-06,8.325349807739258,8.521240204634951,8.178432243587261,8.472267371891254,1516500,MUFG,3737
2004-05-07,7.982540130615234,8.276376164213127,7.933568236748087,8.17843144239983,971600,MUFG,3737
2004-05-10,7.600554466247559,7.6299377906928045,7.24795130362795,7.24795130362795,1412700,MUFG,3737
2004-05-11,7.531992435455322,7.55158147367728,7.394869167901615,7.394869167901615,1154800,MUFG,3737
2004-05-12,7.737677574157715,7.776855650621136,7.492814362741582,7.6789104594625845,1827400,MUFG,3737
2004-05-13,7.492814540863037,7.610348773047358,7.385074594507649,7.424252671902422,1878400,MUFG,3737
2004-05-14,7.541787147521973,7.629938058025327,7.473225743387843,7.483020029532916,487900,MUFG,3737
2004-05-17,7.101033687591553,7.169595560295639,6.973704695586626,7.1108284409947995,1258400,MUFG,3737
2004-05-18,7.522197723388672,7.6103486293826,7.492814399417038,7.492814399417038,842800,MUFG,3737
2004-05-19,7.923774242401123,8.04130848026884,7.835623330480562,7.865006656427719,1181600,MUFG,3737
2004-05-20,7.8748016357421875,7.904184962532517,7.767061681085341,7.835623555328708,866000,MUFG,3737
2004-05-21,8.100075721740723,8.246993279307096,8.051102891192247,8.090280968815218,550800,MUFG,3737
2004-05-24,8.335143089294434,8.433087803407776,8.246992192737176,8.364526410120543,502400,MUFG,3737
2004-05-25,8.295967102050781,8.295967102050781,8.02171959181102,8.090281936410541,532700,MUFG,3737
2004-05-26,8.188225746154785,8.237198577004229,8.100075771520656,8.168637174262441,473500,MUFG,3737
2004-05-27,8.207815170288086,8.227403741985118,8.1000756907568,8.12945901534187,417600,MUFG,3737
2004-05-28,8.540827751159668,8.550621568197355,8.354731216260435,8.403704037764385,553800,MUFG,3737
2004-06-01,8.531035423278809,8.560418750895945,8.32535026180057,8.462474014145778,483400,MUFG,3737
2004-06-02,8.325349807739258,8.35473313375384,8.237198895616423,8.305760301010142,714100,MUFG,3737
2004-06-03,8.109869956970215,8.149048036604695,8.02171904427286,8.149048036604695,535700,MUFG,3737
2004-06-04,8.002130508422852,8.02171908129094,7.913979595318704,7.913979595318704,666200,MUFG,3737
2004-06-07,8.580007553100586,8.589802306193857,8.374322408537248,8.423295239924531,488700,MUFG,3737
2004-06-08,8.589800834655762,8.599594651992163,8.423293796911132,8.521238508827503,253200,MUFG,3737
2004-06-09,8.266582489013672,8.49185715328955,8.217610588765071,8.335144830704134,364000,MUFG,3737
2004-06-10,8.482062339782715,8.501651847007285,8.286171937932593,8.384117605897213,288800,MUFG,3737
2004-06-14,8.158842086791992,8.364527220664018,8.100075439445138,8.325349144406442,316200,MUFG,3737
2004-06-15,8.413500785827637,8.452678865513949,8.246993713641036,8.374322706141324,426200,MUFG,3737
2004-06-16,8.482062339782715,8.550623746910478,8.374322852284926,8.423295686267236,226800,MUFG,3737
2004-06-17,8.619185447692871,8.648568772267364,8.52123978700583,8.570212617349352,386700,MUFG,3737
2004-06-18,8.68774700164795,8.766103157936167,8.491856610927405,8.491856610927405,379200,MUFG,3737
2004-06-21,8.844460487365723,8.903228079416431,8.785693829394202,8.834666667089927,540400,MUFG,3737
2004-06-22,8.854252815246582,8.87384231858812,8.697540524830012,8.86404756691735,219800,MUFG,3737
2004-06-23,8.55062198638916,8.580006241175974,8.452677272669881,8.521238665681269,445000,MUFG,3737
2004-06-24,8.844460487365723,8.883638570706466,8.726926237343493,8.775899075039218,510400,MUFG,3737
2004-06-25,8.86404800415039,8.883636574379233,8.775897102923157,8.883636574379233,253500,MUFG,3737
2004-06-28,9.020760536193848,9.108911439706723,8.971787708233473,9.020760536193848,483700,MUFG,3737
2004-06-29,9.030556678771973,9.040350498608515,8.922816253857711,8.922816253857711,263000,MUFG,3737
2004-06-30,9.177473068237305,9.177473068237305,9.00117125679639,9.05993883863637,367500,MUFG,3737
2004-07-01,8.795487403869629,9.010967323261468,8.746515501621667,9.010967323261468,354700,MUFG,3737
2004-07-02,8.756307601928711,8.756307601928711,8.648568130431865,8.746513783850071,449400,MUFG,3737
2004-07-06,8.217610359191895,8.325349844439698,8.188226098968688,8.295966518295588,579800,MUFG,3737
2004-07-07,8.364527702331543,8.433089106210623,8.256788219938835,8.256788219938835,353100,MUFG,3737
2004-07-08,8.30575942993164,8.384116514551199,8.227403279391078,8.354732257539242,329400,MUFG,3737
2004-07-09,8.55062198638916,8.58980099277158,8.442882521074276,8.442882521074276,248900,MUFG,3737
2004-07-12,8.521240234375,8.7465148921506,8.452678828741993,8.697542059235984,581500,MUFG,3737
2004-07-13,8.981581687927246,9.108910656038104,8.521238639230901,8.521238639230901,2351300,MUFG,3737
2004-07-14,9.226446151733398,9.334185631650797,8.883637272055868,9.226446151733398,3828900,MUFG,3737
2004-07-15,9.882680892944336,10.186310799045573,9.814119482033572,10.156927470666556,4057400,MUFG,3737
2004-07-16,9.706377983093262,9.745556061300416,9.314597201021723,9.324391954093278,1046500,MUFG,3737
2004-07-19,9.637816429138184,9.716172584328001,9.588843598624784,9.637816429138184,503100,MUFG,3737
2004-07-20,9.921857833862305,9.941446405834723,9.784734093739134,9.853296430840249,1040500,MUFG,3737
2004-07-21,9.696582794189453,9.892474110499561,9.63781614655964,9.843501281422034,707500,MUFG,3737
2004-07-22,9.77493953704834,9.794529043493284,9.50069298537267,9.755350964682474,628700,MUFG,3737
2004-07-23,9.32439136505127,9.500692238806622,9.246034279507883,9.304801860145671,478200,MUFG,3737
2004-07-26,9.246034622192383,9.383158359376749,9.1480898962713,9.285212699376624,464700,MUFG,3737
2004-07-27,8.932610511779785,8.961993837816156,8.785692947518836,8.961993837816156,2131400,MUFG,3737
2004-07-28,8.991377830505371,9.079528740071748,8.932610246101431,8.942404999181933,505300,MUFG,3737
2004-07-29,9.197062492370605,9.197062492370605,8.961993101164428,9.099116834861446,388900,MUFG,3737
2004-07-30,8.8738431930542,8.991377422448947,8.815075611317313,8.942404593348046,727600,MUFG,3737
2004-08-02,8.73672103881836,8.795487697106827,8.628981542570038,8.687748200858508,1094600,MUFG,3737
2004-08-03,8.531035423278809,8.648569667826496,8.491857341762913,8.638774913927737,759700,MUFG,3737
2004-08-04,8.521240234375,8.570213067289616,8.315555083396886,8.344939343593113,764200,MUFG,3737
2004-08-05,8.30575942993164,8.384116514551199,8.286170859335998,8.344938439280916,876000,MUFG,3737
2004-08-06,8.237197875976562,8.27637595050605,8.149046974765469,8.266581198353935,486800,MUFG,3737
2004-08-09,8.22740364074707,8.33514405303166,8.139253668076545,8.33514405303166,325900,MUFG,3737
2004-08-10,8.501651763916016,8.560418416857136,8.246993776960212,8.246993776960212,411300,MUFG,3737
2004-08-11,9.069733619689941,9.118706449030103,8.71712999570399,8.913021313064641,1224200,MUFG,3737
2004-08-12,8.981581687927246,9.069732583856219,8.844457968251186,9.059937832291016,294300,MUFG,3737
2004-08-13,8.805280685424805,8.844458761118835,8.619185059397907,8.775897362174032,769500,MUFG,3737
2004-08-16,8.648567199707031,8.707334772249416,8.364525956256408,8.374320707359951,1270300,MUFG,3737
2004-08-17,8.73672103881836,8.84446053506668,8.72692628441055,8.824871960330254,381300,MUFG,3737
2004-08-18,9.059938430786133,9.059938430786133,8.844458552511806,8.844458552511806,564500,MUFG,3737
2004-08-19,9.128500938415527,9.157885198626255,8.981583373678268,9.118707119091047,322000,MUFG,3737
2004-08-20,9.167677879333496,9.18726738370765,9.010965580656185,9.069733159699666,212900,MUFG,3737
2004-08-23,9.216650009155273,9.35377372716705,9.118705296928784,9.138293865742519,279100,MUFG,3737
2004-08-24,8.795487403869629,8.932611158769738,8.746515501621667,8.913022584686386,994200,MUFG,3737
2004-08-25,8.961993217468262,8.971787970162092,8.71713000459668,8.71713000459668,472800,MUFG,3737
2004-08-26,8.913021087646484,8.93260965843972,8.785692108213935,8.893431582774245,653100,MUFG,3737
2004-08-27,8.913021087646484,8.971787734105197,8.80528067900717,8.961992981669077,234700,MUFG,3737
2004-08-30,8.8934326171875,9.050144938076937,8.854254536965142,9.050144938076937,604400,MUFG,3737
2004-08-31,8.8738431930542,8.893431764247145,8.766102782216413,8.775897534852398,259000,MUFG,3737
2004-09-01,8.8738431930542,8.913021269519115,8.815075611317313,8.90322651688313,290100,MUFG,3737
2004-09-02,8.903225898742676,8.903225898742676,8.815074999297071,8.903225898742676,221300,MUFG,3737
2004-09-03,8.746513366699219,8.854252833057604,8.726923863318277,8.815074760374651,317600,MUFG,3737
2004-09-07,8.756307601928711,8.81507518079543,8.69754095714097,8.69754095714097,408700,MUFG,3737
2004-09-08,8.68774700164795,8.766103157936167,8.619185598415525,8.746514585903643,544100,MUFG,3737
2004-09-09,8.570212364196777,8.599595687903326,8.48206145899811,8.540829040490229,1043500,MUFG,3737
2004-09-10,8.795487403869629,8.834666420194655,8.619186500802815,8.697542665294547,415000,MUFG,3737
2004-09-13,8.70733642578125,8.756308322441026,8.668158348005997,8.70733642578125,504300,MUFG,3737
2004-09-14,8.68774700164795,8.697541754703742,8.628980351471316,8.638774170448047,262100,MUFG,3737
2004-09-15,8.638774871826172,8.648569625677196,8.540830135553342,8.580008216878303,431700,MUFG,3737
2004-09-16,8.589800834655762,8.599594651992163,8.482060437245174,8.531033260242813,459200,MUFG,3737
2004-09-17,8.609391212463379,8.62898071941026,8.384117487048869,8.384117487048869,418500,MUFG,3737
2004-09-20,8.531035423278809,8.589803012592224,8.51144591548129,8.521240669380049,335300,MUFG,3737
2004-09-21,8.511445045471191,8.521239798368766,8.384116994118916,8.403705565835017,482900,MUFG,3737
2004-09-22,8.325349807739258,8.364527887118397,8.28617172836012,8.35473313375384,713500,MUFG,3737
2004-09-23,8.335143089294434,8.374321161755557,8.29596501683331,8.364526410120543,474800,MUFG,3737
2004-09-24,8.178431510925293,8.27637623355925,8.139253435055908,8.178431510925293,788100,MUFG,3737
2004-09-27,8.002130508422852,8.011925261896447,7.943362921660386,7.97274718208117,1051500,MUFG,3737
2004-09-28,8.1294584274292,8.149046997709608,8.06089609625032,8.06089609625032,482700,MUFG,3737
2004-09-29,8.139253616333008,8.149047434959225,7.992335127991399,8.031513204733354,758800,MUFG,3737
2004-09-30,8.168638229370117,8.198021558043477,8.070692555020011,8.070692555020011,565500,MUFG,3737
2004-10-01,8.403706550598145,8.452679386745704,8.305760878303026,8.305760878303026,833400,MUFG,3737
2004-10-04,8.433090209960938,8.521241131673847,8.403706880749699,8.521241131673847,244400,MUFG,3737
2004-10-05,8.472267150878906,8.482061903987953,8.393910994164672,8.433089072521788,290400,MUFG,3737
2004-10-06,8.589800834655762,8.658362226405112,8.442882365662843,8.442882365662843,369900,MUFG,3737
2004-10-07,8.384116172790527,8.50165039381034,8.344938099117257,8.50165039381034,270800,MUFG,3737
2004-10-08,8.413500785827637,8.433089358631243,8.364527952699971,8.364527952699971,233500,MUFG,3737
2004-10-11,8.423295021057129,8.482061669931648,8.393910762540827,8.413500268218362,253100,MUFG,3737
2004-10-12,8.540827751159668,8.550621568197355,8.433087357035204,8.44288210815177,255300,MUFG,3737
2004-10-13,8.433090209960938,8.482063048032465,8.364528797108317,8.433090209960938,378700,MUFG,3737
2004-10-14,8.433090209960938,8.531035886103991,8.384118305968606,8.491857802462608,457400,MUFG,3737
2004-10-15,8.472267150878906,8.491856657097,8.433089072521788,8.433089072521788,253100,MUFG,3737
2004-10-18,8.423295021057129,8.45267834549439,8.335144113666308,8.374322190942335,304200,MUFG,3737
2004-10-19,8.30575942993164,8.472266483350086,8.30575942993164,8.42329458982148,574000,MUFG,3737
2004-10-20,8.168638229370117,8.305761052565252,8.090282063521704,8.305761052565252,556100,MUFG,3737
2004-10-21,8.158842086791992,8.178431591960289,8.08048593427684,8.168636839376141,727800,MUFG,3737
2004-10-22,8.060896873474121,8.149047783432833,8.031513548180907,8.149047783432833,530900,MUFG,3737
2004-10-25,7.88459587097168,8.002130104484516,7.8552125461132345,7.9335687017884595,803700,MUFG,3737
2004-10-26,8.149046897888184,8.207814476167497,7.992334601248637,7.992334601248637,983900,MUFG,3737
2004-10-27,8.198020935058594,8.217610442071638,8.041308615270665,8.041308615270665,550600,MUFG,3737
2004-10-28,8.178431510925293,8.256787662664062,8.12945868256881,8.149047253463998,587000,MUFG,3737
2004-10-29,8.31555461883545,8.403705526341254,8.305759865983907,8.374322201865667,985000,MUFG,3737
2004-11-01,8.295967102050781,8.344939938456394,8.22740475745126,8.315555676165529,1211700,MUFG,3737
2004-11-02,8.521240234375,8.589802574087102,8.384117423108988,8.393911242428635,625700,MUFG,3737
2004-11-03,8.580007553100586,8.756308438384114,8.570212800007315,8.668158462781882,541900,MUFG,3737
2004-11-04,8.717130661010742,8.736720167873523,8.53103501620981,8.599596422071349,616400,MUFG,3737
2004-11-05,8.73672103881836,8.815077205922446,8.658364871714273,8.815077205922446,605500,MUFG,3737
2004-11-08,8.668157577514648,8.795485618407051,8.658362825421703,8.795485618407051,382500,MUFG,3737
2004-11-09,8.619185447692871,8.668158278036392,8.570212617349352,8.648568772267364,849800,MUFG,3737
2004-11-10,8.531035423278809,8.62898109410812,8.491857341762913,8.6093915863106,440900,MUFG,3737
2004-11-11,8.59959602355957,8.638774101390492,8.482061790066801,8.521239867897725,595500,MUFG,3737
2004-11-12,8.72692584991455,8.756309177595849,8.609391605110213,8.717131095994402,498100,MUFG,3737
2004-11-15,9.089322090148926,9.167678242592356,8.94240453783725,8.952199290412434,681500,MUFG,3737
2004-11-16,9.187268257141113,9.236241088653365,9.118706853471403,9.17747350402285,577400,MUFG,3737
2004-11-17,9.412542343139648,9.461515176570495,9.265624776926211,9.265624776926211,835500,MUFG,3737
2004-11-18,9.402748107910156,9.441926186106487,9.334185770507279,9.41254192689994,568900,MUFG,3737
2004-11-19,9.187268257141113,9.392953402229313,9.167678750904585,9.334185817598797,543100,MUFG,3737
2004-11-22,9.13829517364502,9.197062756655049,9.030555694552184,9.187268003806869,334200,MUFG,3737
2004-11-23,9.167677879333496,9.206855954002824,9.108911234368994,9.167677879333496,790200,MUFG,3737
2004-11-24,9.108911514282227,9.1970624185168,9.069733438408973,9.108911514282227,464900,MUFG,3737
2004-11-26,9.167677879333496,9.206855954002824,9.099116482181918,9.108911234368994,425000,MUFG,3737
2004-11-29,9.334185600280762,9.373363677762606,9.27541895109752,9.334185600280762,562100,MUFG,3737
2004-11-30,9.285212516784668,9.343980098444897,9.255829192994065,9.304802022031085,437600,MUFG,3737
2004-12-01,9.569255828857422,9.60843390973581,9.373364490386352,9.40274875160449,606000,MUFG,3737
2004-12-02,9.598638534545898,9.637816612887756,9.500692871651719,9.500692871651719,487300,MUFG,3737
2004-12-03,9.500692367553711,9.57904852007992,9.49089761496818,9.549665196402346,514900,MUFG,3737
2004-12-06,9.51048755645752,9.618227037604132,9.451719972327236,9.52028230949241,283200,MUFG,3737
2004-12-07,9.314597129821777,9.500692766363494,9.314597129821777,9.471309441452497,434300,MUFG,3737
2004-12-08,9.37336254119873,9.432130117335179,9.275417826409894,9.422335365632616,359100,MUFG,3737
2004-12-09,9.069733619689941,9.099116943662427,8.971787961009616,9.099116943662427,684500,MUFG,3737
2004-12-10,8.942405700683594,8.971789028151054,8.854254784202073,8.961994274302187,587100,MUFG,3737
2004-12-13,9.001172065734863,9.059939652856308,8.92281590562568,8.991378246280547,391600,MUFG,3737
2004-12-14,9.020760536193848,9.059938611746349,8.971787708233473,8.981582460641349,335700,MUFG,3737
2004-12-15,8.913021087646484,9.001171057334554,8.864048259544887,8.903226335210364,616700,MUFG,3737
2004-12-16,8.961993217468262,9.108911705638628,8.961993217468262,9.059938876248506,903000,MUFG,3737
2004-12-17,9.001172065734863,9.089322979377474,8.991378246280547,9.010966819268289,587900,MUFG,3737
2004-12-20,9.069733619689941,9.197062602342752,9.059938867006103,9.059938867006103,649300,MUFG,3737
2004-12-21,9.265623092651367,9.285211662015497,9.187266947036978,9.19706169875851,599100,MUFG,3737
2004-12-22,9.441926002502441,9.500692651614653,9.324391770198973,9.363569847633462,481900,MUFG,3737
2004-12-23,9.471309661865234,9.520282493909276,9.383158751001774,9.500692987460027,272800,MUFG,3737
2004-12-27,9.579047203063965,9.598636705541681,9.510485812549739,9.54966388342628,294700,MUFG,3737
2004-12-28,9.814117431640625,9.823911249668035,9.60843230780148,9.60843230780148,473700,MUFG,3737
2004-12-29,9.579047203063965,9.686787598533623,9.539869132187423,9.686787598533623,474100,MUFG,3737
2004-12-30,9.833707809448242,9.863091137089782,9.745556892444482,9.745556892444482,322700,MUFG,3737
2004-12-31,10.010007858276367,10.029596428517596,9.82391130355031,9.843500807870516,226000,MUFG,3737
2005-01-03,9.843501091003418,10.058980974328751,9.696582606612917,10.049186221886917,528200,MUFG,3737
2005-01-04,9.579047203063965,9.9904174143071,9.579047203063965,9.882677952916332,554400,MUFG,3737
2005-01-05,9.755351066589355,9.774939639159848,9.608433503033849,9.637816828929132,851300,MUFG,3737
2005-01-06,9.745555877685547,9.872884862979573,9.725967305990569,9.75535063057256,542800,MUFG,3737
2005-01-07,9.77493953704834,9.823912369081622,9.706378132649192,9.77493953704834,311600,MUFG,3737
2005-01-10,9.853297233581543,9.902269134541827,9.77494013707099,9.794529644718413,614700,MUFG,3737
2005-01-11,9.77493953704834,9.823912369081622,9.69658337942672,9.794529043493284,710600,MUFG,3737
2005-01-12,9.735760688781738,9.745555441230092,9.471308911229213,9.676994042249625,372800,MUFG,3737
2005-01-13,9.598638534545898,9.676994691229615,9.569255209309272,9.647611365992988,618400,MUFG,3737
2005-01-14,9.696582794189453,9.7651451285296,9.579048564850803,9.579048564850803,361100,MUFG,3737
2005-01-18,9.823912620544434,9.892474960777651,9.56925556879525,9.56925556879525,1020100,MUFG,3737
2005-01-19,9.60843276977539,9.74555556954171,9.539870435813214,9.74555556954171,343500,MUFG,3737
2005-01-20,9.422335624694824,9.52028127625556,9.363568981021551,9.500691772311828,646500,MUFG,3737
2005-01-21,9.392953872680664,9.451720526175471,9.373364365462985,9.422337199428068,231000,MUFG,3737
2005-01-24,9.461515426635742,9.520283015121791,9.402748772228822,9.490898753839202,537900,MUFG,3737
2005-01-25,9.392953872680664,9.510488113749393,9.36357054593326,9.510488113749393,520700,MUFG,3737
2005-01-26,9.343979835510254,9.392952663169206,9.304801760198892,9.343979835510254,393100,MUFG,3737
2005-01-27,9.402748107910156,9.41254192689994,9.285212939242099,9.37336384870361,1187500,MUFG,3737
2005-01-28,9.334185600280762,9.363569858951431,9.22644612072545,9.30480227568914,369300,MUFG,3737
2005-01-31,9.32439136505127,9.353774688330661,9.206856203775693,9.275418536866281,417800,MUFG,3737
2005-02-01,9.353775978088379,9.353775978088379,9.285213635543984,9.334186470481656,617600,MUFG,3737
2005-02-02,9.343979835510254,9.383157910821616,9.295007007851304,9.383157910821616,468600,MUFG,3737
2005-02-03,9.216650009155273,9.24603332941533,9.157883368635162,9.24603332941533,704700,MUFG,3737
2005-02-04,9.265623092651367,9.29500641373703,9.177472195315445,9.206855516401108,680200,MUFG,3737
2005-02-07,9.13829517364502,9.167678498110511,9.069733771865856,9.167678498110511,630100,MUFG,3737
2005-02-08,9.07952880859375,9.128500706207708,9.07952880859375,9.11870688713236,534400,MUFG,3737
2005-02-09,9.13829517364502,9.13829517364502,8.961993358693976,9.020760941704005,1211600,MUFG,3737
2005-02-10,9.275418281555176,9.353774430862758,9.148089305410608,9.148089305410608,443600,MUFG,3737
2005-02-11,9.314597129821777,9.432131363544817,9.265624298917412,9.285212870831725,562500,MUFG,3737
2005-02-14,9.441926002502441,9.461514574180164,9.324391770198973,9.334185588998311,414700,MUFG,3737
2005-02-15,9.37336254119873,9.402746796306422,9.314595899141215,9.37336254119873,591000,MUFG,3737
2005-02-16,9.197062492370605,9.285212463234028,9.157884416182744,9.246034387046167,443400,MUFG,3737
2005-02-17,9.001172065734863,9.138295812965492,8.932610659159105,9.0991177329109,537700,MUFG,3737
2005-02-18,8.991377830505371,9.040349727749744,8.873843595776558,8.932610246101431,931400,MUFG,3737
2005-02-22,8.932610511779785,9.00117191722435,8.864049106335221,8.893432432371592,396400,MUFG,3737
2005-02-23,8.883636474609375,8.932609300749947,8.815075078459955,8.913020730741097,1195000,MUFG,3737
2005-02-24,8.844460487365723,8.854255241720706,8.766104320684237,8.824871912734945,1170400,MUFG,3737
2005-02-25,8.913021087646484,8.952199163311962,8.834664936315532,8.844458754672647,1416900,MUFG,3737
2005-02-28,8.981581687927246,9.099115904472901,8.961992184796843,8.971786936362044,901900,MUFG,3737
2005-03-01,8.942405700683594,9.001172355618515,8.913022373216133,8.991378535848787,501100,MUFG,3737
2005-03-02,8.942405700683594,8.95220045453246,8.86404953805094,8.903227619367266,621900,MUFG,3737
2005-03-03,8.883636474609375,8.932609300749947,8.85425315255662,8.90322597869719,702400,MUFG,3737
2005-03-04,8.961993217468262,8.981582722855922,8.903226569463337,8.92281514077197,843300,MUFG,3737
2005-03-07,8.932610511779785,8.961993837816156,8.913021939115236,8.952200018523428,422200,MUFG,3737
2005-03-08,8.86404800415039,8.922814648915896,8.834664681767638,8.922814648915896,563300,MUFG,3737
2005-03-09,9.050145149230957,9.07952941064264,8.961994233154172,9.010967068094512,526900,MUFG,3737
2005-03-10,9.059938430786133,9.07952793521061,8.971787529033955,8.981582281246194,543200,MUFG,3737
2005-03-11,9.118705749511719,9.275418044115233,9.118705749511719,9.236239970464354,1007200,MUFG,3737
2005-03-14,9.13829517364502,9.187268003806869,9.08932234348317,9.148089926493197,1361800,MUFG,3737
2005-03-15,9.050145149230957,9.118707491779086,9.030556575702303,9.118707491779086,528400,MUFG,3737
2005-03-16,8.932610511779785,9.050144750004364,8.903227185743415,9.050144750004364,536000,MUFG,3737
2005-03-17,9.020760536193848,9.020760536193848,8.893431557128473,8.922814880273098,1249800,MUFG,3737
2005-03-18,9.010965347290039,9.04034866901132,8.971787273635346,9.010965347290039,428400,MUFG,3737
2005-03-21,8.991377830505371,9.001171649506807,8.92281549302093,8.98158307742487,1244600,MUFG,3737
2005-03-22,8.942405700683594,9.030556617165113,8.913022373216133,8.961994274302187,1845400,MUFG,3737
2005-03-23,8.83466625213623,8.893432907347552,8.805281990451427,8.893432907347552,1209500,MUFG,3737
2005-03-24,8.73672103881836,8.756309613554784,8.580008704610186,8.589803459017995,1114100,MUFG,3737
2005-03-28,8.695314407348633,8.784042258883627,8.695314407348633,8.784042258883627,657900,MUFG,3737
2005-03-29,8.577010154724121,8.636162363876137,8.498141169316414,8.636162363876137,1031900,MUFG,3737
2005-03-30,8.596726417541504,8.626302047020298,8.52771536183457,8.52771536183457,551700,MUFG,3737
2005-03-31,8.527716636657715,8.586868844650379,8.478424226888354,8.577009986619528,871200,MUFG,3737
2005-04-01,8.675596237182617,8.705171869550828,8.517858277628962,8.517858277628962,615500,MUFG,3737
2005-04-04,8.508000373840332,8.606586139516454,8.429131385222433,8.606586139516454,830000,MUFG,3737
2005-04-05,8.517857551574707,8.547433181421919,8.488280981535176,8.537574324742074,391100,MUFG,3737
2005-04-06,8.606585502624512,8.65587885191109,8.537575377738763,8.537575377738763,384600,MUFG,3737
2005-04-07,8.596726417541504,8.695312162534922,8.577008704427435,8.695312162534922,427600,MUFG,3737
2005-04-08,8.606585502624512,8.65587885191109,8.557293093530369,8.606585502624512,406000,MUFG,3737
2005-04-11,8.66573715209961,8.695312783691161,8.636161520508058,8.646020377769368,414800,MUFG,3737
2005-04-12,8.685455322265625,8.695313239851709,8.53757527616525,8.596727482643885,416400,MUFG,3737
2005-04-13,8.586869239807129,8.685455944267588,8.537575887576901,8.675597085783043,380200,MUFG,3737
2005-04-14,8.517857551574707,8.57700881126913,8.478423065047652,8.507998694894864,358000,MUFG,3737
2005-04-15,8.350261688232422,8.488281936508914,8.350261688232422,8.419271812370669,475700,MUFG,3737
2005-04-18,8.113654136657715,8.261534189010439,8.044644009675258,8.054502867870598,1155800,MUFG,3737
2005-04-19,8.429130554199219,8.438989411852603,8.291109367629073,8.291109367629073,646900,MUFG,3737
2005-04-20,8.379837989807129,8.547434824818671,8.350262354273475,8.508000330709631,392400,MUFG,3737
2005-04-21,8.547433853149414,8.586868342775555,8.419271526816358,8.419271526816358,377100,MUFG,3737
2005-04-22,8.478424072265625,8.586868688049925,8.458706356563516,8.57700983019887,321600,MUFG,3737
2005-04-25,8.685455322265625,8.685455322265625,8.517858500800655,8.517858500800655,312000,MUFG,3737
2005-04-26,8.488282203674316,8.596727762381901,8.438989793562639,8.577010046183267,687600,MUFG,3737
2005-04-27,8.478424072265625,8.517858563477409,8.389696231991001,8.468565214414571,201700,MUFG,3737
2005-04-28,8.379837989807129,8.498141472134247,8.350262354273475,8.350262354273475,379600,MUFG,3737
2005-04-29,8.527716636657715,8.54743435271942,8.389696384995581,8.429130876926541,390100,MUFG,3737
2005-05-02,8.616445541381836,8.62630440062877,8.527717688544557,8.616445541381836,499400,MUFG,3737
2005-05-03,8.517857551574707,8.636161011155872,8.429129721840754,8.636161011155872,678200,MUFG,3737
2005-05-04,8.616445541381836,8.665738897423942,8.537576547791492,8.537576547791492,472300,MUFG,3737
2005-05-05,8.685455322265625,8.734747730773323,8.626303115786989,8.695313239851709,364000,MUFG,3737
2005-05-06,8.724889755249023,8.75446538819573,8.65587869145015,8.65587869145015,211000,MUFG,3737
2005-05-09,8.577010154724121,8.606585789203894,8.547434520244348,8.606585789203894,256200,MUFG,3737
2005-05-10,8.419272422790527,8.498141410436,8.37983792896779,8.47842463362088,275300,MUFG,3737
2005-05-11,8.43898868560791,8.478423172635372,8.369977628165602,8.399554198580448,253800,MUFG,3737
2005-05-12,8.251675605773926,8.379837946006537,8.182665476491941,8.350262310627471,610600,MUFG,3737
2005-05-13,8.202381134033203,8.261533336911798,8.113653299811494,8.24181562255481,1655100,MUFG,3737
2005-05-16,8.222100257873535,8.241817035418126,8.15309012617867,8.162948044854701,591300,MUFG,3737
2005-05-17,8.172805786132812,8.202381418501643,8.103795663874738,8.13337129624357,825300,MUFG,3737
2005-05-18,8.172805786132812,8.202381418501643,8.093936806354327,8.13337129624357,777400,MUFG,3737
2005-05-19,8.300969123840332,8.320685901088977,8.212241275740142,8.231958993181303,1126000,MUFG,3737
2005-05-20,8.202381134033203,8.261533336911798,8.182664359868584,8.261533336911798,468800,MUFG,3737
2005-05-23,8.261533737182617,8.320685002734718,8.182664756318205,8.182664756318205,1022600,MUFG,3737
2005-05-24,8.310826301574707,8.330543074835346,8.25167410140814,8.261532958134621,487200,MUFG,3737
2005-05-25,8.261533737182617,8.291109369958669,8.19252361397436,8.281250512302513,431500,MUFG,3737
2005-05-26,8.15308952331543,8.202381933628349,8.143230665175862,8.202381933628349,663300,MUFG,3737
2005-05-27,8.084077835083008,8.123512324417367,8.044643345748646,8.123512324417367,580600,MUFG,3737
2005-05-31,8.18266487121582,8.251674995393088,8.162947155626643,8.162947155626643,599100,MUFG,3737
2005-06-01,8.310826301574707,8.360118704822467,8.192522841433897,8.241815244681657,989000,MUFG,3737
2005-06-02,8.271393775939941,8.33054504993846,8.25167605781207,8.28125169481133,345700,MUFG,3737
2005-06-03,8.261533737182617,8.350261575703184,8.222099246750412,8.241816021870306,307100,MUFG,3737
2005-06-06,8.350261688232422,8.369978463618024,8.281250623901748,8.281250623901748,338600,MUFG,3737
2005-06-07,8.38969612121582,8.438989469627804,8.320685057362075,8.320685057362075,221200,MUFG,3737
2005-06-08,8.350261688232422,8.468565161123312,8.330543972654393,8.468565161123312,359400,MUFG,3737
2005-06-09,8.340402603149414,8.37983709303837,8.28125039821978,8.29110925574012,262100,MUFG,3737
2005-06-10,8.241816520690918,8.37983771565332,8.231958602630545,8.30096873001551,477300,MUFG,3737
2005-06-13,8.212240219116211,8.241815851280101,8.18266458695232,8.231957934020402,206300,MUFG,3737
2005-06-14,8.241816520690918,8.251675378943762,8.202382027872012,8.2220997443777,387300,MUFG,3737
2005-06-15,8.399554252624512,8.42912988303732,8.31082642119375,8.31082642119375,798000,MUFG,3737
2005-06-16,8.537575721740723,8.57701021472042,8.448847877488284,8.478424452367413,654000,MUFG,3737
2005-06-17,8.586869239807129,8.626303733552813,8.55729360454599,8.596728098291674,380200,MUFG,3737
2005-06-20,8.478424072265625,8.557293054689195,8.429130723202785,8.557293054689195,317800,MUFG,3737
2005-06-21,8.596726417541504,8.646019760134367,8.498139732355776,8.498139732355776,507100,MUFG,3737
2005-06-22,8.517857551574707,8.655877784323238,8.438988578520599,8.626302154476027,524400,MUFG,3737
2005-06-23,8.488282203674316,8.646021112686036,8.478424285767455,8.646021112686036,275000,MUFG,3737
2005-06-24,8.429130554199219,8.498140677388085,8.369978348471323,8.438989411852603,775200,MUFG,3737
2005-06-27,8.379837989807129,8.419272483916169,8.271393366055396,8.271393366055396,462300,MUFG,3737
2005-06-28,8.360118865966797,8.419271067273545,8.300967604852392,8.310826461768908,463400,MUFG,3737
2005-06-29,8.379837989807129,8.458706978025207,8.360120272656358,8.379837989807129,336800,MUFG,3737
2005-06-30,8.360118865966797,8.448846697830746,8.34040209232611,8.438988781106575,416900,MUFG,3737
2005-07-01,8.330544471740723,8.360120106687226,8.271393201847713,8.271393201847713,708000,MUFG,3737
2005-07-05,8.38969612121582,8.409412896465161,8.281250566670971,8.350261630524718,524500,MUFG,3737
2005-07-06,8.231958389282227,8.320685290680867,8.19252389748535,8.320685290680867,550700,MUFG,3737
2005-07-07,8.300969123840332,8.310827982560912,8.133372286360533,8.162947922329757,484700,MUFG,3737
2005-07-08,8.369977951049805,8.369977951049805,8.251674485403688,8.281250116767126,435600,MUFG,3737
2005-07-11,8.360118865966797,8.379836579799827,8.32068437849308,8.350260949242625,333800,MUFG,3737
2005-07-12,8.429130554199219,8.448847329313574,8.330543858050197,8.369978348471323,466200,MUFG,3737
2005-07-13,8.320685386657715,8.350261960990867,8.271392976487379,8.350261960990867,407900,MUFG,3737
2005-07-14,8.291109085083008,8.34040243147769,8.261533453323151,8.291109085083008,334000,MUFG,3737
2005-07-15,8.300969123840332,8.330544759809557,8.222100134460723,8.241816911709368,276800,MUFG,3737
2005-07-18,8.300969123840332,8.330544759809557,8.271393487871107,8.271393487871107,376800,MUFG,3737
2005-07-19,8.143230438232422,8.182664929499234,8.123512722502799,8.16294721376961,733400,MUFG,3737
2005-07-20,8.103796005249023,8.1136539229923,7.9657748147262994,8.103796005249023,744000,MUFG,3737
2005-07-21,8.143230438232422,8.182664929499234,8.074219373371175,8.10379594696561,427200,MUFG,3737
2005-07-22,8.064361572265625,8.133371697931949,8.034784998243675,8.084078348087811,456500,MUFG,3737
2005-07-25,8.093936920166016,8.103795777825056,8.015067939278527,8.084078062506975,429400,MUFG,3737
2005-07-26,7.985492706298828,8.034785116677092,7.837612654586651,7.9657749899935535,470400,MUFG,3737
2005-07-27,8.113654136657715,8.162947487441956,8.044644009675258,8.074219644068815,656300,MUFG,3737
2005-07-28,8.241816520690918,8.241816520690918,8.133371900487047,8.143230758739891,734100,MUFG,3737
2005-07-29,8.18266487121582,8.281250628584429,8.172806013421232,8.2418161375985,369800,MUFG,3737
2005-08-01,8.340402603149414,8.350261460669753,8.261533623371504,8.28125039821978,862500,MUFG,3737
2005-08-02,8.458706855773926,8.488282490880131,8.320685658290818,8.330544516723716,1141200,MUFG,3737
2005-08-03,8.399554252624512,8.478423227186893,8.399554252624512,8.419271026168937,315300,MUFG,3737
2005-08-04,8.38969612121582,8.468565102598026,8.37983726349494,8.3995549789367,440500,MUFG,3737
2005-08-05,8.261533737182617,8.369978350823079,8.212240389094257,8.369978350823079,634500,MUFG,3737
2005-08-08,8.320685386657715,8.36011987890946,8.281250894405972,8.281250894405972,449100,MUFG,3737
2005-08-09,8.429130554199219,8.498140677388085,8.389696063778093,8.419271696545835,450300,MUFG,3737
2005-08-10,8.734748840332031,8.971356756110005,8.62630421157018,8.62630421157018,2235400,MUFG,3737
2005-08-11,9.158670425415039,9.158670425415039,8.931922307655231,8.941780226545946,1376300,MUFG,3737
2005-08-12,9.198102951049805,9.21782066499222,9.069940631001163,9.109375118693642,907200,MUFG,3737
2005-08-15,9.631884574890137,9.631884574890137,9.365701041369356,9.365701041369356,2061900,MUFG,3737
2005-08-16,9.454428672790527,9.612166641606612,9.434710956592289,9.562873291303472,1121600,MUFG,3737
2005-08-17,9.543155670166016,9.602306933137447,9.523437955713957,9.533296812939986,873800,MUFG,3737
2005-08-18,9.533297538757324,9.553014314518146,9.375559571900968,9.553014314518146,1040400,MUFG,3737
2005-08-19,9.602307319641113,9.66145952518586,9.562872829342085,9.572731686964946,786500,MUFG,3737
2005-08-22,10.105098724365234,10.144533218364813,9.937501889818899,10.055805371817636,2832300,MUFG,3737
2005-08-23,9.799479484558105,9.996652870479473,9.760044995412308,9.94735952399913,1656600,MUFG,3737
2005-08-24,10.174108505249023,10.262836348756364,10.154391729020984,10.154391729020984,1536300,MUFG,3737
2005-08-25,10.006510734558105,10.05580408077705,9.917783839594861,10.0360873064049,887800,MUFG,3737
2005-08-26,9.957219123840332,10.105098234116271,9.917784631753918,10.105098234116271,530800,MUFG,3737
2005-08-29,9.927641868591309,9.9473595833781,9.838914032435525,9.888207379210115,873600,MUFG,3737
2005-08-30,10.045945167541504,10.095238513485898,9.967076190107425,9.98679390456213,959700,MUFG,3737
2005-08-31,10.20368480682373,10.20368480682373,10.016370266611434,10.045945900258264,1049800,MUFG,3737
2005-09-01,10.075521469116211,10.154390444435949,9.976934779870364,10.006510410567179,1140000,MUFG,3737
2005-09-02,10.026229858398438,10.124816564693564,9.996654222586903,10.124816564693564,745900,MUFG,3737
2005-09-06,10.25297737121582,10.262836229311329,10.07552262645893,10.095239402457494,1378400,MUFG,3737
2005-09-07,10.055805206298828,10.105098558035056,9.996653936369341,10.026229571334085,2451300,MUFG,3737
2005-09-08,9.88820743560791,9.907925150507163,9.8487729460018,9.868490660901053,1973300,MUFG,3737
2005-09-09,10.22340202331543,10.252977658237441,10.06566405014139,10.06566405014139,1385900,MUFG,3737
2005-09-12,10.489585876464844,10.637464995754318,10.400858028814156,10.450151381974816,2728800,MUFG,3737
2005-09-13,10.371282577514648,10.469868345397442,10.341706000976535,10.450151567897894,1136600,MUFG,3737
2005-09-14,10.174108505249023,10.34170533405345,10.144532870810732,10.321988557825414,862100,MUFG,3737
2005-09-15,10.548736572265625,10.578312206470532,10.381139744783713,10.381139744783713,1253600,MUFG,3737
2005-09-16,10.795202255249023,10.824777889100035,10.627605429772542,10.647323145801517,1261700,MUFG,3737
2005-09-19,10.716333389282227,10.795202373879933,10.676898896983374,10.785343515757106,1990400,MUFG,3737
2005-09-20,10.943082809448242,11.0909619257141,10.85435496361173,10.913506234041076,3076800,MUFG,3737
2005-09-21,10.933222770690918,11.090960728397343,10.933222770690918,10.972657260117524,2457500,MUFG,3737
2005-09-22,11.002233505249023,11.012092363203166,10.844495538752504,10.962799013624894,862400,MUFG,3737
2005-09-23,10.903647422790527,11.090961017399728,10.883929707467235,11.002233178829742,988000,MUFG,3737
2005-09-26,10.972658157348633,11.081102777091187,10.91350594827567,11.012092649999786,1247700,MUFG,3737
2005-09-27,11.315583229064941,11.364996445584966,11.05863525714378,11.05863525714378,4245200,MUFG,3737
2005-09-28,12.096309661865234,12.165488545574666,12.046896442781001,12.0567792750936,2338700,MUFG,3737
2005-09-29,12.689265251159668,12.699148082572902,12.501495224222934,12.590438821984684,3110000,MUFG,3737
2005-09-30,12.877036094665527,12.896801760192053,12.669501319031031,12.86715420438107,1949500,MUFG,3737
2005-10-03,12.303844451904297,12.491614496292888,12.205018956022881,12.392788057932707,1217800,MUFG,3737
2005-10-04,12.066661834716797,12.244549042408535,12.056779002627536,12.106192220595101,1521100,MUFG,3737
2005-10-05,11.908539772033691,12.096308861149886,11.888774108716882,12.056778476994966,1506500,MUFG,3737
2005-10-06,11.651592254638672,11.908540232827448,11.5330010975851,11.612061868954148,2452500,MUFG,3737
2005-10-07,11.91842269897461,11.957953083445558,11.750418329353405,11.809713434820472,1453000,MUFG,3737
2005-10-10,11.839361190795898,11.97771801005869,11.809713637553417,11.957953288723276,1389300,MUFG,3737
2005-10-11,12.679383277893066,12.837504821291839,12.511378902412185,12.590439674111572,3432400,MUFG,3737
2005-10-12,12.42243480682373,12.629969559937958,12.382904422539054,12.560791623059451,2783700,MUFG,3737
2005-10-13,12.797974586486816,12.975861796149273,12.610205487104365,12.748561367971828,2085900,MUFG,3737
2005-10-14,12.797974586486816,12.837504972803057,12.481731495956895,12.550909436390628,1945700,MUFG,3737
2005-10-17,12.175371170043945,12.185254002952853,11.95795450092089,12.10619322463923,2998100,MUFG,3737
2005-10-18,12.007365226745605,12.056778442417217,11.869009353839528,12.02713089000573,2226500,MUFG,3737
2005-10-19,12.205018997192383,12.214900887078722,11.869010236608872,11.898657791225427,2395800,MUFG,3737
2005-10-20,11.957953453063965,12.234666152913743,11.948070621021074,12.185252935178028,1864900,MUFG,3737
2005-10-21,12.264313697814941,12.44220090454513,12.106192155156435,12.44220090454513,1718000,MUFG,3737
2005-10-24,12.205018997192383,12.254431274060384,12.037014616900628,12.096309726133736,1599400,MUFG,3737
2005-10-25,12.007365226745605,12.205018089432055,11.957952953552692,12.056778442417217,1623400,MUFG,3737
2005-10-26,12.254430770874023,12.422435144267252,12.1061920613994,12.1061920613994,1473000,MUFG,3737
2005-10-27,12.155604362487793,12.43231703913993,12.155604362487793,12.353256274382177,1058200,MUFG,3737
2005-10-28,12.452083587646484,12.452083587646484,12.165488059386114,12.32360960015339,1250000,MUFG,3737
2005-10-31,12.54102611541748,12.590439332006637,12.45208345653146,12.45208345653146,1519800,MUFG,3737
2005-11-01,12.936331748962402,13.025275356125311,12.778210199552243,12.847388141799494,1142700,MUFG,3737
2005-11-02,13.717057228088379,13.74670478216621,13.193279374479173,13.32175242297603,2719100,MUFG,3737
2005-11-03,13.766469955444336,13.82576506148476,13.69729107509222,13.766469955444336,2714900,MUFG,3737
2005-11-04,13.904826164245605,14.023417321645717,13.756587453115154,13.756587453115154,2662900,MUFG,3737
2005-11-07,13.93447494506836,14.013535718283261,13.914709280525255,13.983887221468603,1318800,MUFG,3737
2005-11-08,13.48975658416748,13.717057008400493,13.47987469461897,13.717057008400493,1768500,MUFG,3737
2005-11-09,13.282221794128418,13.36128350768992,12.975861541802379,13.133983083967914,2061700,MUFG,3737
2005-11-10,13.114218711853027,13.143866266179314,12.906683946611505,13.09445304731633,1815100,MUFG,3737
2005-11-11,13.183396339416504,13.282221832314718,13.143865953761471,13.242691446659686,1063700,MUFG,3737
2005-11-14,12.886918067932129,12.98574450401589,12.73867935628523,12.837504849890248,2180200,MUFG,3737
2005-11-15,12.590439796447754,12.847387778206791,12.55090941021396,12.610205460804027,1997200,MUFG,3737
2005-11-16,12.679383277893066,12.748561217510344,12.629970059961265,12.649735724125481,1546300,MUFG,3737
2005-11-17,13.301987648010254,13.390931252367626,13.005509280978595,13.025274945270787,2973900,MUFG,3737
2005-11-18,13.143866539001465,13.341518476077223,13.064805764171162,13.301988088662071,1108400,MUFG,3737
2005-11-21,12.98574447631836,13.045039583859149,12.867153318758035,13.045039583859149,2044500,MUFG,3737
2005-11-22,12.679383277893066,12.689266109975176,12.42243529863069,12.531144566576401,2833400,MUFG,3737
2005-11-23,12.886918067932129,12.98574450401589,12.620088198471962,12.797974463952492,1314000,MUFG,3737
2005-11-25,12.995626449584961,13.183396490456674,12.956096063477034,13.183396490456674,1099200,MUFG,3737
2005-11-28,12.689265251159668,12.797973569269208,12.58055599057145,12.797973569269208,1401700,MUFG,3737
2005-11-29,12.817739486694336,12.956095359313062,12.8078566550848,12.926447806963148,1163300,MUFG,3737
2005-11-30,12.501495361328125,12.610204623108569,12.501495361328125,12.550908576457536,2563000,MUFG,3737
2005-12-01,13.025275230407715,13.025275230407715,12.797974798465392,12.847388017798833,2692400,MUFG,3737
2005-12-02,12.72879695892334,12.867153785670329,12.679383739193788,12.847388120786999,1332100,MUFG,3737
2005-12-05,12.936331748962402,13.025275356125311,12.867153806715152,13.025275356125311,1237100,MUFG,3737
2005-12-06,13.469991683959961,13.529286790379635,13.222926541427633,13.23280937332382,1753500,MUFG,3737
2005-12-07,13.282221794128418,13.381048229221244,13.173513469509297,13.341517843679862,1068200,MUFG,3737
2005-12-08,13.005508422851562,13.124099573343617,12.92644765585686,13.025274085839582,1617200,MUFG,3737
2005-12-09,13.420578002929688,13.450225555114434,13.27233929952726,13.29210402015753,939900,MUFG,3737
2005-12-12,13.657761573791504,13.687410071208463,13.578700798970504,13.578700798970504,1265200,MUFG,3737
2005-12-13,13.717057228088379,13.776352336244042,13.539170018663883,13.637996455561659,1667300,MUFG,3737
2005-12-14,13.647879600524902,13.825765871547386,13.637996768112883,13.746705097208777,1250800,MUFG,3737
2005-12-15,13.69729232788086,13.776353104818332,13.628114383680273,13.707175160617744,1100100,MUFG,3737
2005-12-16,13.904826164245605,14.003652599985069,13.825765392645533,13.835648224715227,1132600,MUFG,3737
2005-12-19,14.003652572631836,14.171656947573515,13.954239354858624,14.043182958354658,1785000,MUFG,3737
2005-12-20,14.20130443572998,14.310012760346545,14.142009328658666,14.18153971419912,1188700,MUFG,3737
2005-12-21,14.161774635314941,14.191422190075553,14.062948196141203,14.1222442481412,953600,MUFG,3737
2005-12-22,14.102478981018066,14.1321265346334,13.98388688159926,14.02341726724595,1573600,MUFG,3737
2005-12-23,14.191422462463379,14.310013626260819,14.161774907133717,14.201305295066195,1724200,MUFG,3737
2005-12-27,13.835647583007812,14.122243102385255,13.77635153581858,14.102478381641308,1888500,MUFG,3737
2005-12-28,13.894944190979004,14.013535347664956,13.85541380541702,13.934474576540989,785400,MUFG,3737
2005-12-29,13.628113746643066,13.786235293126722,13.578700527747234,13.73682207423089,830800,MUFG,3737
2005-12-30,13.529287338256836,13.637996608559696,13.361283901611872,13.628113776263298,714500,MUFG,3737
2006-01-03,13.96412181854248,14.230951679513009,13.637995909312549,13.637995909312549,1478700,MUFG,3737
2006-01-04,14.062948226928711,14.072831059363475,13.865296290627297,13.865296290627297,2036600,MUFG,3737
2006-01-05,13.815882682800293,14.033300277863285,13.588583198058924,14.033300277863285,1755800,MUFG,3737
2006-01-06,13.825765609741211,13.964122433453223,13.697291618254075,13.766470501349458,1408000,MUFG,3737
2006-01-09,14.013535499572754,14.013535499572754,13.85541395561077,13.934474727591763,1204500,MUFG,3737
2006-01-10,13.242691993713379,13.440344872632293,13.183396884020725,13.341518433172835,2915300,MUFG,3737
2006-01-11,13.509522438049316,13.549052824235027,13.32175239680813,13.32175239680813,1572300,MUFG,3737
2006-01-12,13.163630485534668,13.390930906632569,13.035156498388675,13.390930906632569,1261700,MUFG,3737
2006-01-13,13.094453811645508,13.153749866237977,13.02527586668664,13.114219477335936,1115600,MUFG,3737
2006-01-17,13.203160285949707,13.252573500737517,13.14386518218728,13.242690669284219,2176100,MUFG,3737
2006-01-18,13.094453811645508,13.163631756604376,12.85727147823326,12.96597981209417,1887300,MUFG,3737
2006-01-19,13.381049156188965,13.430462377158461,13.213044770379954,13.292105546939629,2000400,MUFG,3737
2006-01-20,12.758443832397461,13.153748626643614,12.6497355087811,13.143865794729747,2041300,MUFG,3737
2006-01-23,13.025275230407715,13.054922785016274,12.857270850161276,12.975862011074273,2291900,MUFG,3737
2006-01-24,13.06480598449707,13.183397148742456,13.035157486576628,13.045040319216774,1159400,MUFG,3737
2006-01-25,13.104334831237793,13.213043150056683,13.054921616327867,13.213043150056683,873000,MUFG,3737
2006-01-26,13.707174301147461,13.786235073127646,13.509522371196995,13.53916992506988,1591600,MUFG,3737
2006-01-27,14.112360954284668,14.221070222316976,13.954239410759936,13.954239410759936,1492400,MUFG,3737
2006-01-30,14.072831153869629,14.230952703972624,13.934475268768898,14.230952703972624,1398800,MUFG,3737
2006-01-31,14.280364990234375,14.310012543320395,14.082713065529703,14.250717437148353,1363600,MUFG,3737
2006-02-01,14.12224292755127,14.13212575904024,13.934473841654237,14.082712544074068,815100,MUFG,3737
2006-02-02,13.954238891601562,14.161773645376263,13.914708507191081,14.122243260965782,777600,MUFG,3737
2006-02-03,14.013535499572754,14.122243825426933,13.85541395561077,13.914709063357142,1074200,MUFG,3737
2006-02-06,13.69729232788086,13.815883493287068,13.618231550943388,13.786235937555217,1149000,MUFG,3737
2006-02-07,13.687409400939941,13.796117725375709,13.637996183476872,13.667643736963221,1002300,MUFG,3737
2006-02-08,13.608348846435547,13.657761122205802,13.460109191688542,13.588583182144447,677800,MUFG,3737
2006-02-09,13.618230819702148,13.835648415845196,13.588583265562246,13.66764403825449,1628200,MUFG,3737
2006-02-10,13.55893611907959,13.677527281683467,13.410696458965658,13.62811406164549,970500,MUFG,3737
2006-02-13,13.44034481048584,13.598466358906816,13.36128403627535,13.598466358906816,1142500,MUFG,3737
2006-02-14,13.756587982177734,13.766470814627512,13.450226773586094,13.489757160906425,1210500,MUFG,3737
2006-02-15,13.756587982177734,13.885061976588501,13.667644375087297,13.825765924368618,961700,MUFG,3737
2006-02-16,13.98388671875,13.98388671875,13.766470071464497,13.806000456650835,1319100,MUFG,3737
2006-02-17,13.707174301147461,13.71705713326467,13.351400827236624,13.351400827236624,1536600,MUFG,3737
2006-02-21,13.390931129455566,13.499639454628577,13.292104693859201,13.440344347253749,1148700,MUFG,3737
2006-02-22,13.618230819702148,13.687409702666928,13.301987728933174,13.341518115279296,3510200,MUFG,3737
2006-02-23,13.815882682800293,13.964122337720912,13.746704742657919,13.825765514957416,2348200,MUFG,3737
2006-02-24,14.181539535522461,14.310012580051222,14.033299884754415,14.072830269796816,2071600,MUFG,3737
2006-02-27,14.606492042541504,14.626257707795244,14.339662158967581,14.339662158967581,2336700,MUFG,3737
2006-02-28,14.725082397460938,14.912852437138024,14.67567012199946,14.912852437138024,2474900,MUFG,3737
2006-03-01,14.774496078491211,14.823909297980233,14.626257362502917,14.705318136693844,1816000,MUFG,3737
2006-03-02,14.487899780273438,14.606490935370289,14.428604673964372,14.557077718460254,2207000,MUFG,3737
2006-03-03,14.428605079650879,14.527430573770886,14.280365424752745,14.497783019782759,1897200,MUFG,3737
2006-03-06,14.043183326721191,14.250718092829535,14.003652939961448,14.230952428210282,1981300,MUFG,3737
2006-03-07,13.993769645690918,14.062947584617083,13.82576527188846,13.993769645690918,1374900,MUFG,3737
2006-03-08,13.944356918334961,14.03330052435385,13.637996655912973,14.003652969840475,2224300,MUFG,3737
2006-03-09,13.96412181854248,14.37919132892216,13.944356154963108,14.230951679513009,1956100,MUFG,3737
2006-03-10,14.221070289611816,14.230952179269817,14.053065913202099,14.151891407133332,1417400,MUFG,3737
2006-03-13,14.438486099243164,14.497782146124898,14.300130227316934,14.300130227316934,1380300,MUFG,3737
2006-03-14,14.586726188659668,14.626256573623026,14.230951781510731,14.329778215158486,2952500,MUFG,3737
2006-03-15,14.310012817382812,14.379191699213388,14.211187324377152,14.329778481471187,2098700,MUFG,3737
2006-03-16,14.043183326721191,14.092596545790562,13.934474998751588,14.023417662101938,2318000,MUFG,3737
2006-03-17,14.270482063293457,14.310012447970996,14.15189090926084,14.28036489508252,1416900,MUFG,3737
2006-03-20,14.379192352294922,14.517548237282515,14.339661964801499,14.478017849789092,1487600,MUFG,3737
2006-03-21,14.270482063293457,14.487899650259276,14.240834510404982,14.379191328015724,1210900,MUFG,3737
2006-03-22,14.300130844116211,14.319895565610162,14.161774023743625,14.250717626663235,963100,MUFG,3737
2006-03-23,13.993769645690918,14.201304404948145,13.914708874781377,14.201304404948145,1269700,MUFG,3737
2006-03-24,14.250718116760254,14.319896058086282,14.072830904803308,14.132126956281878,770400,MUFG,3737
2006-03-27,14.300130844116211,14.349544061569187,14.280365180143528,14.31001273362382,804700,MUFG,3737
2006-03-28,14.0960693359375,14.254564238149236,14.066351955078394,14.165411150873418,1200600,MUFG,3737
2006-03-29,14.531928062438965,14.55173933395904,14.284281027898013,14.284281027898013,1086400,MUFG,3737
2006-03-30,15.344209671020508,15.413551481449172,14.957880910868198,15.056939155525878,4380200,MUFG,3737
2006-03-31,15.066845893859863,15.264963336163715,14.938069320187738,15.235245955992758,2069800,MUFG,3737
2006-04-03,15.45317554473877,15.532422521300632,15.324398971651123,15.45317554473877,1907100,MUFG,3737
2006-04-04,15.3243989944458,15.344210266266495,15.195622421166604,15.28477550610593,1039100,MUFG,3737
2006-04-05,15.681010246276855,15.710727626085705,15.492798914556184,15.502704078026818,1312800,MUFG,3737
2006-04-06,15.997998237609863,16.037622670503037,15.859316501277661,15.997998237609863,2268000,MUFG,3737
2006-04-07,15.958375930786133,16.196116863480157,15.879128953221457,16.146586321629123,1310700,MUFG,3737
2006-04-10,16.0277156829834,16.136680978064728,15.908844280222235,16.136680978064728,880200,MUFG,3737
2006-04-11,15.740446090698242,15.948469640608739,15.611669517449034,15.898939099322336,1160400,MUFG,3737
2006-04-12,15.572046279907227,15.59185755204237,15.334304401396041,15.502704465687987,1049100,MUFG,3737
2006-04-13,15.502703666687012,15.591856748446492,15.364021934793103,15.433362800740058,858300,MUFG,3737
2006-04-17,15.264963150024414,15.453175426441897,15.047033493798345,15.453175426441897,1032300,MUFG,3737
2006-04-18,15.8593168258667,15.918751587025945,15.502704480117247,15.502704480117247,1425400,MUFG,3737
2006-04-19,15.581951141357422,15.63148073778222,15.45317551323082,15.45317551323082,2196700,MUFG,3737
2006-04-20,15.463081359863281,15.5225170671384,15.36402310733611,15.4927996858501,1360800,MUFG,3737
2006-04-21,15.532422065734863,15.64138641913688,15.472986362707475,15.631480311182575,802400,MUFG,3737
2006-04-24,15.63148021697998,15.700822027543788,15.304586214045493,15.463080161565433,2089800,MUFG,3737
2006-04-25,15.770163536071777,15.908845273454034,15.730540047577064,15.849410513061205,1098400,MUFG,3737
2006-04-26,15.681010246276855,15.789974602041616,15.621575486659157,15.78006943857098,934700,MUFG,3737
2006-04-27,15.750351905822754,15.908845865701956,15.49279969336831,15.621576271944791,1125500,MUFG,3737
2006-04-28,15.51261043548584,15.641387009658272,15.50270432715754,15.56214003242885,819800,MUFG,3737
2006-05-01,15.562140464782715,15.89893965501561,15.512610866463653,15.671104825325841,1006700,MUFG,3737
2006-05-02,15.641386985778809,15.819693156622034,15.572046116983547,15.67110436601985,1114000,MUFG,3737
2006-05-03,15.89893913269043,15.89893913269043,15.66119914690609,15.760257395591358,921700,MUFG,3737
2006-05-04,15.8593168258667,15.889035151144817,15.740446358849715,15.86922293429274,611300,MUFG,3737
2006-05-05,16.077245712280273,16.13668236346215,15.889035318395367,15.938563971649918,978400,MUFG,3737
2006-05-08,16.443763732910156,16.59235157811839,16.384328972706253,16.56263325331796,1232800,MUFG,3737
2006-05-09,16.523012161254883,16.523012161254883,16.30508153903297,16.39423463186973,1249700,MUFG,3737
2006-05-10,16.265459060668945,16.453671356275517,16.21593040417112,16.423953028738545,1049600,MUFG,3737
2006-05-11,15.740446090698242,16.235739222482042,15.690916494110319,16.19611667884988,1492500,MUFG,3737
2006-05-12,15.581951141357422,15.879128719906198,15.56213986960659,15.85931650345689,1138000,MUFG,3737
2006-05-15,15.869222640991211,15.95837572578081,15.700822579654965,15.780069556201612,1614800,MUFG,3737
2006-05-16,15.552233695983887,15.621575508566405,15.32439887596575,15.502704099767366,2598300,MUFG,3737
2006-05-17,14.928163528442383,15.591857682757464,14.819199169039347,15.492799431854296,2398200,MUFG,3737
2006-05-18,14.839009284973145,15.096562417708203,14.819198014215756,14.888538878914261,1238200,MUFG,3737
2006-05-19,14.928163528442383,15.056940104845152,14.700328701136446,14.848916549840448,1112700,MUFG,3737
2006-05-22,13.660210609436035,14.343716020207031,12.818210300436963,14.195128174947657,6489800,MUFG,3737
2006-05-23,13.61068058013916,13.947480693032885,13.42246925248008,13.432375360435415,5357300,MUFG,3737
2006-05-24,13.244163513183594,13.62058712528249,12.927175606025989,13.54134014849309,3557400,MUFG,3737
2006-05-25,13.273880958557129,13.363034044058088,13.145105329165174,13.244163578289639,1388700,MUFG,3737
2006-05-26,13.49181079864502,13.521528179310076,13.382846439740813,13.432376037314906,1987800,MUFG,3737
2006-05-30,13.36303424835205,13.848422227168447,13.353128139878613,13.83851706339351,1881000,MUFG,3737
2006-05-31,13.6304931640625,13.788987116833242,13.452186994846176,13.452186994846176,1672500,MUFG,3737
2006-06-01,13.868233680725098,13.868233680725098,13.52152746082759,13.630492758640294,2087300,MUFG,3737
2006-06-02,13.848422050476074,13.997010841586276,13.769175073096696,13.967293461243631,1638200,MUFG,3737
2006-06-05,13.412564277648926,13.719647037318158,13.323411187915971,13.382846895970784,1955600,MUFG,3737
2006-06-06,13.164916038513184,13.303598714999067,12.996515983029768,13.164916038513184,1751000,MUFG,3737
2006-06-07,13.065857887268066,13.224352792146869,13.006423124549721,13.1748231934159,3351100,MUFG,3737
2006-06-08,12.590375900268555,13.036140395681038,12.134705296253935,12.976705633465247,7610700,MUFG,3737
2006-06-09,12.719151496887207,13.125292471261279,12.570562713412356,12.828115849010015,3495900,MUFG,3737
2006-06-12,12.471505165100098,12.818210456492432,12.42197556784448,12.758775695544486,2356800,MUFG,3737
2006-06-13,12.283292770385742,12.431881560772556,12.134704924697411,12.332822367181347,2076400,MUFG,3737
2006-06-14,12.273387908935547,12.273387908935547,11.877152069514535,12.253575691850168,1922900,MUFG,3737
2006-06-15,12.828116416931152,12.946986882154555,12.550751998076546,12.610186758339006,3354800,MUFG,3737
2006-06-16,12.699339866638184,12.867739928853695,12.669622486452647,12.857833820559021,1125000,MUFG,3737
2006-06-19,12.491316795349121,12.679529081377414,12.48141163137278,12.629999482701626,1271200,MUFG,3737
2006-06-20,12.560657501220703,12.7290575550155,12.501221799123183,12.7290575550155,2039800,MUFG,3737
2006-06-21,12.729058265686035,12.778586918051005,12.49131638872113,12.530939877432198,1561100,MUFG,3737
2006-06-22,12.679529190063477,12.808305769844964,12.560658719041765,12.788493552325415,997800,MUFG,3737
2006-06-23,12.75877571105957,12.82811658048266,12.719152222146592,12.788493091569682,1444100,MUFG,3737
2006-06-26,13.036139488220215,13.036139488220215,12.857833324587917,12.877645540413036,1257800,MUFG,3737
2006-06-27,12.927175521850586,13.155010342461948,12.857833709087519,13.06585725797977,1011200,MUFG,3737
2006-06-28,13.046046257019043,13.164916723896162,12.976705387515345,13.164916723896162,1588400,MUFG,3737
2006-06-29,13.838517189025879,13.937575440564041,13.323410880112801,13.541340545014373,2928800,MUFG,3737
2006-06-30,13.818704605102539,13.868234201906185,13.680022867690507,13.828610713402965,1222700,MUFG,3737
2006-07-03,14.105975151062012,14.105975151062012,13.868234219737014,13.967293413471673,625900,MUFG,3737
2006-07-05,13.561151504516602,13.769175056054623,13.47199936359901,13.769175056054623,1601900,MUFG,3737
2006-07-06,13.561151504516602,13.68992807877333,13.452187146929443,13.561151504516602,1089000,MUFG,3737
2006-07-07,13.372940063476562,13.551246233293096,13.343222683406633,13.501716636710894,841900,MUFG,3737
2006-07-10,14.026727676391602,14.145598137837476,13.947480702094351,14.016821568429831,1495900,MUFG,3737
2006-07-11,14.205034255981445,14.234751636036645,13.917763729585241,14.214940364232671,1929400,MUFG,3737
2006-07-12,13.868233680725098,13.987104141767498,13.749363219682696,13.987104141767498,735500,MUFG,3737
2006-07-13,13.511622428894043,14.006916493732849,13.511622428894043,13.88804603153535,1918500,MUFG,3737
2006-07-14,13.323410034179688,13.372939629153278,13.125292598983773,13.372939629153278,1515300,MUFG,3737
2006-07-17,13.194633483886719,13.27388045807775,13.095575238497153,13.145104833541161,1553400,MUFG,3737
2006-07-18,12.956892967224121,13.026233835638957,12.659716332348646,13.01632867207861,2383400,MUFG,3737
2006-07-19,13.313504219055176,13.402657303028734,12.788492768064577,12.867739743885858,2483900,MUFG,3737
2006-07-20,13.00642204284668,13.28378645009465,13.00642204284668,13.244162963344941,1253600,MUFG,3737
2006-07-21,13.145105361938477,13.313504480339766,13.085669656556824,13.273880991651495,1076500,MUFG,3737
2006-07-24,13.372940063476562,13.422469660058765,13.204540001916165,13.303599195080567,1002300,MUFG,3737
2006-07-25,13.204540252685547,13.28378723084267,13.105481057639896,13.174822872051251,1316100,MUFG,3737
2006-07-26,12.996517181396484,13.115387653045712,12.927176309109068,13.016329399020623,918900,MUFG,3737
2006-07-27,13.323410034179688,13.42246922412687,13.273880439206097,13.283786547140505,1384900,MUFG,3737
2006-07-28,13.95738697052002,14.016821729577035,13.670116449215213,13.670116449215213,1665100,MUFG,3737
2006-07-31,13.818704605102539,13.85832809360576,13.650304542789227,13.769175008298891,1057500,MUFG,3737
2006-08-01,13.30359935760498,13.452187204468341,13.17482278279744,13.372940226848083,1984800,MUFG,3737
2006-08-02,13.531434059143066,13.580963655880328,13.372940105342614,13.372940105342614,1473700,MUFG,3737
2006-08-03,13.382845878601074,13.432375474098404,13.164916225231904,13.164916225231904,1798700,MUFG,3737
2006-08-04,13.55124568939209,13.798892717664907,13.382845634590698,13.620586555004977,2753700,MUFG,3737
2006-08-07,13.343222618103027,13.412563486159659,13.174822557366802,13.402657377952004,1227300,MUFG,3737
2006-08-08,13.293692588806152,13.392751778259525,13.224351723007857,13.244162994079465,1086100,MUFG,3737
2006-08-09,13.521528244018555,13.719646635263041,13.501716971713208,13.5809639503316,958700,MUFG,3737
2006-08-10,13.769174575805664,13.83851638703212,13.68002243799757,13.759269412514845,1108200,MUFG,3737
2006-08-11,13.372940063476562,13.600774885176818,13.343222683406633,13.600774885176818,703000,MUFG,3737
2006-08-14,13.61068058013916,13.70973977029559,13.521527497938061,13.551245821804061,817800,MUFG,3737
2006-08-15,13.897951126098633,14.016821587707998,13.759269393236933,13.779080664489268,1184200,MUFG,3737
2006-08-16,14.125787734985352,14.145599007428324,13.967293776647546,13.967293776647546,1628100,MUFG,3737
2006-08-17,14.076257705688477,14.145598574162799,13.937575024041355,13.957387240576006,731600,MUFG,3737
2006-08-18,14.066351890563965,14.086164107511504,13.947481422974233,14.016822292893618,676100,MUFG,3737
2006-08-21,13.947481155395508,14.066351620704742,13.937575047111784,14.066351620704742,711100,MUFG,3737
2006-08-22,13.937575340270996,13.997011046525008,13.888046687207572,13.967293665747254,952600,MUFG,3737
2006-08-23,13.937575340270996,14.016822318810679,13.858328361731314,13.947481448763082,1233500,MUFG,3737
2006-08-24,13.729552268981934,13.85832884981903,13.709740995998514,13.798894086170238,1204900,MUFG,3737
2006-08-25,13.680023193359375,13.779081444626383,13.670117084823122,13.729551846643625,1064400,MUFG,3737
2006-08-28,13.521528244018555,13.600775222636948,13.402657776090964,13.44228126540016,1227800,MUFG,3737
2006-08-29,13.620587348937988,13.660210837983323,13.47199950119261,13.541340370847319,577800,MUFG,3737
2006-08-30,13.531434059143066,13.580963655880328,13.45218708224284,13.511622787267251,683500,MUFG,3737
2006-08-31,13.442281723022461,13.541340922017026,13.402658232364342,13.48190521368058,1067000,MUFG,3737
2006-09-01,13.620587348937988,13.660210837983323,13.511622990237942,13.541340370847319,1258200,MUFG,3737
2006-09-05,13.759270668029785,13.779081941117628,13.689928850475981,13.769175832224438,587100,MUFG,3737
2006-09-06,13.422469139099121,13.680022275571504,13.392751760182598,13.680022275571504,598900,MUFG,3737
2006-09-07,13.313504219055176,13.372939923270371,13.194633755323256,13.372939923270371,884400,MUFG,3737
2006-09-08,13.333316802978516,13.353128075130826,13.263975933397685,13.353128075130826,548500,MUFG,3737
2006-09-11,13.026233673095703,13.11538675691573,12.91726931770371,13.11538675691573,1449300,MUFG,3737
2006-09-12,13.125293731689453,13.155011113358823,12.95689366106548,12.95689366106548,3945800,MUFG,3737
2006-09-13,12.788492202758789,12.838021796632288,12.63990436583672,12.818209581203517,2436400,MUFG,3737
2006-09-14,12.629998207092285,12.709245179090324,12.570562505744544,12.629998207092285,1630300,MUFG,3737
2006-09-15,12.600281715393066,12.729058290125916,12.590375607021658,12.719152181754508,1214000,MUFG,3737
2006-09-18,12.629998207092285,12.679527800765666,12.580468613418905,12.600280828767627,893500,MUFG,3737
2006-09-19,12.412069320678711,12.590375490925958,12.303104963693439,12.590375490925958,1418800,MUFG,3737
2006-09-20,12.253575325012207,12.36253968162418,12.223857944972302,12.29319881329824,3175500,MUFG,3737
2006-09-21,12.322916030883789,12.421975222642205,12.253575163471979,12.29319865123565,1280500,MUFG,3737
2006-09-22,12.332822799682617,12.392258506861397,12.253575819909921,12.372446289568964,1212600,MUFG,3737
2006-09-25,12.2337646484375,12.263482029923269,12.055458470125837,12.184235049495536,1710500,MUFG,3737
2006-09-26,12.223857879638672,12.273387475906109,12.07526909083636,12.134704795296978,2372000,MUFG,3737
2006-09-27,12.630989074707031,12.660778877493863,12.571408522132609,12.581338772061805,1996700,MUFG,3737
2006-09-28,12.680639266967773,12.69056856980978,12.551548860014218,12.561478162856224,1068300,MUFG,3737
2006-09-29,12.720358848571777,12.809728252846856,12.710428599096531,12.730288151046311,1048500,MUFG,3737
2006-10-02,12.89909839630127,12.968609194507373,12.829588545095866,12.849448096725682,2632300,MUFG,3737
2006-10-03,12.779938697814941,12.839519248814401,12.660778542816754,12.720359093816214,1354500,MUFG,3737
2006-10-04,12.859378814697266,12.899098866405183,12.621058504449767,12.690568358188438,1615200,MUFG,3737
2006-10-05,12.968609809875488,12.978539112661199,12.859378956225989,12.918959507943965,1775500,MUFG,3737
2006-10-06,12.988469123840332,13.028189175255717,12.91895927061359,12.978538874236305,673900,MUFG,3737
2006-10-09,12.918959617614746,12.948749420226253,12.67070905285044,12.67070905285044,619400,MUFG,3737
2006-10-10,13.067909240722656,13.127489791410161,12.958679335963078,13.018258939649856,1584200,MUFG,3737
2006-10-11,13.077839851379395,13.147349706599849,12.978539246492385,13.02818954893589,979600,MUFG,3737
2006-10-12,12.839519500732422,12.879239553177813,12.70049884367318,12.750149145980105,1859100,MUFG,3737
2006-10-13,12.611127853393555,12.630988352115772,12.561477553588714,12.630988352115772,1538400,MUFG,3737
2006-10-16,12.809728622436523,12.809728622436523,12.690568466297664,12.750149017867464,806900,MUFG,3737
2006-10-17,12.561477661132812,12.630988460254981,12.491967809011355,12.621058210808854,921700,MUFG,3737
2006-10-18,12.53168773651123,12.630988335994168,12.511828184815064,12.551548235208099,834600,MUFG,3737
2006-10-19,12.541618347167969,12.601197950973583,12.482037796361626,12.51182854526516,608200,MUFG,3737
2006-10-20,12.442317962646484,12.482038014879166,12.362877858181122,12.422458410030517,671700,MUFG,3737
2006-10-23,12.670708656311035,12.670708656311035,12.432388348875895,12.44231765143515,1028000,MUFG,3737
2006-10-24,12.621058464050293,12.660778515631067,12.541618360888744,12.621058464050293,722100,MUFG,3737
2006-10-25,12.640917778015137,12.660778276931449,12.511828323061952,12.511828323061952,1070400,MUFG,3737
2006-10-26,12.859378814697266,12.899098866405183,12.700498607865601,12.710428857542762,1111500,MUFG,3737
2006-10-27,12.621058464050293,12.809728472308787,12.591268662114894,12.809728472308787,648400,MUFG,3737
2006-10-30,12.551548957824707,12.611128563344021,12.501898655224776,12.511828905144913,938300,MUFG,3737
2006-10-31,12.660778045654297,12.690567846483878,12.472108044399363,12.55154814461204,1799200,MUFG,3737
2006-11-01,12.541618347167969,12.750148854489078,12.51182854526516,12.720359052586272,492300,MUFG,3737
2006-11-02,12.462178230285645,12.472108479909153,12.372807877675513,12.472108479909153,767200,MUFG,3737
2006-11-03,12.372807502746582,12.462177852648555,12.343017701779491,12.392667054391078,2325400,MUFG,3737
2006-11-06,12.412528038024902,12.422458287735498,12.29336788249995,12.323157684631004,1496100,MUFG,3737
2006-11-07,12.283437728881836,12.382738332763152,12.223858124153642,12.223858124153642,1680000,MUFG,3737
2006-11-08,12.13448715209961,12.213927252358797,12.074906603404871,12.213927252358797,2120500,MUFG,3737
2006-11-09,11.836586952209473,11.965677358965202,11.836586952209473,11.925957306655805,2283300,MUFG,3737
2006-11-10,11.866376876831055,11.93588767933853,11.816726574183074,11.876307126760802,1416900,MUFG,3737
2006-11-13,11.80679702758789,11.856446382210462,11.767076975689392,11.856446382210462,1904600,MUFG,3737
2006-11-14,12.273507118225098,12.323157418705925,12.134487413279638,12.134487413279638,2413700,MUFG,3737
2006-11-15,12.432388305664062,12.501898158340866,12.313227205359945,12.343017953936332,2693300,MUFG,3737
2006-11-16,12.104697227478027,12.144417280308934,12.045117621732045,12.144417280308934,1757600,MUFG,3737
2006-11-17,11.995467185974121,12.064977040907507,11.866376778954441,12.015327685669801,2125200,MUFG,3737
2006-11-20,11.727356910705566,11.786936514986468,11.647915859996472,11.757146712846017,4061800,MUFG,3737
2006-11-21,11.707496643066406,11.767077195527637,11.67770684033617,11.717426892976738,1761200,MUFG,3737
2006-11-22,11.985536575317383,12.015327323964094,11.955746773671393,11.985536575317383,1935200,MUFG,3737
2006-11-24,11.78693675994873,11.836587062548498,11.757146957189171,11.816726562708288,1068500,MUFG,3737
2006-11-27,11.80679702758789,12.064976891427767,11.796866777863082,12.064976891427767,1739000,MUFG,3737
2006-11-28,12.11462688446045,12.134487383404169,11.995466731800267,12.055047281630713,2194100,MUFG,3737
2006-11-29,12.402597427368164,12.482037528739562,12.352947127260864,12.392667177946562,2247400,MUFG,3737
2006-11-30,12.650848388671875,12.68063913789691,12.531688232773954,12.601198086964223,1597600,MUFG,3737
2006-12-01,12.611127853393555,12.73028800472475,12.521757503144983,12.73028800472475,1374200,MUFG,3737
2006-12-04,12.760079383850098,12.79979943625816,12.621058726921504,12.621058726921504,2335000,MUFG,3737
2006-12-05,12.640917778015137,12.700498327763363,12.630988475557691,12.660778276931449,1970100,MUFG,3737
2006-12-06,12.75014877319336,12.770008325335029,12.670708670625235,12.670708670625235,936700,MUFG,3737
2006-12-07,12.611127853393555,12.690567954281018,12.611127853393555,12.680638651920612,732000,MUFG,3737
2006-12-08,12.541618347167969,12.650848252145416,12.462178244093328,12.541618347167969,1404800,MUFG,3737
2006-12-11,12.472108840942383,12.531688446406651,12.402598038566396,12.501898643674517,1028900,MUFG,3737
2006-12-12,12.53168773651123,12.551548235208099,12.462177885073595,12.50189793546663,1192700,MUFG,3737
2006-12-13,12.452247619628906,12.53168772031229,12.402597319951617,12.53168772031229,1019800,MUFG,3737
2006-12-14,12.680639266967773,12.730288622180048,12.551548860014218,12.551548860014218,1513200,MUFG,3737
2006-12-15,12.660778045654297,12.779938195973314,12.660778045654297,12.680638544207813,1280400,MUFG,3737
2006-12-18,12.581337928771973,12.71042832819671,12.571407679508372,12.71042832819671,869500,MUFG,3737
2006-12-19,12.660778045654297,12.660778045654297,12.462177795122605,12.462177795122605,2212000,MUFG,3737
2006-12-20,12.621058464050293,12.710428816857217,12.60119796475954,12.640918016340315,1142000,MUFG,3737
2006-12-21,12.511828422546387,12.59126852484186,12.482037673935045,12.59126852484186,1499300,MUFG,3737
2006-12-22,12.38273811340332,12.472108465913163,12.313227313117483,12.472108465913163,1249100,MUFG,3737
2006-12-26,12.352947235107422,12.36287748461572,12.263577830534896,12.36287748461572,916200,MUFG,3737
2006-12-27,12.402597427368164,12.412527676789766,12.313227076575163,12.362877376682464,1010100,MUFG,3737
2006-12-28,12.462178230285645,12.482037782531936,12.372807877675513,12.442317731038624,923600,MUFG,3737
2006-12-29,12.36287784576416,12.442317950149736,12.34301829316814,12.432388647352097,849800,MUFG,3737
2007-01-03,12.343018531799316,12.501898743642142,12.293368228848243,12.501898743642142,1796900,MUFG,3737
2007-01-04,12.472108840942383,12.482038143852591,12.30329838045903,12.41252828847736,1034900,MUFG,3737
2007-01-05,12.402597427368164,12.501898027582765,12.343017824839968,12.501898027582765,1311500,MUFG,3737
2007-01-08,12.42245864868164,12.462178701677393,12.343018542690134,12.452248451678265,1216900,MUFG,3737
2007-01-09,12.551548957824707,12.5912690105045,12.462178602544983,12.501898655224776,1454300,MUFG,3737
2007-01-10,12.472108840942383,12.521758196495687,12.352947736012336,12.46217859103142,1156500,MUFG,3737
2007-01-11,12.273507118225098,12.352947220194137,12.253647566233196,12.293367617217715,1458700,MUFG,3737
2007-01-12,12.551548957824707,12.581338760584364,12.392667800104777,12.392667800104777,1855000,MUFG,3737
2007-01-16,12.760079383850098,12.760079383850098,12.571408424661238,12.70049883173763,2814800,MUFG,3737
2007-01-17,12.621058464050293,12.710428816857217,12.581338412469519,12.680639014921818,1573100,MUFG,3737
2007-01-18,12.521758079528809,12.630988933527556,12.47210872443928,12.621058683709352,1722700,MUFG,3737
2007-01-19,12.472108840942383,12.491968393763553,12.402598038566396,12.46217859103142,1087200,MUFG,3737
2007-01-22,12.591268539428711,12.660778392267597,12.55154848823496,12.571408040331475,1010200,MUFG,3737
2007-01-23,12.621058464050293,12.670708765276443,12.53168811124337,12.591268662114894,1450000,MUFG,3737
2007-01-24,12.611127853393555,12.630988352115772,12.491967702062361,12.531687752506091,1393600,MUFG,3737
2007-01-25,12.392667770385742,12.611128533101093,12.323157915112983,12.611128533101093,1205400,MUFG,3737
2007-01-26,12.273507118225098,12.382737968683063,12.213927515248676,12.382737968683063,1212400,MUFG,3737
2007-01-29,12.035186767578125,12.084837067874382,11.995466716741262,12.064976568955595,1588400,MUFG,3737
2007-01-30,12.055047035217285,12.084836836023229,11.916026386455059,12.005396735873584,2805400,MUFG,3737
2007-01-31,12.064976692199707,12.064976692199707,11.91602673679012,11.975607287154387,2020000,MUFG,3737
2007-02-01,12.11462688446045,12.164277184819037,12.064976584101862,12.064976584101862,1143000,MUFG,3737
2007-02-02,11.965677261352539,12.025256865830228,11.886237157381794,12.015327563084439,1900500,MUFG,3737
2007-02-05,11.74721622467041,11.82665632676618,11.697565924110375,11.81672607725403,2211500,MUFG,3737
2007-02-06,11.667776107788086,11.717426408285199,11.568475506793858,11.717426408285199,1539200,MUFG,3737
2007-02-07,11.637986183166504,11.757146334898497,11.588335883194663,11.598266132589172,2740500,MUFG,3737
2007-02-08,11.489035606384277,11.548616157426352,11.409595502995334,11.53868590775255,2123500,MUFG,3737
2007-02-09,11.707496643066406,11.866376853628681,11.657846340515508,11.747216695706975,2021300,MUFG,3737
2007-02-12,11.707496643066406,11.826656800988111,11.637986787695601,11.826656800988111,1341700,MUFG,3737
2007-02-13,12.055047035217285,12.104696387560294,11.945816187261004,11.945816187261004,1973700,MUFG,3737
2007-02-14,12.32315731048584,12.333087559894942,12.114626807898217,12.114626807898217,1756800,MUFG,3737
2007-02-15,12.412528038024902,12.432388537446094,12.352947486762059,12.412528038024902,1820800,MUFG,3737
2007-02-16,12.402597427368164,12.442317478053862,12.362877376682464,12.412527676789766,864200,MUFG,3737
2007-02-20,12.412528038024902,12.442317840155956,12.303298132210548,12.402597788314305,1134100,MUFG,3737
2007-02-21,12.511828422546387,12.521757725082782,12.382738019566062,12.412527821176687,1533000,MUFG,3737
2007-02-22,12.53168773651123,12.611127837297301,12.47210813442203,12.521757487162796,1947300,MUFG,3737
2007-02-23,12.482037544250488,12.531687844419487,12.432388191082199,12.531687844419487,1062300,MUFG,3737
2007-02-26,12.392667770385742,12.501898625243793,12.333088165009308,12.49196837534747,1046200,MUFG,3737
2007-02-27,12.015327453613281,12.323157616945107,11.836586747807234,12.22385796138676,2058600,MUFG,3737
2007-02-28,12.13448715209961,12.392667004441622,12.055047051840422,12.392667004441622,1985400,MUFG,3737
2007-03-01,12.015327453613281,12.055047505236766,11.74721639490421,11.916026851054204,1309800,MUFG,3737
2007-03-02,11.846516609191895,11.955746510826268,11.836586359861306,11.93588695916579,1211300,MUFG,3737
2007-03-05,11.757146835327148,11.866376742313872,11.697566283424825,11.816726440228726,1559100,MUFG,3737
2007-03-06,11.906096458435059,11.995466810264963,11.826656356141969,11.935887207045505,1400600,MUFG,3737
2007-03-07,11.866376876831055,11.916027179479036,11.786936771394588,11.816726574183074,1419300,MUFG,3737
2007-03-08,11.856446266174316,12.045117221096262,11.687636757508345,12.045117221096262,4263200,MUFG,3737
2007-03-09,11.846516609191895,11.916026460504614,11.737285760556821,11.866376160852372,977800,MUFG,3737
2007-03-12,11.836586952209473,11.916027056828268,11.737286347935605,11.747216597763142,1871900,MUFG,3737
2007-03-13,11.55854606628418,11.796866369423885,11.538685567522185,11.796866369423885,1752300,MUFG,3737
2007-03-14,11.657846450805664,11.727357253834839,11.469176435728222,11.578406344772977,1836100,MUFG,3737
2007-03-15,11.419526100158691,11.508896455940924,11.141485729836779,11.449315903085848,2273900,MUFG,3737
2007-03-16,11.17127513885498,11.290435293362679,11.081904786224024,11.210995190357547,2061500,MUFG,3737
2007-03-19,11.012394905090332,11.042184706891996,10.923024552684614,10.93295480228541,2183200,MUFG,3737
2007-03-20,11.280505180358887,11.330155482088609,11.071974670694647,11.08190492044074,1855100,MUFG,3737
2007-03-21,11.489035606384277,11.508896105731878,11.201064994849173,11.270575795565048,2684800,MUFG,3737
2007-03-22,11.528755187988281,11.568475238063149,11.439385785570348,11.489035137913413,2339200,MUFG,3737
2007-03-23,11.588335990905762,11.647915593825186,11.528755440985623,11.568475491932144,2218500,MUFG,3737
2007-03-26,11.508895874023438,11.558546174392102,11.379805471865195,11.518826123497313,1029800,MUFG,3737
2007-03-27,11.290434837341309,11.389735435587331,11.201064488320027,11.389735435587331,1411000,MUFG,3737
2007-03-28,11.15141487121582,11.290435527862595,11.091835266224878,11.290435527862595,1814400,MUFG,3737
2007-03-29,11.250715255737305,11.280505057650792,11.161344902996115,11.220925453823817,916100,MUFG,3737
2007-03-30,11.181205749511719,11.350016210598543,11.171275499565256,11.250715605135438,2135400,MUFG,3737
2007-04-02,11.230855941772461,11.27057599416685,11.081905035042938,11.131555337286112,1009300,MUFG,3737
2007-04-03,11.439386367797852,11.538686024538706,11.40959561847493,11.419525868249236,1119300,MUFG,3737
2007-04-04,11.568475723266602,11.568475723266602,11.429456015674164,11.5287556715258,1181300,MUFG,3737
2007-04-05,11.479105949401855,11.52875530223694,11.41952540019877,11.41952540019877,924200,MUFG,3737
2007-04-09,11.479105949401855,11.548615800971536,11.379805349730281,11.479105949401855,1497600,MUFG,3737
2007-04-10,11.588335990905762,11.637986291339091,11.498965639525911,11.498965639525911,2266900,MUFG,3737
2007-04-11,11.439386367797852,11.528755774764397,11.389736065927055,11.518826471990831,1121700,MUFG,3737
2007-04-12,11.369874954223633,11.389735452702958,11.210994754391795,11.300365103547376,1059500,MUFG,3737
2007-04-13,11.220925331115723,11.230855580645201,11.151414531410094,11.220925331115723,1266300,MUFG,3737
2007-04-16,11.220925331115723,11.260645382232918,11.131554979351856,11.161344780939572,2051000,MUFG,3737
2007-04-17,11.131555557250977,11.151415110340231,11.052115450892423,11.121625307205965,1241400,MUFG,3737
2007-04-18,11.121624946594238,11.171275248208646,11.081904894702859,11.081904894702859,965500,MUFG,3737
2007-04-19,10.942885398864746,10.992534754441566,10.903164399202081,10.952814701779657,1861500,MUFG,3737
2007-04-20,10.942885398864746,11.002465004357234,10.913094649117747,11.002465004357234,1602400,MUFG,3737
2007-04-23,10.81379508972168,10.863444445751929,10.774075036697022,10.833654642733627,1216800,MUFG,3737
2007-04-24,10.823723793029785,10.923024393589978,10.754213940838076,10.813794490574335,1346600,MUFG,3737
2007-04-25,10.90316390991211,10.913094159382146,10.784003757273807,10.813794505683918,1862900,MUFG,3737
2007-04-26,10.654913902282715,10.724424705141557,10.585404046424634,10.694634902202488,2580900,MUFG,3737
2007-04-27,10.406662940979004,10.496033293415012,10.376873139167243,10.43645368979149,1775000,MUFG,3737
2007-04-30,10.376873016357422,10.505963418681572,10.347083214898221,10.416593067303259,1251700,MUFG,3737
2007-05-01,10.406662940979004,10.466243491603251,10.33715308775132,10.416593190583166,1376200,MUFG,3737
2007-05-02,10.565544128417969,10.575473431054085,10.41659322486747,10.496033327960777,1372500,MUFG,3737
2007-05-03,10.525824546813965,10.654914009853453,10.515894296733766,10.654914009853453,962000,MUFG,3737
2007-05-04,10.525824546813965,10.575473903213412,10.505964046653569,10.575473903213412,774400,MUFG,3737
2007-05-07,10.77407455444336,10.79393410656638,10.684704202387955,10.754214055319615,2636400,MUFG,3737
2007-05-08,10.90316390991211,10.972674709201653,10.863443859032675,10.923024408852182,2461600,MUFG,3737
2007-05-09,11.141485214233398,11.2010648173305,11.062045112103451,11.101765163168425,1987700,MUFG,3737
2007-05-10,10.92302417755127,11.151414228521555,10.893234376772687,11.151414228521555,2679600,MUFG,3737
2007-05-11,11.141485214233398,11.161344766265527,11.002464562005631,11.022325061038478,2696400,MUFG,3737
2007-05-14,11.062045097351074,11.111694450865542,10.803864292272698,11.08190464935672,2150600,MUFG,3737
2007-05-15,11.002464294433594,11.07197414535669,10.982604742884435,11.002464294433594,3237100,MUFG,3737
2007-05-16,10.893235206604004,10.982605562748551,10.843584903523615,10.96274506271609,3093700,MUFG,3737
2007-05-17,10.744283676147461,10.80386422579924,10.704563625379846,10.764144175031625,4078900,MUFG,3737
2007-05-18,10.77407455444336,10.79393410656638,10.724424253634721,10.754214055319615,1500400,MUFG,3737
2007-05-21,10.823723793029785,10.853514541398269,10.744283691381915,10.744283691381915,1451100,MUFG,3737
2007-05-22,11.369874954223633,11.637986001690376,11.14148490371554,11.171274704433836,4807400,MUFG,3737
2007-05-23,11.498966217041016,11.628056625850721,11.498966217041016,11.578406322923794,1603300,MUFG,3737
2007-05-24,11.399664878845215,11.58833582844671,11.369875077803131,11.489035228972165,1628800,MUFG,3737
2007-05-25,11.260645866394043,11.320225472131153,11.191136010700497,11.300365919219036,1689200,MUFG,3737
2007-05-29,11.429455757141113,11.479106057444215,11.389735706298776,11.419525507680351,1199700,MUFG,3737
2007-05-30,11.449315071105957,11.449315071105957,11.310295369547434,11.330154921055499,1208400,MUFG,3737
2007-05-31,11.449315071105957,11.469175569614713,11.350015419564254,11.459245320360335,2652100,MUFG,3737
2007-06-01,11.518826484680176,11.538686037249928,11.41952588082919,11.41952588082919,2311300,MUFG,3737
2007-06-04,11.528755187988281,11.558545935794953,11.459245337107436,11.518825885720084,1319200,MUFG,3737
2007-06-05,11.330155372619629,11.429455975119655,11.280505071369616,11.429455975119655,1623900,MUFG,3737
2007-06-06,11.449315071105957,11.54861566964835,11.409595021089137,11.43938576885227,1295500,MUFG,3737
2007-06-07,11.32022476196289,11.498965461962532,11.32022476196289,11.449315162295887,1321200,MUFG,3737
2007-06-08,11.449315071105957,11.47910581886909,11.300365120293057,11.300365120293057,1088400,MUFG,3737
2007-06-11,11.498966217041016,11.568476072938257,11.429456361143775,11.429456361143775,918300,MUFG,3737
2007-06-12,11.489035606384277,11.608195761467693,11.459245804363606,11.508896105731878,1165500,MUFG,3737
2007-06-13,11.459245681762695,11.498965733032207,11.389735828791228,11.498965733032207,1124600,MUFG,3737
2007-06-14,11.498966217041016,11.548616519967943,11.429456361143775,11.548616519967943,907500,MUFG,3737
2007-06-15,11.53868579864502,11.618125901282793,11.518826246485936,11.518826246485936,797500,MUFG,3737
2007-06-18,11.449315071105957,11.518825868885909,11.270575319530616,11.270575319530616,910800,MUFG,3737
2007-06-19,11.399664878845215,11.429455626887998,11.30036522637137,11.30036522637137,1082700,MUFG,3737
2007-06-20,11.230855941772461,11.399665454198056,11.210995442074891,11.379805901501234,1442700,MUFG,3737
2007-06-21,11.300365447998047,11.310295697540397,11.141485243323322,11.240784897744666,1574200,MUFG,3737
2007-06-22,10.893235206604004,11.101765721941026,10.873374706571543,11.081905221908565,2831000,MUFG,3737
2007-06-25,10.784004211425781,10.913094618970566,10.625124001217046,10.873374566418383,2298800,MUFG,3737
2007-06-26,10.92302417755127,11.071974128444873,10.903163679031753,10.972674476849368,2105000,MUFG,3737
2007-06-27,10.932954788208008,10.952814340383304,10.75421408362672,10.86344398809266,1671900,MUFG,3737
2007-06-28,11.002464294433594,11.091834643906541,10.952813995059657,11.022324792983445,1993600,MUFG,3737
2007-06-29,10.942885398864746,11.181205714836203,10.913094649117747,10.97267520161099,1243300,MUFG,3737
2007-07-02,11.280505180358887,11.3400857318347,11.071974670694647,11.12162497242437,2930500,MUFG,3737
2007-07-03,11.230855941772461,11.399665454198056,11.181205639529287,11.399665454198056,935400,MUFG,3737
2007-07-05,11.062045097351074,11.091834898859899,10.982604995327069,11.062045097351074,1156100,MUFG,3737
2007-07-06,11.002464294433594,11.07197414535669,10.962744244334583,10.982604742884435,1091200,MUFG,3737
2007-07-09,11.1116943359375,11.15141438653868,11.091834784137262,11.091834784137262,783400,MUFG,3737
2007-07-10,11.012394905090332,11.052114956492792,10.923024552684614,11.052114956492792,1563700,MUFG,3737
2007-07-11,11.002464294433594,11.002464294433594,10.90316369568572,10.923024194235573,928200,MUFG,3737
2007-07-12,11.181205749511719,11.210995552350347,11.012395288424894,11.022325538371357,2580800,MUFG,3737
2007-07-13,11.15141487121582,11.201065173375437,11.131555318552422,11.141485568384494,648300,MUFG,3737
2007-07-16,11.161344528198242,11.220925077025232,11.121624477980482,11.18120502680747,886300,MUFG,3737
2007-07-17,10.98260498046875,11.022325031427016,10.932954680020739,10.972674730979005,1085900,MUFG,3737
2007-07-18,10.853514671325684,10.893234722625108,10.764144319151798,10.893234722625108,1357400,MUFG,3737
2007-07-19,10.7542142868042,10.82372414123206,10.714494234702459,10.81379483845718,1681600,MUFG,3737
2007-07-20,10.565544128417969,10.674774033421086,10.525824076871315,10.674774033421086,1430200,MUFG,3737
2007-07-23,10.625123977661133,10.694634779723913,10.585403925197008,10.625123977661133,1433500,MUFG,3737
2007-07-24,10.635053634643555,10.754213785392977,10.58540333508112,10.744283536080351,1689700,MUFG,3737
2007-07-25,10.932954788208008,10.99253439173462,10.843584435917364,10.962744589971313,1988400,MUFG,3737
2007-07-26,10.793933868408203,10.932954518204882,10.615193168241143,10.903163770176572,2871100,MUFG,3737
2007-07-27,10.635053634643555,10.78400358633016,10.615193136018302,10.77407428401823,1494300,MUFG,3737
2007-07-30,10.744283676147461,10.754213925589543,10.535753172867302,10.704563625379846,2236700,MUFG,3737
2007-07-31,10.565544128417969,10.744283886877547,10.545683629144278,10.724424334604585,3310700,MUFG,3737
2007-08-01,10.039252281188965,10.267643288276735,9.830721773413492,10.257713038620587,3525000,MUFG,3737
2007-08-02,9.95981216430664,10.03925226744562,9.86051250888328,9.95981216430664,2632600,MUFG,3737
2007-08-03,9.731422424316406,9.969742741564785,9.731422424316406,9.949883188627801,1726800,MUFG,3737
2007-08-06,9.820792198181152,9.840651749941516,9.642051497334359,9.751281399518119,2927400,MUFG,3737
2007-08-07,9.781072616577148,9.88037227414093,9.453381947315243,9.66191151229941,2027700,MUFG,3737
2007-08-08,10.128623008728027,10.227923614960963,10.039252652518538,10.088902955635007,2026100,MUFG,3737
2007-08-09,9.949882507324219,10.108762707944049,9.900232207880347,10.029322607634134,1765400,MUFG,3737
2007-08-10,9.880372047424316,9.910161849309816,9.7016322891106,9.840651995910077,2336200,MUFG,3737
2007-08-13,9.671841621398926,10.535753459334897,9.661911371686841,9.850582328213518,1846800,MUFG,3737
2007-08-14,9.373940467834473,9.642051519727332,9.304430616010713,9.642051519727332,3181200,MUFG,3737
2007-08-15,9.056180000305176,9.23492070033116,8.966809650292182,9.14555035031817,2515500,MUFG,3737
2007-08-16,9.632121086120605,9.65198158454799,9.234920587579818,9.28457088664759,2940300,MUFG,3737
2007-08-17,9.592401504516602,9.939952667955906,9.195200986586595,9.840652064973037,2256500,MUFG,3737
2007-08-20,9.522891998291016,9.890302727539895,9.403731838561711,9.483171945047914,1463500,MUFG,3737
2007-08-21,9.532821655273438,9.592401257930998,9.433521054843226,9.453381553729551,2044200,MUFG,3737
2007-08-22,9.532821655273438,9.532821655273438,9.364011202742502,9.364011202742502,1356400,MUFG,3737
2007-08-23,9.661911010742188,9.721491559788184,9.612261658038006,9.651981708401772,1746800,MUFG,3737
2007-08-24,9.800931930541992,9.840651982000088,9.602331673251518,9.602331673251518,1056800,MUFG,3737
2007-08-27,9.642051696777344,9.791001652563523,9.622191197605469,9.751281601220493,1050800,MUFG,3737
2007-08-28,9.413661003112793,9.582471463662351,9.383871200368976,9.542751411003676,1265000,MUFG,3737
2007-08-29,9.582470893859863,9.63212119348104,9.433520941997031,9.433520941997031,1366400,MUFG,3737
2007-08-30,9.383871078491211,9.473241432562677,9.26471092206284,9.274641171848723,1416600,MUFG,3737
2007-08-31,9.532821655273438,9.582471008487834,9.473241105615168,9.532821655273438,1158900,MUFG,3737
2007-09-04,9.403731346130371,9.423590898211582,9.334220546344337,9.393801096589407,1724100,MUFG,3737
2007-09-05,9.304430961608887,9.344151013697903,9.234921107203293,9.304430961608887,1137100,MUFG,3737
2007-09-06,9.284571647644043,9.334221003780563,9.234921344506757,9.264711147588823,733100,MUFG,3737
2007-09-07,9.076041221618652,9.195201382123397,9.016460667865895,9.185271131997807,1207200,MUFG,3737
2007-09-10,8.94694995880127,9.076040357135884,8.897299659903235,9.076040357135884,1375000,MUFG,3737
2007-09-11,9.1356201171875,9.145550366540046,9.016459965959049,9.016459965959049,1403500,MUFG,3737
2007-09-12,8.907230377197266,8.956880678704643,8.847649825988267,8.897300127495644,1087900,MUFG,3737
2007-09-13,8.748350143432617,8.84764979914537,8.678839342732884,8.827790246803113,1675800,MUFG,3737
2007-09-14,8.996601104736328,9.036321158194292,8.857580444133065,8.89730049759103,1280400,MUFG,3737
2007-09-17,8.917160034179688,8.996601087948148,8.887370230891998,8.94695078446815,792900,MUFG,3737
2007-09-18,8.797999382019043,8.817859881100695,8.539819522962588,8.698699727612935,2887000,MUFG,3737
2007-09-19,9.046250343322754,9.125690449202589,8.98667073741326,9.016460540368007,2779700,MUFG,3737
2007-09-20,8.857580184936523,9.046250196590671,8.847649935112424,9.036320893767318,2309200,MUFG,3737
2007-09-21,8.261777877807617,8.837719069462436,8.222057828279722,8.778139468670933,5011200,MUFG,3737
2007-09-24,8.440519332885742,8.529889689107009,8.241919067394466,8.380938779737978,2166900,MUFG,3737
2007-09-25,8.797999382019043,8.797999382019043,8.45044917109659,8.549748825502697,2315400,MUFG,3737
2007-09-26,9.130000114440918,9.15999984741211,8.850000381469727,8.989999771118164,2925600,MUFG,3737
2007-09-27,9.399999618530273,9.550000190734863,9.180000305175781,9.399999618530273,3249000,MUFG,3737
2007-09-28,9.079999923706055,9.25,9.039999961853027,9.229999542236328,2110100,MUFG,3737
2007-10-01,9.300000190734863,9.34000015258789,9.109999656677246,9.149999618530273,1637000,MUFG,3737
2007-10-02,9.710000038146973,9.710000038146973,9.520000457763672,9.529999732971191,2803100,MUFG,3737
2007-10-03,9.779999732971191,9.920000076293945,9.75,9.850000381469727,3023600,MUFG,3737
2007-10-04,10.0600004196167,10.100000381469727,10.0,10.039999961853027,1701400,MUFG,3737
2007-10-05,10.1899995803833,10.270000457763672,10.140000343322754,10.199999809265137,3337000,MUFG,3737
2007-10-08,10.180000305175781,10.239999771118164,10.100000381469727,10.239999771118164,1122900,MUFG,3737
2007-10-09,10.210000038146973,10.210000038146973,10.100000381469727,10.109999656677246,895800,MUFG,3737
2007-10-10,10.0600004196167,10.210000038146973,10.010000228881836,10.15999984741211,1023400,MUFG,3737
2007-10-11,9.899999618530273,10.039999961853027,9.819999694824219,9.979999542236328,1501200,MUFG,3737
2007-10-12,9.899999618530273,9.9399995803833,9.869999885559082,9.899999618530273,1252500,MUFG,3737
2007-10-15,9.40999984741211,9.550000190734863,9.329999923706055,9.5,2578100,MUFG,3737
2007-10-16,8.90999984741211,9.069999694824219,8.890000343322754,9.050000190734863,2214800,MUFG,3737
2007-10-17,8.770000457763672,8.869999885559082,8.489999771118164,8.640000343322754,4120400,MUFG,3737
2007-10-18,8.880000114440918,9.0,8.84000015258789,9.0,3464700,MUFG,3737
2007-10-19,8.609999656677246,8.920000076293945,8.600000381469727,8.800000190734863,2225500,MUFG,3737
2007-10-22,9.0,9.09000015258789,8.859999656677246,8.859999656677246,3230500,MUFG,3737
2007-10-23,9.149999618530273,9.1899995803833,9.039999961853027,9.050000190734863,3064400,MUFG,3737
2007-10-24,9.010000228881836,9.100000381469727,8.880000114440918,9.0600004196167,2723700,MUFG,3737
2007-10-25,8.899999618530273,8.970000267028809,8.789999961853027,8.949999809265137,1976300,MUFG,3737
2007-10-26,9.260000228881836,9.3100004196167,8.84000015258789,8.850000381469727,1842500,MUFG,3737
2007-10-29,9.520000457763672,9.550000190734863,9.4399995803833,9.4399995803833,1664000,MUFG,3737
2007-10-30,9.670000076293945,9.699999809265137,9.579999923706055,9.579999923706055,1205100,MUFG,3737
2007-10-31,9.960000038146973,10.020000457763672,9.760000228881836,9.850000381469727,2461300,MUFG,3737
2007-11-01,9.420000076293945,9.550000190734863,9.369999885559082,9.539999961853027,2170500,MUFG,3737
2007-11-02,8.960000038146973,9.149999618530273,8.90999984741211,9.0600004196167,3318400,MUFG,3737
2007-11-05,8.739999771118164,8.880000114440918,8.6899995803833,8.880000114440918,2522600,MUFG,3737
2007-11-06,8.989999771118164,9.0,8.550000190734863,8.600000381469727,1398500,MUFG,3737
2007-11-07,8.59000015258789,8.84000015258789,8.59000015258789,8.770000457763672,1637000,MUFG,3737
2007-11-08,8.550000190734863,8.630000114440918,8.399999618530273,8.399999618530273,1537500,MUFG,3737
2007-11-09,8.25,8.319999694824219,8.039999961853027,8.1899995803833,5113100,MUFG,3737
2007-11-12,8.210000038146973,8.460000038146973,8.199999809265137,8.359999656677246,3055100,MUFG,3737
2007-11-13,8.5600004196167,8.5600004196167,8.3100004196167,8.329999923706055,2336100,MUFG,3737
2007-11-14,8.649999618530273,8.800000190734863,8.5600004196167,8.5600004196167,2865800,MUFG,3737
2007-11-15,8.520000457763672,8.770000457763672,8.4399995803833,8.609999656677246,3603000,MUFG,3737
2007-11-16,8.380000114440918,8.680000305175781,8.300000190734863,8.680000305175781,2311400,MUFG,3737
2007-11-19,8.40999984741211,8.539999961853027,8.220000267028809,8.220000267028809,2600100,MUFG,3737
2007-11-20,8.390000343322754,8.520000457763672,8.180000305175781,8.329999923706055,4042700,MUFG,3737
2007-11-21,8.260000228881836,8.479999542236328,8.15999984741211,8.390000343322754,2497900,MUFG,3737
2007-11-23,8.65999984741211,8.699999809265137,8.069999694824219,8.300000190734863,1724200,MUFG,3737
2007-11-26,8.850000381469727,9.079999923706055,8.779999732971191,8.90999984741211,3873300,MUFG,3737
2007-11-27,9.380000114440918,9.5,9.229999542236328,9.390000343322754,6727200,MUFG,3737
2007-11-28,9.489999771118164,9.5,9.239999771118164,9.319999694824219,3124400,MUFG,3737
2007-11-29,9.710000038146973,9.84000015258789,9.609999656677246,9.670000076293945,3589900,MUFG,3737
2007-11-30,9.789999961853027,10.050000190734863,9.6899995803833,9.6899995803833,2729000,MUFG,3737
2007-12-03,10.069999694824219,10.100000381469727,9.960000038146973,9.960000038146973,5984100,MUFG,3737
2007-12-04,10.119999885559082,10.170000076293945,9.970000267028809,10.149999618530273,4378300,MUFG,3737
2007-12-05,10.520000457763672,10.5600004196167,10.380000114440918,10.380000114440918,3693900,MUFG,3737
2007-12-06,11.050000190734863,11.079999923706055,10.760000228881836,10.970000267028809,5920200,MUFG,3737
2007-12-07,10.710000038146973,11.220000267028809,10.640000343322754,11.220000267028809,2558900,MUFG,3737
2007-12-10,10.979999542236328,11.010000228881836,10.800000190734863,10.800000190734863,2709500,MUFG,3737
2007-12-11,10.600000381469727,11.050000190734863,10.5600004196167,10.84000015258789,3797700,MUFG,3737
2007-12-12,10.819999694824219,11.1899995803833,10.6899995803833,11.140000343322754,3038200,MUFG,3737
2007-12-13,10.0600004196167,10.479999542236328,9.779999732971191,10.479999542236328,3169300,MUFG,3737
2007-12-14,9.399999618530273,9.680000305175781,9.390000343322754,9.65999984741211,4223500,MUFG,3737
2007-12-17,8.930000305175781,9.300000190734863,8.90999984741211,9.300000190734863,3901300,MUFG,3737
2007-12-18,9.100000381469727,9.279999732971191,8.84000015258789,9.109999656677246,6240500,MUFG,3737
2007-12-19,9.149999618530273,9.220000267028809,9.039999961853027,9.220000267028809,3130500,MUFG,3737
2007-12-20,9.350000381469727,9.399999618530273,9.180000305175781,9.270000457763672,2985200,MUFG,3737
2007-12-21,9.350000381469727,9.359999656677246,9.109999656677246,9.260000228881836,2931800,MUFG,3737
2007-12-24,9.359999656677246,9.40999984741211,9.25,9.270000457763672,1408900,MUFG,3737
2007-12-26,9.600000381469727,9.640000343322754,9.399999618530273,9.399999618530273,1549800,MUFG,3737
2007-12-27,9.359999656677246,9.569999694824219,9.300000190734863,9.300000190734863,2057100,MUFG,3737
2007-12-28,9.270000457763672,9.350000381469727,9.09000015258789,9.300000190734863,1803100,MUFG,3737
2007-12-31,9.329999923706055,9.420000076293945,9.1899995803833,9.1899995803833,2624000,MUFG,3737
2008-01-02,9.300000190734863,9.449999809265137,9.229999542236328,9.329999923706055,2096600,MUFG,3737
2008-01-03,9.300000190734863,9.369999885559082,9.220000267028809,9.350000381469727,2089700,MUFG,3737
2008-01-04,8.970000267028809,9.229999542236328,8.960000038146973,9.229999542236328,2235400,MUFG,3737
2008-01-07,9.069999694824219,9.180000305175781,8.930000305175781,8.930000305175781,3074900,MUFG,3737
2008-01-08,9.15999984741211,9.390000343322754,9.100000381469727,9.100000381469727,3317500,MUFG,3737
2008-01-09,9.600000381469727,9.600000381469727,9.319999694824219,9.5,2909900,MUFG,3737
2008-01-10,9.579999923706055,9.680000305175781,9.270000457763672,9.369999885559082,2763700,MUFG,3737
2008-01-11,9.34000015258789,9.550000190734863,9.239999771118164,9.550000190734863,2000200,MUFG,3737
2008-01-14,9.449999809265137,9.5,9.34000015258789,9.34000015258789,2125900,MUFG,3737
2008-01-15,9.100000381469727,9.3100004196167,9.029999732971191,9.239999771118164,2156900,MUFG,3737
2008-01-16,8.859999656677246,9.050000190734863,8.770000457763672,9.0,2386600,MUFG,3737
2008-01-17,8.770000457763672,9.149999618530273,8.720000267028809,9.0,2444500,MUFG,3737
2008-01-18,8.970000267028809,9.079999923706055,8.819999694824219,9.0600004196167,3263600,MUFG,3737
2008-01-22,8.600000381469727,8.65999984741211,8.199999809265137,8.619999885559082,4291800,MUFG,3737
2008-01-23,8.760000228881836,8.779999732971191,8.260000228881836,8.470000267028809,3648100,MUFG,3737
2008-01-24,9.289999961853027,9.300000190734863,8.920000076293945,8.920000076293945,3967700,MUFG,3737
2008-01-25,9.479999542236328,9.720000267028809,9.390000343322754,9.520000457763672,3950700,MUFG,3737
2008-01-28,9.539999961853027,9.5600004196167,9.229999542236328,9.369999885559082,3178500,MUFG,3737
2008-01-29,9.729999542236328,9.729999542236328,9.5600004196167,9.640000343322754,1954000,MUFG,3737
2008-01-30,9.720000267028809,9.880000114440918,9.59000015258789,9.739999771118164,2233300,MUFG,3737
2008-01-31,9.869999885559082,9.899999618530273,9.399999618530273,9.649999618530273,2765000,MUFG,3737
2008-02-01,9.449999809265137,9.600000381469727,9.399999618530273,9.449999809265137,2175100,MUFG,3737
2008-02-04,9.600000381469727,9.6899995803833,9.34000015258789,9.34000015258789,2372400,MUFG,3737
2008-02-05,9.180000305175781,9.510000228881836,9.109999656677246,9.510000228881836,2130800,MUFG,3737
2008-02-06,9.100000381469727,9.3100004196167,9.0600004196167,9.119999885559082,5509300,MUFG,3737
2008-02-07,9.029999732971191,9.109999656677246,8.899999618530273,8.9399995803833,2537800,MUFG,3737
2008-02-08,8.670000076293945,8.789999961853027,8.600000381469727,8.75,1976100,MUFG,3737
2008-02-11,8.739999771118164,8.779999732971191,8.520000457763672,8.680000305175781,3256200,MUFG,3737
2008-02-12,8.930000305175781,9.010000228881836,8.829999923706055,8.880000114440918,3147300,MUFG,3737
2008-02-13,8.859999656677246,9.100000381469727,8.649999618530273,9.100000381469727,2034300,MUFG,3737
2008-02-14,8.729999542236328,8.979999542236328,8.6899995803833,8.979999542236328,1979500,MUFG,3737
2008-02-15,8.680000305175781,8.710000038146973,8.600000381469727,8.649999618530273,1784000,MUFG,3737
2008-02-19,8.869999885559082,8.989999771118164,8.800000190734863,8.800000190734863,2044600,MUFG,3737
2008-02-20,8.600000381469727,8.800000190734863,8.460000038146973,8.800000190734863,2310800,MUFG,3737
2008-02-21,8.609999656677246,8.75,8.520000457763672,8.520000457763672,1553100,MUFG,3737
2008-02-22,8.789999961853027,8.789999961853027,8.539999961853027,8.539999961853027,1751100,MUFG,3737
2008-02-25,9.140000343322754,9.149999618530273,8.920000076293945,8.920000076293945,1838000,MUFG,3737
2008-02-26,9.319999694824219,9.34000015258789,9.09000015258789,9.210000038146973,1743400,MUFG,3737
2008-02-27,9.270000457763672,9.380000114440918,9.119999885559082,9.319999694824219,1643800,MUFG,3737
2008-02-28,9.1899995803833,9.289999961853027,9.140000343322754,9.25,2187700,MUFG,3737
2008-02-29,8.8100004196167,9.079999923706055,8.75,9.079999923706055,1984900,MUFG,3737
2008-03-03,8.829999923706055,9.0,8.6899995803833,8.6899995803833,2242200,MUFG,3737
2008-03-04,8.680000305175781,8.789999961853027,8.5,8.789999961853027,2549200,MUFG,3737
2008-03-05,8.5,8.619999885559082,8.449999809265137,8.529999732971191,1599400,MUFG,3737
2008-03-06,8.40999984741211,8.619999885559082,8.390000343322754,8.600000381469727,1592500,MUFG,3737
2008-03-07,8.260000228881836,8.380000114440918,8.1899995803833,8.319999694824219,2352900,MUFG,3737
2008-03-10,8.25,8.390000343322754,8.170000076293945,8.170000076293945,1550000,MUFG,3737
2008-03-11,8.739999771118164,8.739999771118164,8.430000305175781,8.430000305175781,2717800,MUFG,3737
2008-03-12,8.779999732971191,8.979999542236328,8.779999732971191,8.84000015258789,2572900,MUFG,3737
2008-03-13,8.510000228881836,8.609999656677246,8.170000076293945,8.609999656677246,3872200,MUFG,3737
2008-03-14,8.1899995803833,8.470000267028809,8.100000381469727,8.470000267028809,4166100,MUFG,3737
2008-03-17,8.15999984741211,8.229999542236328,7.949999809265137,8.0,3880200,MUFG,3737
2008-03-18,8.640000343322754,8.6899995803833,8.380000114440918,8.390000343322754,2965600,MUFG,3737
2008-03-19,8.430000305175781,8.75,8.40999984741211,8.569999694824219,3075000,MUFG,3737
2008-03-20,8.800000190734863,8.819999694824219,8.319999694824219,8.319999694824219,1898500,MUFG,3737
2008-03-24,9.210000038146973,9.279999732971191,8.899999618530273,8.899999618530273,2192100,MUFG,3737
2008-03-25,9.199999809265137,9.279999732971191,9.09000015258789,9.279999732971191,1666300,MUFG,3737
2008-03-26,8.890000343322754,9.0600004196167,8.8100004196167,9.0600004196167,1575200,MUFG,3737
2008-03-27,8.75,8.899999618530273,8.75,8.899999618530273,1344800,MUFG,3737
2008-03-28,8.760000228881836,8.880000114440918,8.720000267028809,8.859999656677246,1122500,MUFG,3737
2008-03-31,8.699999809265137,8.84000015258789,8.640000343322754,8.84000015258789,1374800,MUFG,3737
2008-04-01,9.069999694824219,9.09000015258789,8.869999885559082,8.869999885559082,1774700,MUFG,3737
2008-04-02,9.380000114440918,9.5,9.289999961853027,9.4399995803833,1597500,MUFG,3737
2008-04-03,9.649999618530273,9.680000305175781,9.529999732971191,9.529999732971191,1766100,MUFG,3737
2008-04-04,9.649999618530273,9.739999771118164,9.59000015258789,9.739999771118164,1396700,MUFG,3737
2008-04-07,9.619999885559082,9.75,9.609999656677246,9.649999618530273,1366200,MUFG,3737
2008-04-08,9.420000076293945,9.529999732971191,9.239999771118164,9.5,1258600,MUFG,3737
2008-04-09,9.1899995803833,9.289999961853027,9.140000343322754,9.289999961853027,1172800,MUFG,3737
2008-04-10,9.350000381469727,9.5600004196167,9.3100004196167,9.489999771118164,1315400,MUFG,3737
2008-04-11,9.25,9.430000305175781,9.229999542236328,9.430000305175781,1223800,MUFG,3737
2008-04-14,9.140000343322754,9.300000190734863,9.119999885559082,9.229999542236328,1035200,MUFG,3737
2008-04-15,9.319999694824219,9.319999694824219,9.180000305175781,9.25,1719500,MUFG,3737
2008-04-16,9.869999885559082,9.869999885559082,9.479999542236328,9.479999542236328,2124100,MUFG,3737
2008-04-17,9.819999694824219,9.859999656677246,9.729999542236328,9.819999694824219,1411900,MUFG,3737
2008-04-18,9.930000305175781,10.0,9.850000381469727,9.920000076293945,1270700,MUFG,3737
2008-04-21,9.9399995803833,10.029999732971191,9.869999885559082,9.989999771118164,1835000,MUFG,3737
2008-04-22,9.850000381469727,9.920000076293945,9.75,9.850000381469727,1602600,MUFG,3737
2008-04-23,9.729999542236328,9.800000190734863,9.649999618530273,9.760000228881836,1018500,MUFG,3737
2008-04-24,9.65999984741211,9.770000457763672,9.5600004196167,9.680000305175781,1520100,MUFG,3737
2008-04-25,10.130000114440918,10.149999618530273,9.880000114440918,9.880000114440918,2722300,MUFG,3737
2008-04-28,10.90999984741211,11.039999961853027,10.829999923706055,10.899999618530273,4016500,MUFG,3737
2008-04-29,10.850000381469727,10.920000076293945,10.779999732971191,10.800000190734863,2967300,MUFG,3737
2008-04-30,10.989999771118164,11.109999656677246,10.859999656677246,10.930000305175781,2678800,MUFG,3737
2008-05-01,10.819999694824219,10.850000381469727,10.59000015258789,10.6899995803833,2568100,MUFG,3737
2008-05-02,10.789999961853027,11.0,10.770000457763672,10.829999923706055,1780600,MUFG,3737
2008-05-05,10.819999694824219,10.850000381469727,10.75,10.850000381469727,1397100,MUFG,3737
2008-05-06,10.869999885559082,10.869999885559082,10.6899995803833,10.789999961853027,4611000,MUFG,3737
2008-05-07,10.789999961853027,11.100000381469727,10.75,10.920000076293945,2921000,MUFG,3737
2008-05-08,10.640000343322754,10.770000457763672,10.609999656677246,10.739999771118164,2610300,MUFG,3737
2008-05-09,10.600000381469727,10.680000305175781,10.449999809265137,10.600000381469727,2877500,MUFG,3737
2008-05-12,10.4399995803833,10.510000228881836,10.289999961853027,10.430000305175781,2955800,MUFG,3737
2008-05-13,10.300000190734863,10.399999618530273,10.25,10.390000343322754,1910300,MUFG,3737
2008-05-14,10.149999618530273,10.239999771118164,10.109999656677246,10.1899995803833,2501900,MUFG,3737
2008-05-15,10.510000228881836,10.760000228881836,10.3100004196167,10.760000228881836,3496900,MUFG,3737
2008-05-16,10.520000457763672,10.529999732971191,10.369999885559082,10.470000267028809,1593600,MUFG,3737
2008-05-19,10.390000343322754,10.5,10.34000015258789,10.430000305175781,1901300,MUFG,3737
2008-05-20,9.90999984741211,10.170000076293945,9.510000228881836,9.510000228881836,2172400,MUFG,3737
2008-05-21,9.630000114440918,9.829999923706055,9.59000015258789,9.829999923706055,2580300,MUFG,3737
2008-05-22,9.850000381469727,9.850000381469727,9.710000038146973,9.760000228881836,1846200,MUFG,3737
2008-05-23,9.6899995803833,9.899999618530273,9.649999618530273,9.729999542236328,4382000,MUFG,3737
2008-05-27,9.779999732971191,9.800000190734863,9.600000381469727,9.600000381469727,1870000,MUFG,3737
2008-05-28,9.529999732971191,9.569999694824219,9.449999809265137,9.529999732971191,2359900,MUFG,3737
2008-05-29,9.920000076293945,10.039999961853027,9.529999732971191,9.529999732971191,4793400,MUFG,3737
2008-05-30,10.149999618530273,10.390000343322754,10.100000381469727,10.109999656677246,3402400,MUFG,3737
2008-06-02,10.520000457763672,10.710000038146973,10.369999885559082,10.6899995803833,2981900,MUFG,3737
2008-06-03,10.460000038146973,10.729999542236328,10.350000381469727,10.609999656677246,5121800,MUFG,3737
2008-06-04,10.800000190734863,10.9399995803833,10.729999542236328,10.800000190734863,3634500,MUFG,3737
2008-06-05,10.710000038146973,10.720000267028809,10.510000228881836,10.539999961853027,2812000,MUFG,3737
2008-06-06,10.279999732971191,10.539999961853027,10.260000228881836,10.510000228881836,3214200,MUFG,3737
2008-06-09,10.199999809265137,10.300000190734863,10.079999923706055,10.260000228881836,1476800,MUFG,3737
2008-06-10,9.899999618530273,10.0,9.84000015258789,9.989999771118164,2317300,MUFG,3737
2008-06-11,9.489999771118164,9.829999923706055,9.479999542236328,9.779999732971191,2790300,MUFG,3737
2008-06-12,9.739999771118164,9.90999984741211,9.699999809265137,9.720000267028809,2437200,MUFG,3737
2008-06-13,9.899999618530273,9.899999618530273,9.720000267028809,9.779999732971191,1552100,MUFG,3737
2008-06-16,10.029999732971191,10.0600004196167,9.829999923706055,10.050000190734863,1728700,MUFG,3737
2008-06-17,9.989999771118164,10.09000015258789,9.949999809265137,10.010000228881836,2337300,MUFG,3737
2008-06-18,9.829999923706055,9.9399995803833,9.789999961853027,9.899999618530273,3380300,MUFG,3737
2008-06-19,9.640000343322754,9.6899995803833,9.5,9.6899995803833,4639400,MUFG,3737
2008-06-20,9.260000228881836,9.4399995803833,9.220000267028809,9.399999618530273,4531200,MUFG,3737
2008-06-23,9.180000305175781,9.260000228881836,9.100000381469727,9.180000305175781,3556100,MUFG,3737
2008-06-24,9.140000343322754,9.229999542236328,9.050000190734863,9.100000381469727,3892100,MUFG,3737
2008-06-25,9.119999885559082,9.1899995803833,9.0,9.0600004196167,3213500,MUFG,3737
2008-06-26,8.770000457763672,8.979999542236328,8.75,8.979999542236328,3665300,MUFG,3737
2008-06-27,8.720000267028809,8.84000015258789,8.65999984741211,8.6899995803833,3675300,MUFG,3737
2008-06-30,8.800000190734863,8.970000267028809,8.6899995803833,8.6899995803833,4343100,MUFG,3737
2008-07-01,8.8100004196167,8.84000015258789,8.600000381469727,8.770000457763672,5101500,MUFG,3737
2008-07-02,8.579999923706055,8.829999923706055,8.539999961853027,8.819999694824219,4856800,MUFG,3737
2008-07-03,8.899999618530273,9.020000457763672,8.8100004196167,8.8100004196167,2033500,MUFG,3737
2008-07-07,8.850000381469727,9.050000190734863,8.800000190734863,8.949999809265137,3266600,MUFG,3737
2008-07-08,9.020000457763672,9.020000457763672,8.680000305175781,8.920000076293945,3709300,MUFG,3737
2008-07-09,8.84000015258789,9.130000114440918,8.819999694824219,9.020000457763672,3870100,MUFG,3737
2008-07-10,9.199999809265137,9.239999771118164,8.9399995803833,9.170000076293945,4538800,MUFG,3737
2008-07-11,9.109999656677246,9.489999771118164,8.949999809265137,9.489999771118164,3536900,MUFG,3737
2008-07-14,8.979999542236328,9.25,8.9399995803833,9.25,3841700,MUFG,3737
2008-07-15,8.699999809265137,8.850000381469727,8.510000228881836,8.59000015258789,4539600,MUFG,3737
2008-07-16,9.239999771118164,9.239999771118164,8.770000457763672,8.800000190734863,5998800,MUFG,3737
2008-07-17,9.399999618530273,9.460000038146973,9.130000114440918,9.140000343322754,6698000,MUFG,3737
2008-07-18,9.1899995803833,9.229999542236328,9.050000190734863,9.229999542236328,3203800,MUFG,3737
2008-07-21,9.199999809265137,9.489999771118164,9.149999618530273,9.489999771118164,3462100,MUFG,3737
2008-07-22,9.399999618530273,9.399999618530273,8.970000267028809,9.239999771118164,8542300,MUFG,3737
2008-07-23,9.529999732971191,9.670000076293945,9.350000381469727,9.5,5827500,MUFG,3737
2008-07-24,9.3100004196167,9.649999618530273,9.229999542236328,9.640000343322754,3488000,MUFG,3737
2008-07-25,9.09000015258789,9.210000038146973,9.029999732971191,9.210000038146973,2347700,MUFG,3737
2008-07-28,8.850000381469727,9.220000267028809,8.850000381469727,8.930000305175781,2938000,MUFG,3737
2008-07-29,9.140000343322754,9.140000343322754,8.819999694824219,8.979999542236328,2654300,MUFG,3737
2008-07-30,9.109999656677246,9.15999984741211,8.970000267028809,9.079999923706055,2420100,MUFG,3737
2008-07-31,8.779999732971191,9.0600004196167,8.770000457763672,8.869999885559082,2137400,MUFG,3737
2008-08-01,8.65999984741211,8.779999732971191,8.59000015258789,8.699999809265137,2244200,MUFG,3737
2008-08-04,8.350000381469727,8.5,8.25,8.5,2524700,MUFG,3737
2008-08-05,8.550000190734863,8.640000343322754,8.380000114440918,8.550000190734863,3146700,MUFG,3737
2008-08-06,8.329999923706055,8.369999885559082,8.220000267028809,8.350000381469727,2074800,MUFG,3737
2008-08-07,7.829999923706055,7.989999771118164,7.78000020980835,7.989999771118164,2337000,MUFG,3737
2008-08-08,7.849999904632568,7.880000114440918,7.53000020980835,7.710000038146973,2106700,MUFG,3737
2008-08-11,8.039999961853027,8.130000114440918,7.739999771118164,7.739999771118164,2531700,MUFG,3737
2008-08-12,7.909999847412109,8.25,7.829999923706055,8.029999732971191,2685600,MUFG,3737
2008-08-13,7.630000114440918,7.809999942779541,7.559999942779541,7.699999809265137,2900500,MUFG,3737
2008-08-14,7.550000190734863,7.610000133514404,7.429999828338623,7.429999828338623,2578200,MUFG,3737
2008-08-15,7.329999923706055,7.480000019073486,7.300000190734863,7.46999979019165,2137800,MUFG,3737
2008-08-18,7.480000019073486,7.769999980926514,7.449999809265137,7.550000190734863,2669700,MUFG,3737
2008-08-19,7.349999904632568,7.53000020980835,7.210000038146973,7.53000020980835,5924700,MUFG,3737
2008-08-20,7.480000019073486,7.5,7.329999923706055,7.349999904632568,2984400,MUFG,3737
2008-08-21,7.5,7.519999980926514,7.349999904632568,7.409999847412109,2282400,MUFG,3737
2008-08-22,7.449999809265137,7.539999961853027,7.289999961853027,7.289999961853027,3233000,MUFG,3737
2008-08-25,7.460000038146973,7.579999923706055,7.409999847412109,7.570000171661377,1338800,MUFG,3737
2008-08-26,7.510000228881836,7.550000190734863,7.360000133514404,7.360000133514404,2292500,MUFG,3737
2008-08-27,7.579999923706055,7.630000114440918,7.46999979019165,7.510000228881836,2662300,MUFG,3737
2008-08-28,7.599999904632568,7.659999847412109,7.489999771118164,7.510000228881836,3146000,MUFG,3737
2008-08-29,7.639999866485596,7.659999847412109,7.489999771118164,7.5,1930000,MUFG,3737
2008-09-02,7.489999771118164,7.690000057220459,7.429999828338623,7.630000114440918,1861200,MUFG,3737
2008-09-03,7.590000152587891,7.599999904632568,7.409999847412109,7.480000019073486,3891300,MUFG,3737
2008-09-04,7.119999885559082,7.440000057220459,7.059999942779541,7.440000057220459,2872200,MUFG,3737
2008-09-05,7.289999961853027,7.289999961853027,6.869999885559082,7.0,4705700,MUFG,3737
2008-09-08,7.690000057220459,7.909999847412109,7.519999980926514,7.900000095367432,6425700,MUFG,3737
2008-09-09,7.449999809265137,7.739999771118164,7.340000152587891,7.699999809265137,5142000,MUFG,3737
2008-09-10,7.880000114440918,8.079999923706055,7.730000019073486,8.0,6879100,MUFG,3737
2008-09-11,7.809999942779541,7.840000152587891,7.440000057220459,7.75,6483800,MUFG,3737
2008-09-12,7.800000190734863,7.980000019073486,7.619999885559082,7.909999847412109,4401700,MUFG,3737
2008-09-15,7.199999809265137,7.659999847412109,7.059999942779541,7.460000038146973,6520100,MUFG,3737
2008-09-16,7.630000114440918,7.670000076293945,7.199999809265137,7.320000171661377,4781600,MUFG,3737
2008-09-17,7.03000020980835,7.590000152587891,6.889999866485596,7.300000190734863,12756100,MUFG,3737
2008-09-18,7.800000190734863,8.039999961853027,7.050000190734863,7.110000133514404,7663000,MUFG,3737
2008-09-19,8.359999656677246,8.949999809265137,8.260000228881836,8.390000343322754,3554500,MUFG,3737
2008-09-22,8.25,8.800000190734863,8.140000343322754,8.5,5930800,MUFG,3737
2008-09-23,8.149999618530273,8.869999885559082,7.980000019073486,8.869999885559082,1218600,MUFG,3737
2008-09-24,8.65999984741211,9.0,8.600000381469727,8.699999809265137,1700000,MUFG,3737
2008-09-25,8.949999809265137,9.210000038146973,8.539999961853027,8.539999961853027,1753400,MUFG,3737
2008-09-26,9.09000015258789,9.1899995803833,8.479999542236328,8.75,3586100,MUFG,3737
2008-09-29,8.329999923706055,8.75,7.949999809265137,8.510000228881836,1746200,MUFG,3737
2008-09-30,8.739999771118164,8.850000381469727,8.319999694824219,8.319999694824219,2376800,MUFG,3737
2008-10-01,8.850000381469727,9.140000343322754,8.550000190734863,8.569999694824219,2328600,MUFG,3737
2008-10-02,8.300000190734863,8.699999809265137,8.140000343322754,8.510000228881836,1054500,MUFG,3737
2008-10-03,8.449999809265137,8.850000381469727,8.149999618530273,8.149999618530273,1179300,MUFG,3737
2008-10-06,7.840000152587891,7.989999771118164,7.300000190734863,7.710000038146973,2565900,MUFG,3737
2008-10-07,7.769999980926514,7.840000152587891,7.329999923706055,7.400000095367432,2174700,MUFG,3737
2008-10-08,7.789999961853027,7.840000152587891,7.099999904632568,7.110000133514404,3030700,MUFG,3737
2008-10-09,7.019999980926514,7.800000190734863,6.960000038146973,7.769999980926514,3400700,MUFG,3737
2008-10-10,6.650000095367432,6.860000133514404,5.809999942779541,6.309999942779541,4927900,MUFG,3737
2008-10-13,7.679999828338623,7.690000057220459,6.980000019073486,7.159999847412109,4497700,MUFG,3737
2008-10-14,7.75,8.449999809265137,7.550000190734863,8.449999809265137,7272900,MUFG,3737
2008-10-15,7.199999809265137,8.069999694824219,7.199999809265137,8.0,5596200,MUFG,3737
2008-10-16,7.510000228881836,7.579999923706055,6.920000076293945,7.25,3381400,MUFG,3737
2008-10-17,7.449999809265137,7.769999980926514,7.139999866485596,7.199999809265137,2161900,MUFG,3737
2008-10-20,8.210000038146973,8.210000038146973,7.559999942779541,7.650000095367432,4603700,MUFG,3737
2008-10-21,8.0,8.289999961853027,7.889999866485596,8.1899995803833,4326100,MUFG,3737
2008-10-22,7.440000057220459,7.880000114440918,7.260000228881836,7.71999979019165,3910000,MUFG,3737
2008-10-23,7.739999771118164,7.820000171661377,7.300000190734863,7.440000057220459,5778100,MUFG,3737
2008-10-24,7.03000020980835,7.25,6.400000095367432,6.400000095367432,5616300,MUFG,3737
2008-10-27,6.070000171661377,6.489999771118164,6.050000190734863,6.400000095367432,4107100,MUFG,3737
2008-10-28,6.309999942779541,6.5,5.610000133514404,6.099999904632568,9444000,MUFG,3737
2008-10-29,6.119999885559082,6.409999847412109,5.75,5.75,3097100,MUFG,3737
2008-10-30,6.329999923706055,6.400000095367432,6.050000190734863,6.340000152587891,2327400,MUFG,3737
2008-10-31,6.289999961853027,6.329999923706055,5.179999828338623,5.179999828338623,1209900,MUFG,3737
2008-11-03,6.369999885559082,6.510000228881836,6.25,6.309999942779541,3398000,MUFG,3737
2008-11-04,6.619999885559082,6.659999847412109,6.360000133514404,6.360000133514404,3963500,MUFG,3737
2008-11-05,6.599999904632568,6.920000076293945,6.559999942779541,6.880000114440918,2665300,MUFG,3737
2008-11-06,6.150000095367432,6.610000133514404,6.099999904632568,6.5,1912000,MUFG,3737
2008-11-07,6.460000038146973,6.460000038146973,6.199999809265137,6.199999809265137,2468400,MUFG,3737
2008-11-10,6.460000038146973,6.630000114440918,6.309999942779541,6.550000190734863,2011300,MUFG,3737
2008-11-11,6.21999979019165,6.360000133514404,6.050000190734863,6.340000152587891,2410800,MUFG,3737
2008-11-12,5.96999979019165,6.210000038146973,5.889999866485596,6.059999942779541,2177100,MUFG,3737
2008-11-13,6.440000057220459,6.460000038146973,5.900000095367432,6.050000190734863,6031200,MUFG,3737
2008-11-14,6.0,6.239999771118164,5.980000019073486,6.199999809265137,2901900,MUFG,3737
2008-11-17,5.820000171661377,6.019999980926514,5.809999942779541,5.920000076293945,2055700,MUFG,3737
2008-11-18,5.400000095367432,5.429999828338623,5.130000114440918,5.300000190734863,3402200,MUFG,3737
2008-11-19,4.929999828338623,5.28000020980835,4.880000114440918,5.28000020980835,2330800,MUFG,3737
2008-11-20,4.789999961853027,5.099999904632568,4.5,4.849999904632568,5419800,MUFG,3737
2008-11-21,5.070000171661377,5.119999885559082,4.75,5.019999980926514,5225000,MUFG,3737
2008-11-24,5.449999809265137,5.550000190734863,5.050000190734863,5.289999961853027,3435600,MUFG,3737
2008-11-25,5.300000190734863,5.329999923706055,5.079999923706055,5.260000228881836,2819100,MUFG,3737
2008-11-26,5.429999828338623,5.429999828338623,4.760000228881836,4.760000228881836,2591900,MUFG,3737
2008-11-28,5.480000019073486,5.489999771118164,5.159999847412109,5.25,1545900,MUFG,3737
2008-12-01,5.03000020980835,5.349999904632568,4.980000019073486,5.110000133514404,2629500,MUFG,3737
2008-12-02,5.170000076293945,5.260000228881836,5.0,5.019999980926514,4035600,MUFG,3737
2008-12-03,5.019999980926514,5.199999809265137,4.860000133514404,5.03000020980835,5930200,MUFG,3737
2008-12-04,4.789999961853027,5.0,4.650000095367432,4.940000057220459,8687100,MUFG,3737
2008-12-05,4.650000095367432,4.949999809265137,4.539999961853027,4.599999904632568,8282400,MUFG,3737
2008-12-08,4.679999828338623,5.150000095367432,4.53000020980835,5.050000190734863,41115900,MUFG,3737
2008-12-09,4.840000152587891,4.900000095367432,4.769999980926514,4.840000152587891,11498000,MUFG,3737
2008-12-10,5.019999980926514,5.019999980926514,4.869999885559082,5.0,10486600,MUFG,3737
2008-12-11,5.199999809265137,5.329999923706055,5.099999904632568,5.320000171661377,12090300,MUFG,3737
2008-12-12,5.5,5.650000095367432,5.320000171661377,5.380000114440918,12465800,MUFG,3737
2008-12-15,5.559999942779541,5.630000114440918,5.429999828338623,5.53000020980835,5398000,MUFG,3737
2008-12-16,5.949999809265137,5.949999809265137,5.5,5.5,4826400,MUFG,3737
2008-12-17,5.849999904632568,5.880000114440918,5.75,5.860000133514404,4199900,MUFG,3737
2008-12-18,5.900000095367432,6.079999923706055,5.800000190734863,6.079999923706055,6345000,MUFG,3737
2008-12-19,6.179999828338623,6.199999809265137,5.949999809265137,6.150000095367432,3851500,MUFG,3737
2008-12-22,6.230000019073486,6.409999847412109,6.110000133514404,6.329999923706055,3236600,MUFG,3737
2008-12-23,6.139999866485596,6.25,6.03000020980835,6.210000038146973,2876600,MUFG,3737
2008-12-24,5.909999847412109,5.929999828338623,5.800000190734863,5.860000133514404,1114800,MUFG,3737
2008-12-26,6.130000114440918,6.150000095367432,6.0,6.0,1451100,MUFG,3737
2008-12-29,6.139999866485596,6.150000095367432,6.03000020980835,6.130000114440918,2348200,MUFG,3737
2008-12-30,6.28000020980835,6.289999961853027,6.039999961853027,6.039999961853027,2553100,MUFG,3737
2008-12-31,6.210000038146973,6.380000114440918,5.920000076293945,6.050000190734863,3344300,MUFG,3737
2009-01-02,6.300000190734863,6.340000152587891,6.159999847412109,6.21999979019165,2189300,MUFG,3737
2009-01-05,6.269999980926514,6.329999923706055,6.139999866485596,6.25,3854400,MUFG,3737
2009-01-06,6.159999847412109,6.190000057220459,6.059999942779541,6.119999885559082,3355600,MUFG,3737
2009-01-07,6.099999904632568,6.21999979019165,6.050000190734863,6.21999979019165,2119900,MUFG,3737
2009-01-08,6.139999866485596,6.139999866485596,5.96999979019165,6.03000020980835,2414400,MUFG,3737
2009-01-09,6.119999885559082,6.179999828338623,6.070000171661377,6.139999866485596,2111200,MUFG,3737
2009-01-12,6.039999961853027,6.159999847412109,5.949999809265137,6.010000228881836,3626800,MUFG,3737
2009-01-13,5.869999885559082,5.909999847412109,5.659999847412109,5.78000020980835,2516500,MUFG,3737
2009-01-14,5.599999904632568,5.690000057220459,5.519999980926514,5.670000076293945,3347400,MUFG,3737
2009-01-15,5.769999980926514,5.860000133514404,5.590000152587891,5.800000190734863,4714500,MUFG,3737
2009-01-16,5.730000019073486,5.860000133514404,5.590000152587891,5.800000190734863,3932600,MUFG,3737
2009-01-20,5.230000019073486,5.559999942779541,5.21999979019165,5.53000020980835,4909300,MUFG,3737
2009-01-21,5.599999904632568,5.599999904632568,5.329999923706055,5.349999904632568,3982400,MUFG,3737
2009-01-22,5.369999885559082,5.429999828338623,5.239999771118164,5.239999771118164,2887200,MUFG,3737
2009-01-23,5.510000228881836,5.539999961853027,5.150000095367432,5.170000076293945,5437300,MUFG,3737
2009-01-26,5.239999771118164,5.360000133514404,5.150000095367432,5.179999828338623,3831600,MUFG,3737
2009-01-27,5.590000152587891,5.590000152587891,5.440000057220459,5.480000019073486,3709600,MUFG,3737
2009-01-28,5.829999923706055,5.840000152587891,5.699999809265137,5.760000228881836,3110200,MUFG,3737
2009-01-29,5.639999866485596,5.769999980926514,5.599999904632568,5.670000076293945,2588100,MUFG,3737
2009-01-30,5.5,5.699999809265137,5.440000057220459,5.519999980926514,3561400,MUFG,3737
2009-02-02,5.369999885559082,5.400000095367432,5.210000038146973,5.380000114440918,2028900,MUFG,3737
2009-02-03,5.429999828338623,5.480000019073486,5.269999980926514,5.329999923706055,2887000,MUFG,3737
2009-02-04,5.360000133514404,5.559999942779541,5.309999942779541,5.360000133514404,3116700,MUFG,3737
2009-02-05,5.289999961853027,5.360000133514404,5.170000076293945,5.210000038146973,4000300,MUFG,3737
2009-02-06,5.449999809265137,5.539999961853027,5.269999980926514,5.269999980926514,3115700,MUFG,3737
2009-02-09,5.320000171661377,5.429999828338623,5.159999847412109,5.179999828338623,2010600,MUFG,3737
2009-02-10,5.170000076293945,5.409999847412109,5.119999885559082,5.28000020980835,3170500,MUFG,3737
2009-02-11,5.230000019073486,5.289999961853027,5.110000133514404,5.289999961853027,2728000,MUFG,3737
2009-02-12,5.190000057220459,5.199999809265137,5.019999980926514,5.019999980926514,2473300,MUFG,3737
2009-02-13,5.059999942779541,5.179999828338623,5.019999980926514,5.079999923706055,1626600,MUFG,3737
2009-02-17,4.650000095367432,4.809999942779541,4.610000133514404,4.800000190734863,3715100,MUFG,3737
2009-02-18,4.679999828338623,4.71999979019165,4.610000133514404,4.699999809265137,2571500,MUFG,3737
2009-02-19,4.579999923706055,4.75,4.559999942779541,4.679999828338623,3205100,MUFG,3737
2009-02-20,4.559999942779541,4.610000133514404,4.260000228881836,4.460000038146973,4288800,MUFG,3737
2009-02-23,4.329999923706055,4.539999961853027,4.309999942779541,4.46999979019165,3521500,MUFG,3737
2009-02-24,4.610000133514404,4.670000076293945,4.349999904632568,4.360000133514404,3288700,MUFG,3737
2009-02-25,4.559999942779541,4.659999847412109,4.449999809265137,4.53000020980835,1827400,MUFG,3737
2009-02-26,4.460000038146973,4.639999866485596,4.429999828338623,4.510000228881836,3926400,MUFG,3737
2009-02-27,4.46999979019165,4.570000171661377,4.380000114440918,4.389999866485596,3404300,MUFG,3737
2009-03-02,4.099999904632568,4.349999904632568,4.070000171661377,4.269999980926514,4625000,MUFG,3737
2009-03-03,4.150000095367432,4.21999979019165,4.039999961853027,4.150000095367432,6588800,MUFG,3737
2009-03-04,4.329999923706055,4.429999828338623,4.28000020980835,4.329999923706055,3690600,MUFG,3737
2009-03-05,4.110000133514404,4.300000190734863,4.010000228881836,4.300000190734863,2724900,MUFG,3737
2009-03-06,4.050000190734863,4.170000076293945,3.869999885559082,4.03000020980835,3109100,MUFG,3737
2009-03-09,3.759999990463257,3.880000114440918,3.7100000381469727,3.8499999046325684,3945600,MUFG,3737
2009-03-10,4.230000019073486,4.239999771118164,3.9600000381469727,3.9600000381469727,4932100,MUFG,3737
2009-03-11,4.25,4.320000171661377,4.170000076293945,4.269999980926514,2975600,MUFG,3737
2009-03-12,4.21999979019165,4.239999771118164,3.940000057220459,4.0,3137700,MUFG,3737
2009-03-13,4.28000020980835,4.349999904632568,4.210000038146973,4.210000038146973,1777300,MUFG,3737
2009-03-16,4.480000019073486,4.679999828338623,4.480000019073486,4.5,2185300,MUFG,3737
2009-03-17,4.949999809265137,4.960000038146973,4.71999979019165,4.800000190734863,3303900,MUFG,3737
2009-03-18,5.099999904632568,5.110000133514404,4.820000171661377,4.989999771118164,3149600,MUFG,3737
2009-03-19,5.079999923706055,5.389999866485596,5.070000171661377,5.170000076293945,5305100,MUFG,3737
2009-03-20,4.940000057220459,5.099999904632568,4.920000076293945,5.099999904632568,2011900,MUFG,3737
2009-03-23,5.559999942779541,5.579999923706055,5.170000076293945,5.230000019073486,3396700,MUFG,3737
2009-03-24,5.329999923706055,5.480000019073486,5.289999961853027,5.480000019073486,2737000,MUFG,3737
2009-03-25,5.53000020980835,5.570000171661377,5.369999885559082,5.389999866485596,5020800,MUFG,3737
2009-03-26,5.519999980926514,5.610000133514404,5.460000038146973,5.489999771118164,1885300,MUFG,3737
2009-03-27,5.260000228881836,5.369999885559082,5.21999979019165,5.309999942779541,1513700,MUFG,3737
2009-03-30,4.880000114440918,4.980000019073486,4.849999904632568,4.960000038146973,1485600,MUFG,3737
2009-03-31,4.920000076293945,4.989999771118164,4.829999923706055,4.849999904632568,5546000,MUFG,3737
2009-04-01,5.130000114440918,5.170000076293945,4.880000114440918,4.880000114440918,2342200,MUFG,3737
2009-04-02,5.389999866485596,5.480000019073486,5.179999828338623,5.25,1889800,MUFG,3737
2009-04-03,5.389999866485596,5.389999866485596,5.210000038146973,5.210000038146973,2066300,MUFG,3737
2009-04-06,5.059999942779541,5.190000057220459,4.940000057220459,5.190000057220459,2141900,MUFG,3737
2009-04-07,4.940000057220459,5.039999961853027,4.920000076293945,5.039999961853027,749500,MUFG,3737
2009-04-08,4.940000057220459,4.980000019073486,4.789999961853027,4.789999961853027,1073100,MUFG,3737
2009-04-09,5.239999771118164,5.309999942779541,5.159999847412109,5.239999771118164,4296000,MUFG,3737
2009-04-13,5.389999866485596,5.440000057220459,5.190000057220459,5.210000038146973,1349000,MUFG,3737
2009-04-14,5.320000171661377,5.400000095367432,5.289999961853027,5.360000133514404,2072800,MUFG,3737
2009-04-15,5.360000133514404,5.360000133514404,5.159999847412109,5.210000038146973,1115000,MUFG,3737
2009-04-16,5.190000057220459,5.230000019073486,5.059999942779541,5.139999866485596,1160500,MUFG,3737
2009-04-17,5.21999979019165,5.260000228881836,5.119999885559082,5.119999885559082,1122500,MUFG,3737
2009-04-20,4.789999961853027,5.099999904632568,4.789999961853027,5.099999904632568,1669700,MUFG,3737
2009-04-21,5.079999923706055,5.079999923706055,4.809999942779541,4.809999942779541,1185300,MUFG,3737
2009-04-22,4.849999904632568,4.96999979019165,4.829999923706055,4.909999847412109,1252300,MUFG,3737
2009-04-23,4.909999847412109,4.909999847412109,4.800000190734863,4.849999904632568,1020000,MUFG,3737
2009-04-24,5.25,5.289999961853027,5.03000020980835,5.03000020980835,1678100,MUFG,3737
2009-04-27,5.269999980926514,5.380000114440918,5.21999979019165,5.28000020980835,1753100,MUFG,3737
2009-04-28,5.329999923706055,5.429999828338623,5.190000057220459,5.190000057220459,1387700,MUFG,3737
2009-04-29,5.489999771118164,5.5,5.28000020980835,5.300000190734863,3613200,MUFG,3737
2009-04-30,5.420000076293945,5.570000171661377,5.380000114440918,5.460000038146973,3493500,MUFG,3737
2009-05-01,5.480000019073486,5.489999771118164,5.389999866485596,5.389999866485596,1888800,MUFG,3737
2009-05-04,5.78000020980835,5.78000020980835,5.510000228881836,5.599999904632568,2099600,MUFG,3737
2009-05-05,5.820000171661377,5.869999885559082,5.690000057220459,5.690000057220459,3447700,MUFG,3737
2009-05-06,5.929999828338623,5.980000019073486,5.690000057220459,5.690000057220459,3476900,MUFG,3737
2009-05-07,6.170000076293945,6.400000095367432,6.090000152587891,6.400000095367432,3580000,MUFG,3737
2009-05-08,6.840000152587891,6.840000152587891,6.400000095367432,6.400000095367432,5421900,MUFG,3737
2009-05-11,6.670000076293945,6.809999942779541,6.630000114440918,6.659999847412109,4260900,MUFG,3737
2009-05-12,6.570000171661377,6.670000076293945,6.409999847412109,6.559999942779541,6335200,MUFG,3737
2009-05-13,6.25,6.400000095367432,6.210000038146973,6.300000190734863,6186500,MUFG,3737
2009-05-14,6.25,6.28000020980835,6.059999942779541,6.059999942779541,1858600,MUFG,3737
2009-05-15,6.320000171661377,6.449999809265137,6.28000020980835,6.329999923706055,1558400,MUFG,3737
2009-05-18,6.460000038146973,6.5,6.260000228881836,6.369999885559082,2521100,MUFG,3737
2009-05-19,6.389999866485596,6.579999923706055,6.389999866485596,6.5,1644700,MUFG,3737
2009-05-20,6.46999979019165,6.619999885559082,6.449999809265137,6.46999979019165,1385700,MUFG,3737
2009-05-21,6.329999923706055,6.400000095367432,6.239999771118164,6.289999961853027,1484300,MUFG,3737
2009-05-22,6.369999885559082,6.46999979019165,6.349999904632568,6.409999847412109,1103300,MUFG,3737
2009-05-26,6.639999866485596,6.639999866485596,6.260000228881836,6.289999961853027,1522000,MUFG,3737
2009-05-27,6.460000038146973,6.650000095367432,6.460000038146973,6.650000095367432,1879100,MUFG,3737
2009-05-28,6.480000019073486,6.519999980926514,6.360000133514404,6.420000076293945,1286900,MUFG,3737
2009-05-29,6.340000152587891,6.360000133514404,6.25,6.260000228881836,5630700,MUFG,3737
2009-06-01,6.5,6.579999923706055,6.389999866485596,6.449999809265137,1640800,MUFG,3737
2009-06-02,6.510000228881836,6.599999904632568,6.440000057220459,6.440000057220459,1122600,MUFG,3737
2009-06-03,6.309999942779541,6.429999828338623,6.230000019073486,6.429999828338623,1201000,MUFG,3737
2009-06-04,6.539999961853027,6.570000171661377,6.400000095367432,6.400000095367432,2299900,MUFG,3737
2009-06-05,6.360000133514404,6.550000190734863,6.320000171661377,6.550000190734863,1194400,MUFG,3737
2009-06-08,6.53000020980835,6.590000152587891,6.409999847412109,6.460000038146973,858300,MUFG,3737
2009-06-09,6.489999771118164,6.53000020980835,6.369999885559082,6.389999866485596,1919900,MUFG,3737
2009-06-10,6.519999980926514,6.630000114440918,6.46999979019165,6.599999904632568,1394300,MUFG,3737
2009-06-11,6.630000114440918,6.739999771118164,6.460000038146973,6.5,1574600,MUFG,3737
2009-06-12,6.690000057220459,6.71999979019165,6.550000190734863,6.550000190734863,5244300,MUFG,3737
2009-06-15,6.25,6.429999828338623,6.21999979019165,6.429999828338623,1613200,MUFG,3737
2009-06-16,6.159999847412109,6.329999923706055,6.099999904632568,6.329999923706055,1315800,MUFG,3737
2009-06-17,6.170000076293945,6.260000228881836,6.099999904632568,6.119999885559082,2012400,MUFG,3737
2009-06-18,6.199999809265137,6.25,6.099999904632568,6.139999866485596,2711400,MUFG,3737
2009-06-19,6.449999809265137,6.489999771118164,6.420000076293945,6.420000076293945,1873200,MUFG,3737
2009-06-22,6.130000114440918,6.420000076293945,6.119999885559082,6.420000076293945,2420900,MUFG,3737
2009-06-23,6.260000228881836,6.300000190734863,6.150000095367432,6.230000019073486,1891700,MUFG,3737
2009-06-24,6.25,6.349999904632568,6.190000057220459,6.230000019073486,2345500,MUFG,3737
2009-06-25,6.429999828338623,6.440000057220459,6.210000038146973,6.25,2121900,MUFG,3737
2009-06-26,6.539999961853027,6.570000171661377,6.369999885559082,6.369999885559082,2699000,MUFG,3737
2009-06-29,6.329999923706055,6.380000114440918,6.269999980926514,6.340000152587891,2393800,MUFG,3737
2009-06-30,6.139999866485596,6.28000020980835,6.079999923706055,6.25,1643300,MUFG,3737
2009-07-01,6.289999961853027,6.329999923706055,6.159999847412109,6.199999809265137,909300,MUFG,3737
2009-07-02,6.099999904632568,6.179999828338623,6.03000020980835,6.150000095367432,3177300,MUFG,3737
2009-07-06,6.239999771118164,6.25,6.119999885559082,6.119999885559082,817700,MUFG,3737
2009-07-07,6.110000133514404,6.230000019073486,6.03000020980835,6.119999885559082,811500,MUFG,3737
2009-07-08,5.980000019073486,6.139999866485596,5.920000076293945,6.139999866485596,6047400,MUFG,3737
2009-07-09,5.929999828338623,6.010000228881836,5.909999847412109,5.909999847412109,869600,MUFG,3737
2009-07-10,5.78000020980835,5.900000095367432,5.739999771118164,5.900000095367432,789500,MUFG,3737
2009-07-13,5.929999828338623,5.929999828338623,5.789999961853027,5.809999942779541,1291100,MUFG,3737
2009-07-14,5.989999771118164,6.0,5.909999847412109,5.96999979019165,658500,MUFG,3737
2009-07-15,5.840000152587891,5.869999885559082,5.800000190734863,5.840000152587891,7751700,MUFG,3737
2009-07-16,5.789999961853027,5.809999942779541,5.659999847412109,5.699999809265137,2470300,MUFG,3737
2009-07-17,5.739999771118164,5.760000228881836,5.699999809265137,5.71999979019165,750500,MUFG,3737
2009-07-20,5.820000171661377,5.869999885559082,5.75,5.829999923706055,1009100,MUFG,3737
2009-07-21,5.960000038146973,5.980000019073486,5.880000114440918,5.980000019073486,1242800,MUFG,3737
2009-07-22,5.989999771118164,6.019999980926514,5.860000133514404,5.860000133514404,1089700,MUFG,3737
2009-07-23,5.960000038146973,6.059999942779541,5.869999885559082,6.059999942779541,1561500,MUFG,3737
2009-07-24,5.849999904632568,5.869999885559082,5.78000020980835,5.860000133514404,1037800,MUFG,3737
2009-07-27,5.829999923706055,5.860000133514404,5.75,5.820000171661377,1487700,MUFG,3737
2009-07-28,5.809999942779541,5.849999904632568,5.78000020980835,5.78000020980835,860200,MUFG,3737
2009-07-29,5.710000038146973,5.760000228881836,5.659999847412109,5.75,980800,MUFG,3737
2009-07-30,5.840000152587891,5.949999809265137,5.730000019073486,5.730000019073486,2601300,MUFG,3737
2009-07-31,6.199999809265137,6.269999980926514,5.989999771118164,6.0,1602900,MUFG,3737
2009-08-03,6.460000038146973,6.53000020980835,6.309999942779541,6.309999942779541,2303100,MUFG,3737
2009-08-04,6.329999923706055,6.460000038146973,6.300000190734863,6.460000038146973,1119600,MUFG,3737
2009-08-05,6.340000152587891,6.380000114440918,6.239999771118164,6.25,1002800,MUFG,3737
2009-08-06,6.289999961853027,6.409999847412109,6.260000228881836,6.380000114440918,910400,MUFG,3737
2009-08-07,6.289999961853027,6.320000171661377,6.199999809265137,6.25,1002400,MUFG,3737
2009-08-10,6.28000020980835,6.329999923706055,6.21999979019165,6.25,738800,MUFG,3737
2009-08-11,6.269999980926514,6.329999923706055,6.210000038146973,6.239999771118164,1246300,MUFG,3737
2009-08-12,6.349999904632568,6.409999847412109,6.210000038146973,6.239999771118164,1077300,MUFG,3737
2009-08-13,6.320000171661377,6.380000114440918,6.25,6.369999885559082,813700,MUFG,3737
2009-08-14,6.320000171661377,6.380000114440918,6.28000020980835,6.340000152587891,795000,MUFG,3737
2009-08-17,6.099999904632568,6.199999809265137,6.099999904632568,6.179999828338623,923000,MUFG,3737
2009-08-18,6.239999771118164,6.300000190734863,6.179999828338623,6.230000019073486,964900,MUFG,3737
2009-08-19,6.210000038146973,6.289999961853027,6.119999885559082,6.159999847412109,853900,MUFG,3737
2009-08-20,6.320000171661377,6.349999904632568,6.230000019073486,6.230000019073486,666000,MUFG,3737
2009-08-21,6.380000114440918,6.440000057220459,6.309999942779541,6.320000171661377,1114800,MUFG,3737
2009-08-24,6.300000190734863,6.400000095367432,6.269999980926514,6.400000095367432,2164000,MUFG,3737
2009-08-25,6.300000190734863,6.400000095367432,6.300000190734863,6.360000133514404,2180500,MUFG,3737
2009-08-26,6.340000152587891,6.360000133514404,6.260000228881836,6.340000152587891,1966000,MUFG,3737
2009-08-27,6.380000114440918,6.400000095367432,6.28000020980835,6.340000152587891,1840700,MUFG,3737
2009-08-28,6.320000171661377,6.420000076293945,6.260000228881836,6.380000114440918,3226000,MUFG,3737
2009-08-31,6.340000152587891,6.420000076293945,6.239999771118164,6.239999771118164,1290900,MUFG,3737
2009-09-01,6.239999771118164,6.409999847412109,6.179999828338623,6.309999942779541,1335800,MUFG,3737
2009-09-02,6.230000019073486,6.260000228881836,6.179999828338623,6.190000057220459,870700,MUFG,3737
2009-09-03,6.150000095367432,6.159999847412109,6.039999961853027,6.159999847412109,1271500,MUFG,3737
2009-09-04,6.019999980926514,6.090000152587891,5.940000057220459,6.090000152587891,1341600,MUFG,3737
2009-09-08,5.840000152587891,5.929999828338623,5.840000152587891,5.869999885559082,1963000,MUFG,3737
2009-09-09,5.75,5.829999923706055,5.730000019073486,5.800000190734863,2092000,MUFG,3737
2009-09-10,6.079999923706055,6.079999923706055,5.869999885559082,6.070000171661377,2470200,MUFG,3737
2009-09-11,6.039999961853027,6.139999866485596,6.010000228881836,6.139999866485596,2255300,MUFG,3737
2009-09-14,5.96999979019165,6.03000020980835,5.909999847412109,6.0,1328400,MUFG,3737
2009-09-15,5.900000095367432,5.949999809265137,5.829999923706055,5.889999866485596,2832100,MUFG,3737
2009-09-16,5.880000114440918,5.900000095367432,5.809999942779541,5.880000114440918,1422700,MUFG,3737
2009-09-17,5.650000095367432,5.710000038146973,5.610000133514404,5.710000038146973,3116500,MUFG,3737
2009-09-18,5.849999904632568,5.900000095367432,5.75,5.800000190734863,3649200,MUFG,3737
2009-09-21,5.800000190734863,5.840000152587891,5.699999809265137,5.71999979019165,831600,MUFG,3737
2009-09-22,5.860000133514404,5.909999847412109,5.809999942779541,5.809999942779541,1390900,MUFG,3737
2009-09-23,5.849999904632568,5.96999979019165,5.829999923706055,5.889999866485596,4336600,MUFG,3737
2009-09-24,5.619999885559082,5.849999904632568,5.599999904632568,5.829999923706055,3141500,MUFG,3737
2009-09-25,5.400000095367432,5.519999980926514,5.380000114440918,5.489999771118164,3013700,MUFG,3737
2009-09-28,5.480000019073486,5.53000020980835,5.400000095367432,5.400000095367432,2043500,MUFG,3737
2009-09-29,5.329999923706055,5.5,5.320000171661377,5.5,1888100,MUFG,3737
2009-09-30,5.340000152587891,5.480000019073486,5.320000171661377,5.389999866485596,2180700,MUFG,3737
2009-10-01,4.960000038146973,5.159999847412109,4.960000038146973,5.159999847412109,3127300,MUFG,3737
2009-10-02,4.96999979019165,5.050000190734863,4.889999866485596,4.949999809265137,3593000,MUFG,3737
2009-10-05,5.170000076293945,5.190000057220459,5.03000020980835,5.070000171661377,2086500,MUFG,3737
2009-10-06,5.539999961853027,5.570000171661377,5.139999866485596,5.429999828338623,6997800,MUFG,3737
2009-10-07,5.630000114440918,5.630000114440918,5.519999980926514,5.590000152587891,2540000,MUFG,3737
2009-10-08,5.690000057220459,5.710000038146973,5.599999904632568,5.619999885559082,3141000,MUFG,3737
2009-10-09,5.659999847412109,5.670000076293945,5.590000152587891,5.639999866485596,2777100,MUFG,3737
2009-10-12,5.71999979019165,5.78000020980835,5.670000076293945,5.710000038146973,6692800,MUFG,3737
2009-10-13,5.579999923706055,5.650000095367432,5.570000171661377,5.599999904632568,7649200,MUFG,3737
2009-10-14,5.489999771118164,5.519999980926514,5.440000057220459,5.5,2929800,MUFG,3737
2009-10-15,5.409999847412109,5.460000038146973,5.340000152587891,5.449999809265137,4570600,MUFG,3737
2009-10-16,5.139999866485596,5.199999809265137,5.079999923706055,5.170000076293945,3754800,MUFG,3737
2009-10-19,5.320000171661377,5.380000114440918,5.239999771118164,5.28000020980835,1947100,MUFG,3737
2009-10-20,5.329999923706055,5.420000076293945,5.289999961853027,5.369999885559082,1431700,MUFG,3737
2009-10-21,5.260000228881836,5.409999847412109,5.260000228881836,5.289999961853027,2303900,MUFG,3737
2009-10-22,5.21999979019165,5.260000228881836,5.090000152587891,5.199999809265137,1387000,MUFG,3737
2009-10-23,4.989999771118164,5.150000095367432,4.980000019073486,5.150000095367432,3266400,MUFG,3737
2009-10-26,5.010000228881836,5.21999979019165,5.0,5.099999904632568,2800000,MUFG,3737
2009-10-27,5.010000228881836,5.079999923706055,4.980000019073486,5.03000020980835,1678300,MUFG,3737
2009-10-28,5.0,5.139999866485596,5.0,5.070000171661377,1693200,MUFG,3737
2009-10-29,5.46999979019165,5.480000019073486,5.289999961853027,5.289999961853027,2836000,MUFG,3737
2009-10-30,5.309999942779541,5.449999809265137,5.25,5.369999885559082,4525100,MUFG,3737
2009-11-02,5.409999847412109,5.489999771118164,5.349999904632568,5.400000095367432,2964500,MUFG,3737
2009-11-03,5.389999866485596,5.409999847412109,5.199999809265137,5.309999942779541,1982600,MUFG,3737
2009-11-04,5.28000020980835,5.389999866485596,5.269999980926514,5.349999904632568,1223800,MUFG,3737
2009-11-05,5.429999828338623,5.440000057220459,5.380000114440918,5.389999866485596,2220900,MUFG,3737
2009-11-06,5.400000095367432,5.400000095367432,5.340000152587891,5.340000152587891,924400,MUFG,3737
2009-11-09,5.53000020980835,5.539999961853027,5.420000076293945,5.429999828338623,1200500,MUFG,3737
2009-11-10,5.570000171661377,5.630000114440918,5.539999961853027,5.539999961853027,2580900,MUFG,3737
2009-11-11,5.71999979019165,5.730000019073486,5.639999866485596,5.670000076293945,2275700,MUFG,3737
2009-11-12,5.630000114440918,5.710000038146973,5.590000152587891,5.650000095367432,1201000,MUFG,3737
2009-11-13,5.190000057220459,5.739999771118164,5.179999828338623,5.679999828338623,6376600,MUFG,3737
2009-11-16,5.380000114440918,5.420000076293945,5.28000020980835,5.28000020980835,3229000,MUFG,3737
2009-11-17,5.480000019073486,5.489999771118164,5.420000076293945,5.489999771118164,1972400,MUFG,3737
2009-11-18,5.360000133514404,5.460000038146973,5.320000171661377,5.460000038146973,1721300,MUFG,3737
2009-11-19,5.130000114440918,5.190000057220459,5.110000133514404,5.179999828338623,1142500,MUFG,3737
2009-11-20,5.309999942779541,5.309999942779541,5.199999809265137,5.239999771118164,1258400,MUFG,3737
2009-11-23,5.340000152587891,5.389999866485596,5.260000228881836,5.320000171661377,2427200,MUFG,3737
2009-11-24,5.159999847412109,5.239999771118164,5.079999923706055,5.239999771118164,2107600,MUFG,3737
2009-11-25,5.130000114440918,5.179999828338623,5.119999885559082,5.139999866485596,1854600,MUFG,3737
2009-11-27,5.21999979019165,5.260000228881836,5.059999942779541,5.059999942779541,2000000,MUFG,3737
2009-11-30,5.489999771118164,5.539999961853027,5.389999866485596,5.449999809265137,4846600,MUFG,3737
2009-12-01,5.690000057220459,5.739999771118164,5.639999866485596,5.670000076293945,2134600,MUFG,3737
2009-12-02,5.559999942779541,5.619999885559082,5.53000020980835,5.53000020980835,1830000,MUFG,3737
2009-12-03,5.53000020980835,5.619999885559082,5.510000228881836,5.619999885559082,2270700,MUFG,3737
2009-12-04,5.570000171661377,5.699999809265137,5.53000020980835,5.579999923706055,2186400,MUFG,3737
2009-12-07,5.5,5.579999923706055,5.5,5.579999923706055,978100,MUFG,3737
2009-12-08,5.590000152587891,5.630000114440918,5.519999980926514,5.559999942779541,1498600,MUFG,3737
2009-12-09,5.380000114440918,5.420000076293945,5.329999923706055,5.400000095367432,4009200,MUFG,3737
2009-12-10,5.21999979019165,5.349999904632568,5.210000038146973,5.349999904632568,1935400,MUFG,3737
2009-12-11,5.130000114440918,5.170000076293945,5.059999942779541,5.170000076293945,4488400,MUFG,3737
2009-12-14,4.980000019073486,5.050000190734863,4.920000076293945,5.050000190734863,10438600,MUFG,3737
2009-12-15,5.010000228881836,5.059999942779541,4.96999979019165,5.0,3263300,MUFG,3737
2009-12-16,5.369999885559082,5.380000114440918,5.110000133514404,5.21999979019165,5500200,MUFG,3737
2009-12-17,5.090000152587891,5.21999979019165,5.070000171661377,5.170000076293945,5397800,MUFG,3737
2009-12-18,5.139999866485596,5.150000095367432,5.050000190734863,5.139999866485596,1696800,MUFG,3737
2009-12-21,5.239999771118164,5.260000228881836,5.139999866485596,5.139999866485596,4059100,MUFG,3737
2009-12-22,5.159999847412109,5.25,5.159999847412109,5.210000038146973,2522300,MUFG,3737
2009-12-23,5.199999809265137,5.320000171661377,5.139999866485596,5.139999866485596,1536900,MUFG,3737
2009-12-24,5.099999904632568,5.130000114440918,5.070000171661377,5.099999904632568,1140600,MUFG,3737
2009-12-28,5.050000190734863,5.099999904632568,5.010000228881836,5.099999904632568,2163700,MUFG,3737
2009-12-29,4.960000038146973,5.019999980926514,4.929999828338623,5.019999980926514,2104400,MUFG,3737
2009-12-30,4.960000038146973,4.96999979019165,4.900000095367432,4.909999847412109,1121000,MUFG,3737
2009-12-31,4.920000076293945,4.960000038146973,4.909999847412109,4.949999809265137,1276000,MUFG,3737
2010-01-04,4.96999979019165,4.980000019073486,4.909999847412109,4.909999847412109,3130300,MUFG,3737
2010-01-05,4.989999771118164,4.989999771118164,4.949999809265137,4.96999979019165,3375500,MUFG,3737
2010-01-06,5.139999866485596,5.159999847412109,5.099999904632568,5.130000114440918,2912600,MUFG,3737
2010-01-07,5.179999828338623,5.179999828338623,5.110000133514404,5.139999866485596,1875200,MUFG,3737
2010-01-08,5.199999809265137,5.210000038146973,5.139999866485596,5.139999866485596,1971100,MUFG,3737
2010-01-11,5.190000057220459,5.300000190734863,5.190000057220459,5.210000038146973,2760700,MUFG,3737
2010-01-12,5.289999961853027,5.329999923706055,5.269999980926514,5.300000190734863,2031800,MUFG,3737
2010-01-13,5.300000190734863,5.360000133514404,5.21999979019165,5.269999980926514,3140900,MUFG,3737
2010-01-14,5.420000076293945,5.449999809265137,5.329999923706055,5.329999923706055,3419500,MUFG,3737
2010-01-15,5.5,5.539999961853027,5.449999809265137,5.449999809265137,2813500,MUFG,3737
2010-01-19,5.409999847412109,5.429999828338623,5.360000133514404,5.400000095367432,2603000,MUFG,3737
2010-01-20,5.190000057220459,5.340000152587891,5.190000057220459,5.340000152587891,2021600,MUFG,3737
2010-01-21,5.320000171661377,5.360000133514404,5.260000228881836,5.329999923706055,4325500,MUFG,3737
2010-01-22,5.380000114440918,5.46999979019165,5.349999904632568,5.440000057220459,4513600,MUFG,3737
2010-01-25,5.420000076293945,5.449999809265137,5.340000152587891,5.340000152587891,7165000,MUFG,3737
2010-01-26,5.210000038146973,5.309999942779541,5.179999828338623,5.300000190734863,2938500,MUFG,3737
2010-01-27,5.329999923706055,5.329999923706055,5.210000038146973,5.239999771118164,3322000,MUFG,3737
2010-01-28,5.179999828338623,5.300000190734863,5.130000114440918,5.300000190734863,3985100,MUFG,3737
2010-01-29,5.130000114440918,5.230000019073486,5.119999885559082,5.170000076293945,2525600,MUFG,3737
2010-02-01,5.269999980926514,5.269999980926514,5.190000057220459,5.21999979019165,3487900,MUFG,3737
2010-02-02,5.340000152587891,5.389999866485596,5.25,5.269999980926514,2943400,MUFG,3737
2010-02-03,5.25,5.369999885559082,5.199999809265137,5.369999885559082,2554500,MUFG,3737
2010-02-04,5.010000228881836,5.170000076293945,5.010000228881836,5.170000076293945,3466100,MUFG,3737
2010-02-05,5.090000152587891,5.090000152587891,5.0,5.039999961853027,3098900,MUFG,3737
2010-02-08,5.090000152587891,5.150000095367432,5.050000190734863,5.079999923706055,3540500,MUFG,3737
2010-02-09,5.110000133514404,5.170000076293945,5.079999923706055,5.079999923706055,2438200,MUFG,3737
2010-02-10,5.039999961853027,5.099999904632568,5.0,5.059999942779541,2510900,MUFG,3737
2010-02-11,5.099999904632568,5.099999904632568,5.010000228881836,5.03000020980835,1591200,MUFG,3737
2010-02-12,5.010000228881836,5.079999923706055,4.96999979019165,5.079999923706055,1336900,MUFG,3737
2010-02-16,5.010000228881836,5.03000020980835,4.940000057220459,4.949999809265137,1764400,MUFG,3737
2010-02-17,5.0,5.050000190734863,5.0,5.010000228881836,4535000,MUFG,3737
2010-02-18,5.079999923706055,5.090000152587891,4.960000038146973,5.010000228881836,4018600,MUFG,3737
2010-02-19,4.96999979019165,5.0,4.960000038146973,4.96999979019165,2405300,MUFG,3737
2010-02-22,4.960000038146973,5.0,4.960000038146973,5.0,1942600,MUFG,3737
2010-02-23,4.96999979019165,5.0,4.940000057220459,4.989999771118164,2064800,MUFG,3737
2010-02-24,4.989999771118164,5.010000228881836,4.960000038146973,4.989999771118164,1448500,MUFG,3737
2010-02-25,5.070000171661377,5.070000171661377,4.96999979019165,4.980000019073486,2614600,MUFG,3737
2010-02-26,5.119999885559082,5.170000076293945,5.03000020980835,5.070000171661377,3169100,MUFG,3737
2010-03-01,5.159999847412109,5.21999979019165,5.110000133514404,5.110000133514404,3049200,MUFG,3737
2010-03-02,5.170000076293945,5.21999979019165,5.059999942779541,5.150000095367432,5162200,MUFG,3737
2010-03-03,5.170000076293945,5.230000019073486,5.119999885559082,5.119999885559082,3822900,MUFG,3737
2010-03-04,5.150000095367432,5.159999847412109,5.110000133514404,5.139999866485596,1972700,MUFG,3737
2010-03-05,5.139999866485596,5.159999847412109,5.099999904632568,5.139999866485596,3001400,MUFG,3737
2010-03-08,5.170000076293945,5.179999828338623,5.150000095367432,5.159999847412109,4040000,MUFG,3737
2010-03-09,5.150000095367432,5.170000076293945,5.110000133514404,5.150000095367432,3430100,MUFG,3737
2010-03-10,5.090000152587891,5.110000133514404,5.059999942779541,5.099999904632568,3145500,MUFG,3737
2010-03-11,5.150000095367432,5.150000095367432,5.079999923706055,5.099999904632568,3315600,MUFG,3737
2010-03-12,5.210000038146973,5.21999979019165,5.159999847412109,5.159999847412109,4789600,MUFG,3737
2010-03-15,5.190000057220459,5.21999979019165,5.170000076293945,5.179999828338623,1822400,MUFG,3737
2010-03-16,5.320000171661377,5.340000152587891,5.239999771118164,5.239999771118164,5200100,MUFG,3737
2010-03-17,5.320000171661377,5.340000152587891,5.289999961853027,5.300000190734863,3698000,MUFG,3737
2010-03-18,5.239999771118164,5.289999961853027,5.230000019073486,5.28000020980835,1543400,MUFG,3737
2010-03-19,5.21999979019165,5.269999980926514,5.179999828338623,5.21999979019165,1768600,MUFG,3737
2010-03-22,5.28000020980835,5.28000020980835,5.179999828338623,5.179999828338623,1305300,MUFG,3737
2010-03-23,5.25,5.289999961853027,5.239999771118164,5.28000020980835,1611400,MUFG,3737
2010-03-24,5.150000095367432,5.170000076293945,5.119999885559082,5.170000076293945,875400,MUFG,3737
2010-03-25,5.099999904632568,5.170000076293945,5.079999923706055,5.130000114440918,1824500,MUFG,3737
2010-03-26,5.159999847412109,5.179999828338623,5.099999904632568,5.110000133514404,1782500,MUFG,3737
2010-03-29,5.369999885559082,5.369999885559082,5.300000190734863,5.320000171661377,1837700,MUFG,3737
2010-03-30,5.369999885559082,5.409999847412109,5.340000152587891,5.369999885559082,2622600,MUFG,3737
2010-03-31,5.230000019073486,5.300000190734863,5.21999979019165,5.300000190734863,1851500,MUFG,3737
2010-04-01,5.25,5.25,5.179999828338623,5.239999771118164,1996700,MUFG,3737
2010-04-05,5.210000038146973,5.210000038146973,5.170000076293945,5.199999809265137,1487600,MUFG,3737
2010-04-06,5.289999961853027,5.309999942779541,5.179999828338623,5.190000057220459,3144500,MUFG,3737
2010-04-07,5.420000076293945,5.429999828338623,5.340000152587891,5.409999847412109,4350300,MUFG,3737
2010-04-08,5.46999979019165,5.46999979019165,5.360000133514404,5.380000114440918,4131800,MUFG,3737
2010-04-09,5.440000057220459,5.480000019073486,5.420000076293945,5.440000057220459,1061600,MUFG,3737
2010-04-12,5.489999771118164,5.510000228881836,5.460000038146973,5.46999979019165,1541500,MUFG,3737
2010-04-13,5.46999979019165,5.519999980926514,5.449999809265137,5.480000019073486,1865000,MUFG,3737
2010-04-14,5.550000190734863,5.550000190734863,5.489999771118164,5.5,1398300,MUFG,3737
2010-04-15,5.519999980926514,5.559999942779541,5.510000228881836,5.559999942779541,4883800,MUFG,3737
2010-04-16,5.46999979019165,5.550000190734863,5.389999866485596,5.550000190734863,3081400,MUFG,3737
2010-04-19,5.409999847412109,5.409999847412109,5.329999923706055,5.329999923706055,4400300,MUFG,3737
2010-04-20,5.420000076293945,5.440000057220459,5.360000133514404,5.420000076293945,3091900,MUFG,3737
2010-04-21,5.519999980926514,5.559999942779541,5.489999771118164,5.489999771118164,3216900,MUFG,3737
2010-04-22,5.460000038146973,5.489999771118164,5.429999828338623,5.489999771118164,1695000,MUFG,3737
2010-04-23,5.400000095367432,5.409999847412109,5.340000152587891,5.389999866485596,1267800,MUFG,3737
2010-04-26,5.420000076293945,5.460000038146973,5.420000076293945,5.420000076293945,1719300,MUFG,3737
2010-04-27,5.300000190734863,5.440000057220459,5.239999771118164,5.429999828338623,2952100,MUFG,3737
2010-04-28,5.239999771118164,5.340000152587891,5.199999809265137,5.340000152587891,4205000,MUFG,3737
2010-04-29,5.349999904632568,5.369999885559082,5.28000020980835,5.320000171661377,1698600,MUFG,3737
2010-04-30,5.170000076293945,5.260000228881836,5.159999847412109,5.25,1318100,MUFG,3737
2010-05-03,5.21999979019165,5.260000228881836,5.179999828338623,5.21999979019165,1453200,MUFG,3737
2010-05-04,5.099999904632568,5.21999979019165,5.079999923706055,5.21999979019165,2485600,MUFG,3737
2010-05-05,5.050000190734863,5.150000095367432,4.989999771118164,5.090000152587891,7425300,MUFG,3737
2010-05-06,5.0,5.050000190734863,4.809999942779541,5.03000020980835,6297400,MUFG,3737
2010-05-07,4.980000019073486,5.019999980926514,4.869999885559082,5.0,3662700,MUFG,3737
2010-05-10,5.119999885559082,5.199999809265137,5.090000152587891,5.110000133514404,6036700,MUFG,3737
2010-05-11,5.019999980926514,5.059999942779541,4.949999809265137,5.039999961853027,4206800,MUFG,3737
2010-05-12,4.889999866485596,4.900000095367432,4.849999904632568,4.900000095367432,6920500,MUFG,3737
2010-05-13,4.949999809265137,4.960000038146973,4.909999847412109,4.949999809265137,2317000,MUFG,3737
2010-05-14,4.900000095367432,4.949999809265137,4.840000152587891,4.940000057220459,4411000,MUFG,3737
2010-05-17,4.909999847412109,4.929999828338623,4.840000152587891,4.920000076293945,2988400,MUFG,3737
2010-05-18,4.849999904632568,4.949999809265137,4.769999980926514,4.929999828338623,2700300,MUFG,3737
2010-05-19,4.929999828338623,4.949999809265137,4.840000152587891,4.840000152587891,3985500,MUFG,3737
2010-05-20,4.920000076293945,4.940000057220459,4.860000133514404,4.869999885559082,3864600,MUFG,3737
2010-05-21,5.010000228881836,5.03000020980835,4.869999885559082,4.869999885559082,3441800,MUFG,3737
2010-05-24,4.900000095367432,4.949999809265137,4.889999866485596,4.920000076293945,1765000,MUFG,3737
2010-05-25,4.900000095367432,4.900000095367432,4.760000228881836,4.820000171661377,3322600,MUFG,3737
2010-05-26,4.840000152587891,4.960000038146973,4.829999923706055,4.960000038146973,2086600,MUFG,3737
2010-05-27,5.010000228881836,5.010000228881836,4.900000095367432,4.929999828338623,1810700,MUFG,3737
2010-05-28,4.840000152587891,4.929999828338623,4.820000171661377,4.920000076293945,2380500,MUFG,3737
2010-06-01,4.840000152587891,4.909999847412109,4.809999942779541,4.860000133514404,3687500,MUFG,3737
2010-06-02,4.869999885559082,4.900000095367432,4.789999961853027,4.869999885559082,4199600,MUFG,3737
2010-06-03,4.840000152587891,4.929999828338623,4.78000020980835,4.929999828338623,3187100,MUFG,3737
2010-06-04,4.699999809265137,4.800000190734863,4.659999847412109,4.789999961853027,6076000,MUFG,3737
2010-06-07,4.630000114440918,4.679999828338623,4.599999904632568,4.599999904632568,5844200,MUFG,3737
2010-06-08,4.559999942779541,4.590000152587891,4.480000019073486,4.510000228881836,3484900,MUFG,3737
2010-06-09,4.5,4.599999904632568,4.5,4.579999923706055,2000400,MUFG,3737
2010-06-10,4.650000095367432,4.670000076293945,4.550000190734863,4.550000190734863,2096800,MUFG,3737
2010-06-11,4.679999828338623,4.71999979019165,4.619999885559082,4.639999866485596,1007700,MUFG,3737
2010-06-14,4.710000038146973,4.75,4.659999847412109,4.739999771118164,1863300,MUFG,3737
2010-06-15,4.769999980926514,4.78000020980835,4.679999828338623,4.71999979019165,1711400,MUFG,3737
2010-06-16,4.75,4.760000228881836,4.679999828338623,4.699999809265137,1170900,MUFG,3737
2010-06-17,4.650000095367432,4.71999979019165,4.630000114440918,4.71999979019165,1940200,MUFG,3737
2010-06-18,4.659999847412109,4.679999828338623,4.610000133514404,4.679999828338623,2597300,MUFG,3737
2010-06-21,4.690000057220459,4.739999771118164,4.690000057220459,4.710000038146973,1948700,MUFG,3737
2010-06-22,4.71999979019165,4.789999961853027,4.710000038146973,4.730000019073486,1671900,MUFG,3737
2010-06-23,4.739999771118164,4.769999980926514,4.699999809265137,4.710000038146973,1276800,MUFG,3737
2010-06-24,4.650000095367432,4.699999809265137,4.619999885559082,4.699999809265137,1092600,MUFG,3737
2010-06-25,4.71999979019165,4.730000019073486,4.650000095367432,4.690000057220459,1482200,MUFG,3737
2010-06-28,4.579999923706055,4.659999847412109,4.579999923706055,4.639999866485596,556700,MUFG,3737
2010-06-29,4.510000228881836,4.590000152587891,4.489999771118164,4.510000228881836,1372100,MUFG,3737
2010-06-30,4.559999942779541,4.610000133514404,4.53000020980835,4.550000190734863,1937000,MUFG,3737
2010-07-01,4.570000171661377,4.619999885559082,4.53000020980835,4.53000020980835,1572300,MUFG,3737
2010-07-02,4.559999942779541,4.590000152587891,4.539999961853027,4.539999961853027,739500,MUFG,3737
2010-07-06,4.75,4.809999942779541,4.71999979019165,4.789999961853027,2439000,MUFG,3737
2010-07-07,4.809999942779541,4.840000152587891,4.71999979019165,4.71999979019165,2108700,MUFG,3737
2010-07-08,4.869999885559082,4.869999885559082,4.809999942779541,4.840000152587891,1235500,MUFG,3737
2010-07-09,4.829999923706055,4.860000133514404,4.800000190734863,4.820000171661377,550200,MUFG,3737
2010-07-12,4.699999809265137,4.739999771118164,4.699999809265137,4.699999809265137,1570300,MUFG,3737
2010-07-13,4.809999942779541,4.840000152587891,4.78000020980835,4.78000020980835,1614600,MUFG,3737
2010-07-14,4.760000228881836,4.789999961853027,4.739999771118164,4.789999961853027,1946000,MUFG,3737
2010-07-15,4.760000228881836,4.760000228881836,4.650000095367432,4.710000038146973,2174900,MUFG,3737
2010-07-16,4.53000020980835,4.699999809265137,4.53000020980835,4.699999809265137,2182500,MUFG,3737
2010-07-19,4.650000095367432,4.650000095367432,4.570000171661377,4.579999923706055,1291600,MUFG,3737
2010-07-20,4.590000152587891,4.630000114440918,4.519999980926514,4.539999961853027,2917100,MUFG,3737
2010-07-21,4.579999923706055,4.610000133514404,4.550000190734863,4.599999904632568,2018000,MUFG,3737
2010-07-22,4.659999847412109,4.690000057220459,4.630000114440918,4.659999847412109,1183500,MUFG,3737
2010-07-23,4.659999847412109,4.690000057220459,4.630000114440918,4.659999847412109,899200,MUFG,3737
2010-07-26,4.71999979019165,4.71999979019165,4.659999847412109,4.659999847412109,1413200,MUFG,3737
2010-07-27,4.829999923706055,4.889999866485596,4.800000190734863,4.809999942779541,3361300,MUFG,3737
2010-07-28,4.980000019073486,4.989999771118164,4.940000057220459,4.949999809265137,3647300,MUFG,3737
2010-07-29,4.940000057220459,5.050000190734863,4.940000057220459,5.0,2293600,MUFG,3737
2010-07-30,4.980000019073486,5.03000020980835,4.909999847412109,4.909999847412109,2096000,MUFG,3737
2010-08-02,5.019999980926514,5.03000020980835,4.96999979019165,5.0,1668700,MUFG,3737
2010-08-03,4.929999828338623,4.989999771118164,4.909999847412109,4.96999979019165,3320700,MUFG,3737
2010-08-04,5.0,5.03000020980835,4.980000019073486,4.980000019073486,712500,MUFG,3737
2010-08-05,5.019999980926514,5.039999961853027,4.980000019073486,5.019999980926514,1009500,MUFG,3737
2010-08-06,5.039999961853027,5.059999942779541,4.989999771118164,5.010000228881836,1704900,MUFG,3737
2010-08-09,5.039999961853027,5.059999942779541,5.019999980926514,5.059999942779541,1162400,MUFG,3737
2010-08-10,5.0,5.010000228881836,4.960000038146973,4.980000019073486,2585600,MUFG,3737
2010-08-11,4.869999885559082,4.920000076293945,4.860000133514404,4.920000076293945,1034000,MUFG,3737
2010-08-12,4.820000171661377,4.829999923706055,4.789999961853027,4.800000190734863,1584600,MUFG,3737
2010-08-13,4.809999942779541,4.820000171661377,4.78000020980835,4.820000171661377,505200,MUFG,3737
2010-08-16,4.840000152587891,4.869999885559082,4.820000171661377,4.840000152587891,1056500,MUFG,3737
2010-08-17,4.869999885559082,4.929999828338623,4.849999904632568,4.900000095367432,1368800,MUFG,3737
2010-08-18,4.960000038146973,4.989999771118164,4.920000076293945,4.929999828338623,1714600,MUFG,3737
2010-08-19,4.949999809265137,5.010000228881836,4.889999866485596,4.980000019073486,3349500,MUFG,3737
2010-08-20,4.889999866485596,4.909999847412109,4.840000152587891,4.869999885559082,3488600,MUFG,3737
2010-08-23,4.849999904632568,4.940000057220459,4.840000152587891,4.869999885559082,2814100,MUFG,3737
2010-08-24,4.840000152587891,4.860000133514404,4.809999942779541,4.809999942779541,3349200,MUFG,3737
2010-08-25,4.800000190734863,4.829999923706055,4.769999980926514,4.789999961853027,2858400,MUFG,3737
2010-08-26,4.840000152587891,4.849999904632568,4.789999961853027,4.809999942779541,2826700,MUFG,3737
2010-08-27,4.840000152587891,4.849999904632568,4.769999980926514,4.809999942779541,1388200,MUFG,3737
2010-08-30,4.78000020980835,4.809999942779541,4.769999980926514,4.800000190734863,1561100,MUFG,3737
2010-08-31,4.75,4.769999980926514,4.71999979019165,4.75,2733100,MUFG,3737
2010-09-01,4.840000152587891,4.840000152587891,4.769999980926514,4.800000190734863,1747500,MUFG,3737
2010-09-02,4.800000190734863,4.800000190734863,4.730000019073486,4.760000228881836,1532400,MUFG,3737
2010-09-03,4.800000190734863,4.840000152587891,4.78000020980835,4.829999923706055,1457100,MUFG,3737
2010-09-07,4.840000152587891,4.869999885559082,4.789999961853027,4.809999942779541,4597300,MUFG,3737
2010-09-08,4.809999942779541,4.840000152587891,4.78000020980835,4.840000152587891,1612100,MUFG,3737
2010-09-09,4.789999961853027,4.849999904632568,4.75,4.829999923706055,2070900,MUFG,3737
2010-09-10,4.769999980926514,4.800000190734863,4.769999980926514,4.769999980926514,1423900,MUFG,3737
2010-09-13,4.940000057220459,4.940000057220459,4.869999885559082,4.889999866485596,1275100,MUFG,3737
2010-09-14,4.980000019073486,5.0,4.929999828338623,4.949999809265137,1417200,MUFG,3737
2010-09-15,4.909999847412109,4.909999847412109,4.860000133514404,4.880000114440918,1880800,MUFG,3737
2010-09-16,4.849999904632568,4.849999904632568,4.789999961853027,4.829999923706055,1028700,MUFG,3737
2010-09-17,4.809999942779541,4.829999923706055,4.769999980926514,4.809999942779541,789400,MUFG,3737
2010-09-20,4.920000076293945,4.920000076293945,4.789999961853027,4.789999961853027,3818100,MUFG,3737
2010-09-21,4.820000171661377,4.860000133514404,4.800000190734863,4.840000152587891,1648600,MUFG,3737
2010-09-22,4.71999979019165,4.800000190734863,4.699999809265137,4.78000020980835,2378500,MUFG,3737
2010-09-23,4.739999771118164,4.75,4.679999828338623,4.710000038146973,2320200,MUFG,3737
2010-09-24,4.820000171661377,4.820000171661377,4.769999980926514,4.800000190734863,1357000,MUFG,3737
2010-09-27,4.769999980926514,4.800000190734863,4.730000019073486,4.769999980926514,2454500,MUFG,3737
2010-09-28,4.800000190734863,4.820000171661377,4.75,4.769999980926514,1739200,MUFG,3737
2010-09-29,4.829999923706055,4.849999904632568,4.789999961853027,4.789999961853027,1284500,MUFG,3737
2010-09-30,4.630000114440918,4.730000019073486,4.619999885559082,4.690000057220459,3076400,MUFG,3737
2010-10-01,4.730000019073486,4.730000019073486,4.690000057220459,4.699999809265137,1893200,MUFG,3737
2010-10-04,4.579999923706055,4.650000095367432,4.550000190734863,4.599999904632568,1467400,MUFG,3737
2010-10-05,4.699999809265137,4.75,4.670000076293945,4.690000057220459,3652400,MUFG,3737
2010-10-06,4.889999866485596,4.900000095367432,4.78000020980835,4.809999942779541,3787100,MUFG,3737
2010-10-07,4.920000076293945,4.940000057220459,4.880000114440918,4.900000095367432,1434000,MUFG,3737
2010-10-08,4.96999979019165,5.0,4.909999847412109,4.920000076293945,1323200,MUFG,3737
2010-10-11,4.980000019073486,5.0,4.940000057220459,4.949999809265137,1851700,MUFG,3737
2010-10-12,4.949999809265137,4.989999771118164,4.909999847412109,4.920000076293945,952900,MUFG,3737
2010-10-13,4.869999885559082,4.909999847412109,4.849999904632568,4.900000095367432,1228500,MUFG,3737
2010-10-14,4.820000171661377,4.889999866485596,4.760000228881836,4.889999866485596,2012900,MUFG,3737
2010-10-15,4.630000114440918,4.75,4.579999923706055,4.75,8944100,MUFG,3737
2010-10-18,4.71999979019165,4.739999771118164,4.670000076293945,4.670000076293945,1673200,MUFG,3737
2010-10-19,4.710000038146973,4.71999979019165,4.659999847412109,4.699999809265137,2997500,MUFG,3737
2010-10-20,4.78000020980835,4.820000171661377,4.760000228881836,4.800000190734863,2572200,MUFG,3737
2010-10-21,4.699999809265137,4.769999980926514,4.670000076293945,4.75,1498600,MUFG,3737
2010-10-22,4.710000038146973,4.730000019073486,4.670000076293945,4.710000038146973,809900,MUFG,3737
2010-10-25,4.710000038146973,4.760000228881836,4.699999809265137,4.730000019073486,1200500,MUFG,3737
2010-10-26,4.639999866485596,4.699999809265137,4.619999885559082,4.659999847412109,4111500,MUFG,3737
2010-10-27,4.559999942779541,4.610000133514404,4.53000020980835,4.590000152587891,953800,MUFG,3737
2010-10-28,4.599999904632568,4.599999904632568,4.550000190734863,4.590000152587891,2438400,MUFG,3737
2010-10-29,4.659999847412109,4.670000076293945,4.610000133514404,4.619999885559082,1516200,MUFG,3737
2010-11-01,4.53000020980835,4.610000133514404,4.510000228881836,4.570000171661377,1368500,MUFG,3737
2010-11-02,4.53000020980835,4.579999923706055,4.5,4.570000171661377,1190900,MUFG,3737
2010-11-03,4.579999923706055,4.590000152587891,4.5,4.53000020980835,1173400,MUFG,3737
2010-11-04,4.679999828338623,4.730000019073486,4.590000152587891,4.599999904632568,1652800,MUFG,3737
2010-11-05,4.659999847412109,4.699999809265137,4.630000114440918,4.679999828338623,1528100,MUFG,3737
2010-11-08,4.639999866485596,4.659999847412109,4.539999961853027,4.599999904632568,1085900,MUFG,3737
2010-11-09,4.599999904632568,4.690000057220459,4.599999904632568,4.659999847412109,997200,MUFG,3737
2010-11-10,4.840000152587891,4.849999904632568,4.760000228881836,4.760000228881836,2732800,MUFG,3737
2010-11-11,4.800000190734863,4.829999923706055,4.769999980926514,4.829999923706055,1538500,MUFG,3737
2010-11-12,4.699999809265137,4.820000171661377,4.679999828338623,4.789999961853027,2554600,MUFG,3737
2010-11-15,4.71999979019165,4.760000228881836,4.699999809265137,4.699999809265137,1332300,MUFG,3737
2010-11-16,4.639999866485596,4.71999979019165,4.610000133514404,4.71999979019165,2198400,MUFG,3737
2010-11-17,4.760000228881836,4.789999961853027,4.690000057220459,4.699999809265137,2692500,MUFG,3737
2010-11-18,4.949999809265137,4.980000019073486,4.900000095367432,4.980000019073486,3687100,MUFG,3737
2010-11-19,4.96999979019165,4.989999771118164,4.909999847412109,4.929999828338623,2211000,MUFG,3737
2010-11-22,4.900000095367432,4.940000057220459,4.860000133514404,4.900000095367432,818800,MUFG,3737
2010-11-23,4.840000152587891,4.880000114440918,4.800000190734863,4.849999904632568,2112100,MUFG,3737
2010-11-24,4.849999904632568,4.900000095367432,4.829999923706055,4.840000152587891,2146700,MUFG,3737
2010-11-26,4.739999771118164,4.789999961853027,4.730000019073486,4.739999771118164,881600,MUFG,3737
2010-11-29,4.739999771118164,4.760000228881836,4.679999828338623,4.75,1960600,MUFG,3737
2010-11-30,4.710000038146973,4.71999979019165,4.659999847412109,4.670000076293945,3562000,MUFG,3737
2010-12-01,4.769999980926514,4.789999961853027,4.739999771118164,4.75,2530900,MUFG,3737
2010-12-02,4.820000171661377,4.840000152587891,4.75,4.75,1940900,MUFG,3737
2010-12-03,4.869999885559082,4.869999885559082,4.789999961853027,4.809999942779541,1177000,MUFG,3737
2010-12-06,4.860000133514404,4.869999885559082,4.809999942779541,4.809999942779541,1169000,MUFG,3737
2010-12-07,4.809999942779541,4.869999885559082,4.809999942779541,4.849999904632568,2723300,MUFG,3737
2010-12-08,4.809999942779541,4.849999904632568,4.760000228881836,4.789999961853027,6878900,MUFG,3737
2010-12-09,4.989999771118164,4.989999771118164,4.940000057220459,4.960000038146973,1914000,MUFG,3737
2010-12-10,5.0,5.010000228881836,4.96999979019165,4.96999979019165,1536300,MUFG,3737
2010-12-13,5.139999866485596,5.159999847412109,5.110000133514404,5.150000095367432,4007700,MUFG,3737
2010-12-14,5.130000114440918,5.190000057220459,5.119999885559082,5.159999847412109,4748500,MUFG,3737
2010-12-15,5.059999942779541,5.099999904632568,5.019999980926514,5.099999904632568,4146000,MUFG,3737
2010-12-16,5.150000095367432,5.150000095367432,5.099999904632568,5.119999885559082,3375700,MUFG,3737
2010-12-17,5.170000076293945,5.199999809265137,5.150000095367432,5.190000057220459,3706400,MUFG,3737
2010-12-20,5.199999809265137,5.230000019073486,5.170000076293945,5.210000038146973,2012200,MUFG,3737
2010-12-21,5.239999771118164,5.239999771118164,5.190000057220459,5.199999809265137,2035300,MUFG,3737
2010-12-22,5.28000020980835,5.320000171661377,5.25,5.25,1982200,MUFG,3737
2010-12-23,5.300000190734863,5.309999942779541,5.269999980926514,5.309999942779541,1514000,MUFG,3737
2010-12-27,5.300000190734863,5.320000171661377,5.239999771118164,5.239999771118164,985500,MUFG,3737
2010-12-28,5.340000152587891,5.380000114440918,5.329999923706055,5.380000114440918,1568300,MUFG,3737
2010-12-29,5.420000076293945,5.420000076293945,5.380000114440918,5.380000114440918,1529500,MUFG,3737
2010-12-30,5.360000133514404,5.420000076293945,5.360000133514404,5.380000114440918,1192100,MUFG,3737
2010-12-31,5.409999847412109,5.409999847412109,5.340000152587891,5.349999904632568,500100,MUFG,3737
2011-01-03,5.480000019073486,5.5,5.409999847412109,5.429999828338623,2745900,MUFG,3737
2011-01-04,5.429999828338623,5.440000057220459,5.409999847412109,5.429999828338623,1361300,MUFG,3737
2011-01-05,5.300000190734863,5.320000171661377,5.260000228881836,5.289999961853027,3365500,MUFG,3737
2011-01-06,5.340000152587891,5.369999885559082,5.28000020980835,5.369999885559082,3155400,MUFG,3737
2011-01-07,5.309999942779541,5.349999904632568,5.260000228881836,5.349999904632568,2277300,MUFG,3737
2011-01-10,5.320000171661377,5.349999904632568,5.239999771118164,5.349999904632568,1951800,MUFG,3737
2011-01-11,5.329999923706055,5.329999923706055,5.28000020980835,5.300000190734863,2193400,MUFG,3737
2011-01-12,5.550000190734863,5.619999885559082,5.46999979019165,5.489999771118164,5200100,MUFG,3737
2011-01-13,5.550000190734863,5.630000114440918,5.539999961853027,5.599999904632568,2995400,MUFG,3737
2011-01-14,5.550000190734863,5.559999942779541,5.489999771118164,5.519999980926514,5022700,MUFG,3737
2011-01-18,5.53000020980835,5.570000171661377,5.510000228881836,5.550000190734863,2596300,MUFG,3737
2011-01-19,5.539999961853027,5.610000133514404,5.539999961853027,5.559999942779541,2886000,MUFG,3737
2011-01-20,5.46999979019165,5.510000228881836,5.429999828338623,5.46999979019165,5281500,MUFG,3737
2011-01-21,5.349999904632568,5.409999847412109,5.329999923706055,5.349999904632568,2467200,MUFG,3737
2011-01-24,5.340000152587891,5.360000133514404,5.320000171661377,5.329999923706055,5121800,MUFG,3737
2011-01-25,5.489999771118164,5.489999771118164,5.400000095367432,5.449999809265137,2796000,MUFG,3737
2011-01-26,5.420000076293945,5.46999979019165,5.409999847412109,5.420000076293945,2008800,MUFG,3737
2011-01-27,5.400000095367432,5.440000057220459,5.349999904632568,5.360000133514404,5767000,MUFG,3737
2011-01-28,5.199999809265137,5.300000190734863,5.190000057220459,5.300000190734863,2709200,MUFG,3737
2011-01-31,5.199999809265137,5.210000038146973,5.179999828338623,5.190000057220459,1423800,MUFG,3737
2011-02-01,5.199999809265137,5.260000228881836,5.190000057220459,5.210000038146973,6498900,MUFG,3737
2011-02-02,5.360000133514404,5.429999828338623,5.269999980926514,5.429999828338623,8715700,MUFG,3737
2011-02-03,5.400000095367432,5.400000095367432,5.320000171661377,5.400000095367432,5357500,MUFG,3737
2011-02-04,5.369999885559082,5.429999828338623,5.320000171661377,5.429999828338623,1981500,MUFG,3737
2011-02-07,5.449999809265137,5.460000038146973,5.389999866485596,5.409999847412109,1454100,MUFG,3737
2011-02-08,5.519999980926514,5.53000020980835,5.489999771118164,5.510000228881836,3212000,MUFG,3737
2011-02-09,5.489999771118164,5.519999980926514,5.460000038146973,5.519999980926514,2122000,MUFG,3737
2011-02-10,5.429999828338623,5.5,5.409999847412109,5.480000019073486,2605500,MUFG,3737
2011-02-11,5.460000038146973,5.480000019073486,5.409999847412109,5.460000038146973,3053900,MUFG,3737
2011-02-14,5.570000171661377,5.630000114440918,5.53000020980835,5.570000171661377,3786300,MUFG,3737
2011-02-15,5.519999980926514,5.570000171661377,5.510000228881836,5.53000020980835,3241000,MUFG,3737
2011-02-16,5.590000152587891,5.639999866485596,5.570000171661377,5.599999904632568,6806400,MUFG,3737
2011-02-17,5.639999866485596,5.659999847412109,5.610000133514404,5.610000133514404,8210600,MUFG,3737
2011-02-18,5.610000133514404,5.639999866485596,5.579999923706055,5.579999923706055,3370800,MUFG,3737
2011-02-22,5.420000076293945,5.46999979019165,5.380000114440918,5.420000076293945,2099400,MUFG,3737
2011-02-23,5.389999866485596,5.420000076293945,5.320000171661377,5.369999885559082,2132800,MUFG,3737
2011-02-24,5.420000076293945,5.429999828338623,5.360000133514404,5.400000095367432,3105700,MUFG,3737
2011-02-25,5.5,5.53000020980835,5.429999828338623,5.429999828338623,3649400,MUFG,3737
2011-02-28,5.53000020980835,5.550000190734863,5.489999771118164,5.5,1431000,MUFG,3737
2011-03-01,5.599999904632568,5.679999828338623,5.590000152587891,5.639999866485596,5509200,MUFG,3737
2011-03-02,5.5,5.550000190734863,5.489999771118164,5.519999980926514,1603000,MUFG,3737
2011-03-03,5.519999980926514,5.539999961853027,5.489999771118164,5.489999771118164,9112400,MUFG,3737
2011-03-04,5.460000038146973,5.489999771118164,5.389999866485596,5.46999979019165,1778000,MUFG,3737
2011-03-07,5.369999885559082,5.489999771118164,5.340000152587891,5.449999809265137,2166400,MUFG,3737
2011-03-08,5.369999885559082,5.380000114440918,5.309999942779541,5.329999923706055,2771600,MUFG,3737
2011-03-09,5.380000114440918,5.400000095367432,5.349999904632568,5.349999904632568,1601500,MUFG,3737
2011-03-10,5.239999771118164,5.300000190734863,5.21999979019165,5.289999961853027,3387500,MUFG,3737
2011-03-11,5.099999904632568,5.199999809265137,5.050000190734863,5.159999847412109,5757100,MUFG,3737
2011-03-14,4.880000114440918,4.909999847412109,4.75,4.769999980926514,5004700,MUFG,3737
2011-03-15,4.829999923706055,4.860000133514404,4.440000057220459,4.559999942779541,12575400,MUFG,3737
2011-03-16,4.53000020980835,4.710000038146973,4.460000038146973,4.710000038146973,10789100,MUFG,3737
2011-03-17,4.659999847412109,4.679999828338623,4.599999904632568,4.639999866485596,6064300,MUFG,3737
2011-03-18,4.75,4.75,4.590000152587891,4.599999904632568,4031200,MUFG,3737
2011-03-21,4.789999961853027,4.880000114440918,4.670000076293945,4.800000190734863,7302900,MUFG,3737
2011-03-22,4.880000114440918,4.949999809265137,4.78000020980835,4.929999828338623,8382100,MUFG,3737
2011-03-23,4.96999979019165,4.980000019073486,4.889999866485596,4.900000095367432,4276200,MUFG,3737
2011-03-24,4.860000133514404,4.900000095367432,4.809999942779541,4.849999904632568,2566900,MUFG,3737
2011-03-25,4.849999904632568,4.860000133514404,4.78000020980835,4.789999961853027,5859200,MUFG,3737
2011-03-28,4.75,4.789999961853027,4.670000076293945,4.760000228881836,4183600,MUFG,3737
2011-03-29,4.610000133514404,4.630000114440918,4.570000171661377,4.590000152587891,3602700,MUFG,3737
2011-03-30,4.539999961853027,4.550000190734863,4.5,4.519999980926514,5266300,MUFG,3737
2011-03-31,4.599999904632568,4.619999885559082,4.579999923706055,4.610000133514404,1572500,MUFG,3737
2011-04-01,4.630000114440918,4.659999847412109,4.599999904632568,4.610000133514404,5774500,MUFG,3737
2011-04-04,4.570000171661377,4.619999885559082,4.550000190734863,4.610000133514404,5995200,MUFG,3737
2011-04-05,4.510000228881836,4.519999980926514,4.480000019073486,4.5,1823900,MUFG,3737
2011-04-06,4.400000095367432,4.400000095367432,4.360000133514404,4.380000114440918,3208000,MUFG,3737
2011-04-07,4.46999979019165,4.480000019073486,4.420000076293945,4.460000038146973,2787100,MUFG,3737
2011-04-08,4.579999923706055,4.619999885559082,4.559999942779541,4.570000171661377,2821400,MUFG,3737
2011-04-11,4.559999942779541,4.619999885559082,4.559999942779541,4.559999942779541,3444400,MUFG,3737
2011-04-12,4.590000152587891,4.619999885559082,4.579999923706055,4.590000152587891,2291000,MUFG,3737
2011-04-13,4.679999828338623,4.710000038146973,4.639999866485596,4.690000057220459,4900800,MUFG,3737
2011-04-14,4.739999771118164,4.739999771118164,4.690000057220459,4.690000057220459,4775200,MUFG,3737
2011-04-15,4.690000057220459,4.710000038146973,4.659999847412109,4.679999828338623,3165900,MUFG,3737
2011-04-18,4.590000152587891,4.590000152587891,4.510000228881836,4.53000020980835,2309200,MUFG,3737
2011-04-19,4.579999923706055,4.590000152587891,4.550000190734863,4.570000171661377,2010300,MUFG,3737
2011-04-20,4.570000171661377,4.619999885559082,4.510000228881836,4.619999885559082,7585800,MUFG,3737
2011-04-21,4.519999980926514,4.590000152587891,4.5,4.579999923706055,2691700,MUFG,3737
2011-04-25,4.619999885559082,4.630000114440918,4.570000171661377,4.579999923706055,2453900,MUFG,3737
2011-04-26,4.659999847412109,4.690000057220459,4.619999885559082,4.630000114440918,3600000,MUFG,3737
2011-04-27,4.659999847412109,4.670000076293945,4.619999885559082,4.639999866485596,4344200,MUFG,3737
2011-04-28,4.760000228881836,4.789999961853027,4.690000057220459,4.710000038146973,2402100,MUFG,3737
2011-04-29,4.769999980926514,4.800000190734863,4.75,4.75,1421700,MUFG,3737
2011-05-02,4.800000190734863,4.829999923706055,4.78000020980835,4.829999923706055,1351400,MUFG,3737
2011-05-03,4.829999923706055,4.829999923706055,4.800000190734863,4.820000171661377,1779300,MUFG,3737
2011-05-04,4.840000152587891,4.849999904632568,4.800000190734863,4.820000171661377,1382000,MUFG,3737
2011-05-05,4.78000020980835,4.849999904632568,4.769999980926514,4.800000190734863,1957600,MUFG,3737
2011-05-06,4.849999904632568,4.889999866485596,4.820000171661377,4.829999923706055,2544400,MUFG,3737
2011-05-09,4.900000095367432,4.909999847412109,4.849999904632568,4.849999904632568,2477000,MUFG,3737
2011-05-10,4.980000019073486,4.980000019073486,4.929999828338623,4.949999809265137,3247700,MUFG,3737
2011-05-11,4.840000152587891,4.889999866485596,4.840000152587891,4.860000133514404,5088900,MUFG,3737
2011-05-12,4.849999904632568,4.880000114440918,4.809999942779541,4.840000152587891,2959700,MUFG,3737
2011-05-13,4.679999828338623,4.789999961853027,4.679999828338623,4.78000020980835,4153800,MUFG,3737
2011-05-16,4.679999828338623,4.78000020980835,4.579999923706055,4.659999847412109,2162600,MUFG,3737
2011-05-17,4.650000095367432,4.650000095367432,4.590000152587891,4.599999904632568,1584300,MUFG,3737
2011-05-18,4.730000019073486,4.75,4.699999809265137,4.710000038146973,1567600,MUFG,3737
2011-05-19,4.619999885559082,4.639999866485596,4.579999923706055,4.619999885559082,2412400,MUFG,3737
2011-05-20,4.519999980926514,4.610000133514404,4.519999980926514,4.610000133514404,2350500,MUFG,3737
2011-05-23,4.46999979019165,4.5,4.429999828338623,4.46999979019165,5107700,MUFG,3737
2011-05-24,4.46999979019165,4.519999980926514,4.46999979019165,4.489999771118164,3288500,MUFG,3737
2011-05-25,4.550000190734863,4.559999942779541,4.5,4.510000228881836,2407100,MUFG,3737
2011-05-26,4.539999961853027,4.570000171661377,4.5,4.570000171661377,2475000,MUFG,3737
2011-05-27,4.610000133514404,4.630000114440918,4.539999961853027,4.559999942779541,1146700,MUFG,3737
2011-05-31,4.570000171661377,4.610000133514404,4.559999942779541,4.599999904632568,880500,MUFG,3737
2011-06-01,4.599999904632568,4.639999866485596,4.570000171661377,4.610000133514404,2894900,MUFG,3737
2011-06-02,4.570000171661377,4.610000133514404,4.570000171661377,4.590000152587891,3447300,MUFG,3737
2011-06-03,4.550000190734863,4.570000171661377,4.510000228881836,4.550000190734863,3113700,MUFG,3737
2011-06-06,4.400000095367432,4.519999980926514,4.400000095367432,4.480000019073486,4082900,MUFG,3737
2011-06-07,4.5,4.519999980926514,4.46999979019165,4.480000019073486,5427200,MUFG,3737
2011-06-08,4.5,4.519999980926514,4.480000019073486,4.510000228881836,4729300,MUFG,3737
2011-06-09,4.510000228881836,4.539999961853027,4.480000019073486,4.5,1189300,MUFG,3737
2011-06-10,4.449999809265137,4.510000228881836,4.440000057220459,4.5,2206100,MUFG,3737
2011-06-13,4.5,4.519999980926514,4.46999979019165,4.489999771118164,1237800,MUFG,3737
2011-06-14,4.610000133514404,4.630000114440918,4.579999923706055,4.579999923706055,1629000,MUFG,3737
2011-06-15,4.5,4.559999942779541,4.489999771118164,4.539999961853027,999100,MUFG,3737
2011-06-16,4.489999771118164,4.510000228881836,4.460000038146973,4.480000019073486,1074800,MUFG,3737
2011-06-17,4.460000038146973,4.510000228881836,4.449999809265137,4.480000019073486,2776500,MUFG,3737
2011-06-20,4.480000019073486,4.489999771118164,4.440000057220459,4.440000057220459,1852100,MUFG,3737
2011-06-21,4.489999771118164,4.510000228881836,4.460000038146973,4.460000038146973,2825900,MUFG,3737
2011-06-22,4.550000190734863,4.610000133514404,4.550000190734863,4.579999923706055,3196100,MUFG,3737
2011-06-23,4.550000190734863,4.579999923706055,4.5,4.539999961853027,2117500,MUFG,3737
2011-06-24,4.599999904632568,4.639999866485596,4.579999923706055,4.630000114440918,856800,MUFG,3737
2011-06-27,4.639999866485596,4.670000076293945,4.599999904632568,4.599999904632568,1582100,MUFG,3737
2011-06-28,4.659999847412109,4.679999828338623,4.630000114440918,4.639999866485596,949200,MUFG,3737
2011-06-29,4.71999979019165,4.75,4.690000057220459,4.710000038146973,3120200,MUFG,3737
2011-06-30,4.829999923706055,4.880000114440918,4.789999961853027,4.800000190734863,4179000,MUFG,3737
2011-07-01,4.980000019073486,4.980000019073486,4.869999885559082,4.889999866485596,3435000,MUFG,3737
2011-07-05,5.050000190734863,5.050000190734863,5.019999980926514,5.039999961853027,1650600,MUFG,3737
2011-07-06,5.010000228881836,5.03000020980835,4.989999771118164,5.03000020980835,724100,MUFG,3737
2011-07-07,5.130000114440918,5.179999828338623,5.070000171661377,5.079999923706055,3998800,MUFG,3737
2011-07-08,5.050000190734863,5.090000152587891,5.03000020980835,5.079999923706055,1959700,MUFG,3737
2011-07-11,4.940000057220459,5.010000228881836,4.929999828338623,5.0,2771300,MUFG,3737
2011-07-12,4.920000076293945,4.96999979019165,4.900000095367432,4.900000095367432,990000,MUFG,3737
2011-07-13,5.0,5.059999942779541,4.960000038146973,4.96999979019165,3165100,MUFG,3737
2011-07-14,4.920000076293945,4.960000038146973,4.889999866485596,4.940000057220459,1125200,MUFG,3737
2011-07-15,4.940000057220459,4.949999809265137,4.900000095367432,4.940000057220459,588000,MUFG,3737
2011-07-18,4.869999885559082,4.909999847412109,4.849999904632568,4.900000095367432,1522600,MUFG,3737
2011-07-19,4.840000152587891,4.849999904632568,4.809999942779541,4.809999942779541,891400,MUFG,3737
2011-07-20,4.929999828338623,4.949999809265137,4.900000095367432,4.909999847412109,1168300,MUFG,3737
2011-07-21,5.099999904632568,5.110000133514404,4.989999771118164,4.989999771118164,4033600,MUFG,3737
2011-07-22,5.179999828338623,5.199999809265137,5.139999866485596,5.159999847412109,2174700,MUFG,3737
2011-07-25,5.119999885559082,5.119999885559082,5.070000171661377,5.090000152587891,1288500,MUFG,3737
2011-07-26,5.199999809265137,5.210000038146973,5.150000095367432,5.170000076293945,1360100,MUFG,3737
2011-07-27,5.099999904632568,5.159999847412109,5.079999923706055,5.150000095367432,1513000,MUFG,3737
2011-07-28,5.079999923706055,5.119999885559082,5.070000171661377,5.079999923706055,810400,MUFG,3737
2011-07-29,5.070000171661377,5.150000095367432,5.010000228881836,5.010000228881836,1763700,MUFG,3737
2011-08-01,5.190000057220459,5.289999961853027,5.139999866485596,5.25,2490100,MUFG,3737
2011-08-02,5.079999923706055,5.170000076293945,5.059999942779541,5.170000076293945,1977400,MUFG,3737
2011-08-03,5.070000171661377,5.090000152587891,5.010000228881836,5.059999942779541,1230800,MUFG,3737
2011-08-04,4.800000190734863,4.920000076293945,4.789999961853027,4.900000095367432,3723900,MUFG,3737
2011-08-05,4.840000152587891,4.889999866485596,4.730000019073486,4.860000133514404,4892100,MUFG,3737
2011-08-08,4.570000171661377,4.769999980926514,4.550000190734863,4.71999979019165,4959000,MUFG,3737
2011-08-09,4.71999979019165,4.739999771118164,4.539999961853027,4.659999847412109,8855000,MUFG,3737
2011-08-10,4.570000171661377,4.679999828338623,4.550000190734863,4.659999847412109,4560200,MUFG,3737
2011-08-11,4.670000076293945,4.710000038146973,4.53000020980835,4.579999923706055,2205100,MUFG,3737
2011-08-12,4.639999866485596,4.699999809265137,4.610000133514404,4.679999828338623,1143500,MUFG,3737
2011-08-15,4.710000038146973,4.710000038146973,4.610000133514404,4.650000095367432,3023600,MUFG,3737
2011-08-16,4.579999923706055,4.650000095367432,4.559999942779541,4.630000114440918,2165800,MUFG,3737
2011-08-17,4.71999979019165,4.75,4.639999866485596,4.670000076293945,1857400,MUFG,3737
2011-08-18,4.519999980926514,4.610000133514404,4.510000228881836,4.590000152587891,1673600,MUFG,3737
2011-08-19,4.53000020980835,4.639999866485596,4.510000228881836,4.519999980926514,1288600,MUFG,3737
2011-08-22,4.449999809265137,4.579999923706055,4.449999809265137,4.550000190734863,1080300,MUFG,3737
2011-08-23,4.420000076293945,4.489999771118164,4.389999866485596,4.440000057220459,6489100,MUFG,3737
2011-08-24,4.28000020980835,4.360000133514404,4.230000019073486,4.320000171661377,8265100,MUFG,3737
2011-08-25,4.190000057220459,4.380000114440918,4.179999828338623,4.369999885559082,3821900,MUFG,3737
2011-08-26,4.300000190734863,4.340000152587891,4.230000019073486,4.289999961853027,3686200,MUFG,3737
2011-08-29,4.380000114440918,4.380000114440918,4.289999961853027,4.309999942779541,1265300,MUFG,3737
2011-08-30,4.360000133514404,4.409999847412109,4.340000152587891,4.389999866485596,2472100,MUFG,3737
2011-08-31,4.5,4.510000228881836,4.449999809265137,4.460000038146973,2436700,MUFG,3737
2011-09-01,4.420000076293945,4.510000228881836,4.420000076293945,4.46999979019165,1061700,MUFG,3737
2011-09-02,4.320000171661377,4.369999885559082,4.309999942779541,4.340000152587891,828800,MUFG,3737
2011-09-06,4.179999828338623,4.190000057220459,4.130000114440918,4.179999828338623,886800,MUFG,3737
2011-09-07,4.260000228881836,4.269999980926514,4.210000038146973,4.21999979019165,1669500,MUFG,3737
2011-09-08,4.150000095367432,4.210000038146973,4.130000114440918,4.199999809265137,1759700,MUFG,3737
2011-09-09,4.159999847412109,4.199999809265137,4.119999885559082,4.179999828338623,1503800,MUFG,3737
2011-09-12,4.130000114440918,4.150000095367432,4.059999942779541,4.150000095367432,1458700,MUFG,3737
2011-09-13,4.239999771118164,4.28000020980835,4.199999809265137,4.230000019073486,1169100,MUFG,3737
2011-09-14,4.269999980926514,4.28000020980835,4.170000076293945,4.210000038146973,1029700,MUFG,3737
2011-09-15,4.329999923706055,4.329999923706055,4.260000228881836,4.289999961853027,1440500,MUFG,3737
2011-09-16,4.420000076293945,4.460000038146973,4.389999866485596,4.440000057220459,1317000,MUFG,3737
2011-09-19,4.389999866485596,4.400000095367432,4.320000171661377,4.360000133514404,1728000,MUFG,3737
2011-09-20,4.309999942779541,4.369999885559082,4.300000190734863,4.340000152587891,879600,MUFG,3737
2011-09-21,4.230000019073486,4.349999904632568,4.230000019073486,4.349999904632568,1923100,MUFG,3737
2011-09-22,4.119999885559082,4.25,4.079999923706055,4.25,3281500,MUFG,3737
2011-09-23,4.21999979019165,4.25,4.139999866485596,4.190000057220459,2824000,MUFG,3737
2011-09-26,4.340000152587891,4.340000152587891,4.260000228881836,4.289999961853027,1392600,MUFG,3737
2011-09-27,4.409999847412109,4.480000019073486,4.380000114440918,4.440000057220459,3297400,MUFG,3737
2011-09-28,4.440000057220459,4.5,4.420000076293945,4.489999771118164,1194100,MUFG,3737
2011-09-29,4.550000190734863,4.590000152587891,4.5,4.579999923706055,1815600,MUFG,3737
2011-09-30,4.449999809265137,4.53000020980835,4.449999809265137,4.489999771118164,1733100,MUFG,3737
2011-10-03,4.340000152587891,4.449999809265137,4.329999923706055,4.429999828338623,2140200,MUFG,3737
2011-10-04,4.28000020980835,4.300000190734863,4.159999847412109,4.260000228881836,2402600,MUFG,3737
2011-10-05,4.260000228881836,4.28000020980835,4.190000057220459,4.239999771118164,1351500,MUFG,3737
2011-10-06,4.28000020980835,4.289999961853027,4.199999809265137,4.239999771118164,1754200,MUFG,3737
2011-10-07,4.21999979019165,4.300000190734863,4.21999979019165,4.269999980926514,1426900,MUFG,3737
2011-10-10,4.340000152587891,4.340000152587891,4.260000228881836,4.269999980926514,972700,MUFG,3737
2011-10-11,4.340000152587891,4.360000133514404,4.289999961853027,4.320000171661377,858000,MUFG,3737
2011-10-12,4.340000152587891,4.380000114440918,4.309999942779541,4.329999923706055,1325200,MUFG,3737
2011-10-13,4.380000114440918,4.409999847412109,4.340000152587891,4.369999885559082,969700,MUFG,3737
2011-10-14,4.369999885559082,4.369999885559082,4.300000190734863,4.349999904632568,1401700,MUFG,3737
2011-10-17,4.329999923706055,4.389999866485596,4.329999923706055,4.380000114440918,2515100,MUFG,3737
2011-10-18,4.400000095367432,4.409999847412109,4.309999942779541,4.309999942779541,1888500,MUFG,3737
2011-10-19,4.369999885559082,4.400000095367432,4.340000152587891,4.360000133514404,1035700,MUFG,3737
2011-10-20,4.380000114440918,4.380000114440918,4.300000190734863,4.349999904632568,3212200,MUFG,3737
2011-10-21,4.409999847412109,4.429999828338623,4.380000114440918,4.400000095367432,942900,MUFG,3737
2011-10-24,4.409999847412109,4.449999809265137,4.369999885559082,4.380000114440918,1199200,MUFG,3737
2011-10-25,4.369999885559082,4.400000095367432,4.329999923706055,4.380000114440918,9485700,MUFG,3737
2011-10-26,4.360000133514404,4.389999866485596,4.309999942779541,4.389999866485596,7281300,MUFG,3737
2011-10-27,4.659999847412109,4.679999828338623,4.599999904632568,4.610000133514404,3168500,MUFG,3737
2011-10-28,4.659999847412109,4.659999847412109,4.579999923706055,4.579999923706055,1832800,MUFG,3737
2011-10-31,4.329999923706055,4.389999866485596,4.329999923706055,4.380000114440918,1379200,MUFG,3737
2011-11-01,4.239999771118164,4.300000190734863,4.21999979019165,4.260000228881836,1431200,MUFG,3737
2011-11-02,4.230000019073486,4.28000020980835,4.210000038146973,4.28000020980835,1743300,MUFG,3737
2011-11-03,4.309999942779541,4.320000171661377,4.21999979019165,4.300000190734863,1347000,MUFG,3737
2011-11-04,4.25,4.269999980926514,4.21999979019165,4.269999980926514,1291300,MUFG,3737
2011-11-07,4.349999904632568,4.349999904632568,4.28000020980835,4.300000190734863,1109700,MUFG,3737
2011-11-08,4.320000171661377,4.320000171661377,4.260000228881836,4.28000020980835,723900,MUFG,3737
2011-11-09,4.199999809265137,4.260000228881836,4.170000076293945,4.210000038146973,1515700,MUFG,3737
2011-11-10,4.199999809265137,4.239999771118164,4.170000076293945,4.190000057220459,1169400,MUFG,3737
2011-11-11,4.239999771118164,4.260000228881836,4.210000038146973,4.239999771118164,985100,MUFG,3737
2011-11-14,4.300000190734863,4.329999923706055,4.25,4.25,1098800,MUFG,3737
2011-11-15,4.269999980926514,4.320000171661377,4.239999771118164,4.25,1028600,MUFG,3737
2011-11-16,4.190000057220459,4.28000020980835,4.190000057220459,4.28000020980835,1246200,MUFG,3737
2011-11-17,4.179999828338623,4.25,4.150000095367432,4.199999809265137,1744000,MUFG,3737
2011-11-18,4.190000057220459,4.199999809265137,4.150000095367432,4.190000057220459,1865500,MUFG,3737
2011-11-21,4.079999923706055,4.119999885559082,4.050000190734863,4.099999904632568,2128300,MUFG,3737
2011-11-22,4.119999885559082,4.150000095367432,4.090000152587891,4.130000114440918,1539000,MUFG,3737
2011-11-23,4.039999961853027,4.099999904632568,4.010000228881836,4.079999923706055,2148000,MUFG,3737
2011-11-25,4.059999942779541,4.099999904632568,4.03000020980835,4.070000171661377,755100,MUFG,3737
2011-11-28,4.170000076293945,4.190000057220459,4.150000095367432,4.170000076293945,1539100,MUFG,3737
2011-11-29,4.170000076293945,4.210000038146973,4.139999866485596,4.170000076293945,2431100,MUFG,3737
2011-11-30,4.340000152587891,4.340000152587891,4.25,4.25,2812600,MUFG,3737
2011-12-01,4.329999923706055,4.360000133514404,4.309999942779541,4.329999923706055,1798500,MUFG,3737
2011-12-02,4.329999923706055,4.369999885559082,4.329999923706055,4.369999885559082,1701200,MUFG,3737
2011-12-05,4.409999847412109,4.440000057220459,4.380000114440918,4.409999847412109,1258300,MUFG,3737
2011-12-06,4.420000076293945,4.429999828338623,4.369999885559082,4.389999866485596,828300,MUFG,3737
2011-12-07,4.46999979019165,4.480000019073486,4.380000114440918,4.400000095367432,1613800,MUFG,3737
2011-12-08,4.309999942779541,4.429999828338623,4.309999942779541,4.380000114440918,1614600,MUFG,3737
2011-12-09,4.409999847412109,4.420000076293945,4.360000133514404,4.400000095367432,1439100,MUFG,3737
2011-12-12,4.360000133514404,4.380000114440918,4.309999942779541,4.360000133514404,1825600,MUFG,3737
2011-12-13,4.25,4.360000133514404,4.230000019073486,4.309999942779541,17746900,MUFG,3737
2011-12-14,4.139999866485596,4.21999979019165,4.139999866485596,4.190000057220459,11820900,MUFG,3737
2011-12-15,4.170000076293945,4.21999979019165,4.170000076293945,4.21999979019165,1401500,MUFG,3737
2011-12-16,4.170000076293945,4.199999809265137,4.139999866485596,4.179999828338623,1473900,MUFG,3737
2011-12-19,4.03000020980835,4.159999847412109,4.03000020980835,4.150000095367432,1539500,MUFG,3737
2011-12-20,4.21999979019165,4.21999979019165,4.150000095367432,4.150000095367432,4326300,MUFG,3737
2011-12-21,4.119999885559082,4.170000076293945,4.070000171661377,4.130000114440918,3232500,MUFG,3737
2011-12-22,4.159999847412109,4.170000076293945,4.110000133514404,4.130000114440918,1837800,MUFG,3737
2011-12-23,4.190000057220459,4.190000057220459,4.159999847412109,4.159999847412109,1224900,MUFG,3737
2011-12-27,4.110000133514404,4.159999847412109,4.110000133514404,4.130000114440918,1089900,MUFG,3737
2011-12-28,4.039999961853027,4.130000114440918,4.039999961853027,4.130000114440918,967800,MUFG,3737
2011-12-29,4.150000095367432,4.159999847412109,4.070000171661377,4.079999923706055,1167900,MUFG,3737
2011-12-30,4.190000057220459,4.21999979019165,4.150000095367432,4.159999847412109,844800,MUFG,3737
2012-01-03,4.300000190734863,4.340000152587891,4.230000019073486,4.239999771118164,1968800,MUFG,3737
2012-01-04,4.340000152587891,4.369999885559082,4.320000171661377,4.340000152587891,2328500,MUFG,3737
2012-01-05,4.289999961853027,4.309999942779541,4.239999771118164,4.309999942779541,1488500,MUFG,3737
2012-01-06,4.239999771118164,4.289999961853027,4.239999771118164,4.289999961853027,530500,MUFG,3737
2012-01-09,4.300000190734863,4.300000190734863,4.25,4.25,551600,MUFG,3737
2012-01-10,4.329999923706055,4.340000152587891,4.300000190734863,4.300000190734863,917300,MUFG,3737
2012-01-11,4.360000133514404,4.369999885559082,4.300000190734863,4.309999942779541,1306300,MUFG,3737
2012-01-12,4.340000152587891,4.360000133514404,4.309999942779541,4.340000152587891,1560200,MUFG,3737
2012-01-13,4.289999961853027,4.320000171661377,4.28000020980835,4.289999961853027,1040200,MUFG,3737
2012-01-17,4.28000020980835,4.300000190734863,4.269999980926514,4.289999961853027,1351300,MUFG,3737
2012-01-18,4.289999961853027,4.300000190734863,4.25,4.269999980926514,946700,MUFG,3737
2012-01-19,4.349999904632568,4.380000114440918,4.329999923706055,4.349999904632568,2300900,MUFG,3737
2012-01-20,4.539999961853027,4.539999961853027,4.480000019073486,4.489999771118164,2353800,MUFG,3737
2012-01-23,4.630000114440918,4.630000114440918,4.559999942779541,4.559999942779541,1068000,MUFG,3737
2012-01-24,4.590000152587891,4.599999904632568,4.550000190734863,4.579999923706055,706000,MUFG,3737
2012-01-25,4.599999904632568,4.610000133514404,4.519999980926514,4.539999961853027,847100,MUFG,3737
2012-01-26,4.539999961853027,4.630000114440918,4.539999961853027,4.599999904632568,1329700,MUFG,3737
2012-01-27,4.559999942779541,4.590000152587891,4.519999980926514,4.559999942779541,5560100,MUFG,3737
2012-01-30,4.590000152587891,4.599999904632568,4.539999961853027,4.539999961853027,1090900,MUFG,3737
2012-01-31,4.590000152587891,4.599999904632568,4.53000020980835,4.570000171661377,1750800,MUFG,3737
2012-02-01,4.760000228881836,4.769999980926514,4.670000076293945,4.670000076293945,1092400,MUFG,3737
2012-02-02,4.800000190734863,4.829999923706055,4.789999961853027,4.800000190734863,1414900,MUFG,3737
2012-02-03,4.889999866485596,4.889999866485596,4.809999942779541,4.809999942779541,2728700,MUFG,3737
2012-02-06,4.869999885559082,4.900000095367432,4.849999904632568,4.880000114440918,1698500,MUFG,3737
2012-02-07,4.900000095367432,4.980000019073486,4.889999866485596,4.909999847412109,2772900,MUFG,3737
2012-02-08,5.010000228881836,5.039999961853027,4.980000019073486,5.019999980926514,2813800,MUFG,3737
2012-02-09,5.050000190734863,5.099999904632568,5.050000190734863,5.079999923706055,1580300,MUFG,3737
2012-02-10,4.880000114440918,4.920000076293945,4.860000133514404,4.920000076293945,764000,MUFG,3737
2012-02-13,4.949999809265137,4.960000038146973,4.929999828338623,4.929999828338623,525800,MUFG,3737
2012-02-14,4.980000019073486,4.989999771118164,4.920000076293945,4.96999979019165,2577300,MUFG,3737
2012-02-15,5.130000114440918,5.170000076293945,5.099999904632568,5.139999866485596,1495100,MUFG,3737
2012-02-16,5.130000114440918,5.130000114440918,5.039999961853027,5.059999942779541,1823100,MUFG,3737
2012-02-17,5.130000114440918,5.150000095367432,5.110000133514404,5.110000133514404,1096800,MUFG,3737
2012-02-21,5.079999923706055,5.110000133514404,5.059999942779541,5.090000152587891,731600,MUFG,3737
2012-02-22,5.070000171661377,5.110000133514404,5.059999942779541,5.079999923706055,750700,MUFG,3737
2012-02-23,5.079999923706055,5.090000152587891,5.039999961853027,5.050000190734863,554200,MUFG,3737
2012-02-24,5.170000076293945,5.179999828338623,5.119999885559082,5.119999885559082,1066000,MUFG,3737
2012-02-27,5.139999866485596,5.150000095367432,5.079999923706055,5.099999904632568,1099200,MUFG,3737
2012-02-28,5.25,5.25,5.190000057220459,5.190000057220459,1781900,MUFG,3737
2012-02-29,5.110000133514404,5.239999771118164,5.110000133514404,5.230000019073486,1475400,MUFG,3737
2012-03-01,5.159999847412109,5.25,5.090000152587891,5.119999885559082,4157000,MUFG,3737
2012-03-02,5.059999942779541,5.099999904632568,5.050000190734863,5.070000171661377,1189100,MUFG,3737
2012-03-05,5.03000020980835,5.079999923706055,5.0,5.039999961853027,717400,MUFG,3737
2012-03-06,4.940000057220459,4.989999771118164,4.900000095367432,4.949999809265137,1801300,MUFG,3737
2012-03-07,4.989999771118164,5.019999980926514,4.949999809265137,5.019999980926514,1172000,MUFG,3737
2012-03-08,5.110000133514404,5.119999885559082,5.059999942779541,5.099999904632568,1205900,MUFG,3737
2012-03-09,5.150000095367432,5.179999828338623,5.119999885559082,5.130000114440918,1825200,MUFG,3737
2012-03-12,5.079999923706055,5.119999885559082,5.039999961853027,5.119999885559082,742700,MUFG,3737
2012-03-13,5.199999809265137,5.210000038146973,5.110000133514404,5.119999885559082,3942300,MUFG,3737
2012-03-14,5.170000076293945,5.230000019073486,5.139999866485596,5.199999809265137,1958400,MUFG,3737
2012-03-15,5.139999866485596,5.179999828338623,5.130000114440918,5.170000076293945,2246200,MUFG,3737
2012-03-16,5.21999979019165,5.239999771118164,5.210000038146973,5.21999979019165,1867500,MUFG,3737
2012-03-19,5.320000171661377,5.360000133514404,5.260000228881836,5.28000020980835,1719400,MUFG,3737
2012-03-20,5.260000228881836,5.289999961853027,5.239999771118164,5.260000228881836,1854300,MUFG,3737
2012-03-21,5.150000095367432,5.179999828338623,5.130000114440918,5.170000076293945,2091100,MUFG,3737
2012-03-22,5.150000095367432,5.150000095367432,5.110000133514404,5.110000133514404,1440600,MUFG,3737
2012-03-23,5.110000133514404,5.110000133514404,5.059999942779541,5.099999904632568,503300,MUFG,3737
2012-03-26,5.139999866485596,5.150000095367432,5.070000171661377,5.139999866485596,2308700,MUFG,3737
2012-03-27,5.150000095367432,5.21999979019165,5.139999866485596,5.21999979019165,1315100,MUFG,3737
2012-03-28,5.130000114440918,5.179999828338623,5.099999904632568,5.159999847412109,2540900,MUFG,3737
2012-03-29,5.050000190734863,5.059999942779541,5.0,5.059999942779541,807200,MUFG,3737
2012-03-30,4.980000019073486,5.03000020980835,4.980000019073486,5.03000020980835,1182700,MUFG,3737
2012-04-02,5.159999847412109,5.159999847412109,5.070000171661377,5.110000133514404,933800,MUFG,3737
2012-04-03,5.019999980926514,5.079999923706055,4.96999979019165,5.070000171661377,1603500,MUFG,3737
2012-04-04,4.889999866485596,4.909999847412109,4.840000152587891,4.889999866485596,1182300,MUFG,3737
2012-04-05,4.860000133514404,4.880000114440918,4.840000152587891,4.869999885559082,830200,MUFG,3737
2012-04-09,4.760000228881836,4.78000020980835,4.760000228881836,4.769999980926514,545800,MUFG,3737
2012-04-10,4.699999809265137,4.809999942779541,4.690000057220459,4.800000190734863,2651600,MUFG,3737
2012-04-11,4.829999923706055,4.849999904632568,4.769999980926514,4.769999980926514,3489800,MUFG,3737
2012-04-12,4.829999923706055,4.829999923706055,4.730000019073486,4.75,1845100,MUFG,3737
2012-04-13,4.849999904632568,4.920000076293945,4.789999961853027,4.909999847412109,1625200,MUFG,3737
2012-04-16,4.78000020980835,4.840000152587891,4.769999980926514,4.829999923706055,691400,MUFG,3737
2012-04-17,4.820000171661377,4.860000133514404,4.789999961853027,4.789999961853027,1566900,MUFG,3737
2012-04-18,4.849999904632568,4.869999885559082,4.789999961853027,4.800000190734863,1432200,MUFG,3737
2012-04-19,4.849999904632568,4.900000095367432,4.840000152587891,4.889999866485596,2137100,MUFG,3737
2012-04-20,4.840000152587891,4.869999885559082,4.840000152587891,4.849999904632568,1114600,MUFG,3737
2012-04-23,4.75,4.75,4.690000057220459,4.71999979019165,1357700,MUFG,3737
2012-04-24,4.71999979019165,4.739999771118164,4.699999809265137,4.71999979019165,929600,MUFG,3737
2012-04-25,4.75,4.78000020980835,4.710000038146973,4.78000020980835,1012400,MUFG,3737
2012-04-26,4.809999942779541,4.809999942779541,4.730000019073486,4.75,474600,MUFG,3737
2012-04-27,4.789999961853027,4.809999942779541,4.760000228881836,4.809999942779541,299100,MUFG,3737
2012-04-30,4.760000228881836,4.789999961853027,4.739999771118164,4.769999980926514,925700,MUFG,3737
2012-05-01,4.690000057220459,4.71999979019165,4.619999885559082,4.619999885559082,1707600,MUFG,3737
2012-05-02,4.650000095367432,4.659999847412109,4.599999904632568,4.599999904632568,1746700,MUFG,3737
2012-05-03,4.599999904632568,4.650000095367432,4.579999923706055,4.610000133514404,1515700,MUFG,3737
2012-05-04,4.570000171661377,4.610000133514404,4.519999980926514,4.610000133514404,1666300,MUFG,3737
2012-05-07,4.590000152587891,4.599999904632568,4.519999980926514,4.550000190734863,1751500,MUFG,3737
2012-05-08,4.510000228881836,4.539999961853027,4.46999979019165,4.53000020980835,761900,MUFG,3737
2012-05-09,4.480000019073486,4.5,4.429999828338623,4.46999979019165,928100,MUFG,3737
2012-05-10,4.460000038146973,4.510000228881836,4.449999809265137,4.489999771118164,702600,MUFG,3737
2012-05-11,4.389999866485596,4.429999828338623,4.369999885559082,4.400000095367432,1014400,MUFG,3737
2012-05-14,4.349999904632568,4.380000114440918,4.340000152587891,4.360000133514404,1218000,MUFG,3737
2012-05-15,4.329999923706055,4.360000133514404,4.269999980926514,4.269999980926514,3231600,MUFG,3737
2012-05-16,4.230000019073486,4.309999942779541,4.230000019073486,4.269999980926514,1319500,MUFG,3737
2012-05-17,4.289999961853027,4.329999923706055,4.269999980926514,4.300000190734863,1716400,MUFG,3737
2012-05-18,4.199999809265137,4.269999980926514,4.199999809265137,4.25,825600,MUFG,3737
2012-05-21,4.260000228881836,4.260000228881836,4.179999828338623,4.199999809265137,3249800,MUFG,3737
2012-05-22,4.25,4.309999942779541,4.230000019073486,4.25,1367000,MUFG,3737
2012-05-23,4.260000228881836,4.260000228881836,4.199999809265137,4.25,1013900,MUFG,3737
2012-05-24,4.300000190734863,4.320000171661377,4.269999980926514,4.300000190734863,2158400,MUFG,3737
2012-05-25,4.260000228881836,4.300000190734863,4.260000228881836,4.260000228881836,760300,MUFG,3737
2012-05-29,4.349999904632568,4.360000133514404,4.320000171661377,4.349999904632568,750000,MUFG,3737
2012-05-30,4.21999979019165,4.260000228881836,4.210000038146973,4.260000228881836,645400,MUFG,3737
2012-05-31,4.289999961853027,4.300000190734863,4.25,4.269999980926514,1675200,MUFG,3737
2012-06-01,4.170000076293945,4.25,4.159999847412109,4.25,1107500,MUFG,3737
2012-06-04,4.230000019073486,4.230000019073486,4.170000076293945,4.210000038146973,1997300,MUFG,3737
2012-06-05,4.309999942779541,4.320000171661377,4.230000019073486,4.230000019073486,2631000,MUFG,3737
2012-06-06,4.380000114440918,4.409999847412109,4.329999923706055,4.349999904632568,1855100,MUFG,3737
2012-06-07,4.400000095367432,4.460000038146973,4.400000095367432,4.440000057220459,568000,MUFG,3737
2012-06-08,4.349999904632568,4.369999885559082,4.300000190734863,4.369999885559082,762900,MUFG,3737
2012-06-11,4.289999961853027,4.360000133514404,4.289999961853027,4.360000133514404,710300,MUFG,3737
2012-06-12,4.369999885559082,4.369999885559082,4.309999942779541,4.309999942779541,626500,MUFG,3737
2012-06-13,4.340000152587891,4.369999885559082,4.309999942779541,4.340000152587891,617800,MUFG,3737
2012-06-14,4.400000095367432,4.400000095367432,4.349999904632568,4.349999904632568,499100,MUFG,3737
2012-06-15,4.5,4.519999980926514,4.449999809265137,4.46999979019165,1454300,MUFG,3737
2012-06-18,4.539999961853027,4.539999961853027,4.5,4.510000228881836,589100,MUFG,3737
2012-06-19,4.570000171661377,4.590000152587891,4.519999980926514,4.519999980926514,575900,MUFG,3737
2012-06-20,4.650000095367432,4.659999847412109,4.599999904632568,4.619999885559082,639800,MUFG,3737
2012-06-21,4.550000190734863,4.650000095367432,4.53000020980835,4.650000095367432,807700,MUFG,3737
2012-06-22,4.579999923706055,4.590000152587891,4.539999961853027,4.579999923706055,384400,MUFG,3737
2012-06-25,4.46999979019165,4.510000228881836,4.460000038146973,4.5,620800,MUFG,3737
2012-06-26,4.460000038146973,4.46999979019165,4.420000076293945,4.460000038146973,846800,MUFG,3737
2012-06-27,4.550000190734863,4.550000190734863,4.5,4.5,455600,MUFG,3737
2012-06-28,4.610000133514404,4.639999866485596,4.559999942779541,4.590000152587891,1750200,MUFG,3737
2012-06-29,4.75,4.75,4.690000057220459,4.710000038146973,786800,MUFG,3737
2012-07-02,4.75,4.769999980926514,4.71999979019165,4.760000228881836,580800,MUFG,3737
2012-07-03,4.909999847412109,4.929999828338623,4.809999942779541,4.829999923706055,821800,MUFG,3737
2012-07-05,4.909999847412109,4.909999847412109,4.869999885559082,4.889999866485596,960600,MUFG,3737
2012-07-06,4.849999904632568,4.869999885559082,4.820000171661377,4.860000133514404,649300,MUFG,3737
2012-07-09,4.829999923706055,4.840000152587891,4.769999980926514,4.820000171661377,1953100,MUFG,3737
2012-07-10,4.75,4.820000171661377,4.739999771118164,4.800000190734863,1131400,MUFG,3737
2012-07-11,4.829999923706055,4.829999923706055,4.78000020980835,4.800000190734863,445000,MUFG,3737
2012-07-12,4.710000038146973,4.730000019073486,4.679999828338623,4.71999979019165,1066300,MUFG,3737
2012-07-13,4.760000228881836,4.769999980926514,4.659999847412109,4.670000076293945,574700,MUFG,3737
2012-07-16,4.71999979019165,4.75,4.699999809265137,4.75,401600,MUFG,3737
2012-07-17,4.75,4.75,4.690000057220459,4.71999979019165,467900,MUFG,3737
2012-07-18,4.730000019073486,4.760000228881836,4.670000076293945,4.670000076293945,1023000,MUFG,3737
2012-07-19,4.809999942779541,4.840000152587891,4.789999961853027,4.800000190734863,1185000,MUFG,3737
2012-07-20,4.590000152587891,4.670000076293945,4.590000152587891,4.670000076293945,831600,MUFG,3737
2012-07-23,4.53000020980835,4.550000190734863,4.46999979019165,4.510000228881836,737400,MUFG,3737
2012-07-24,4.46999979019165,4.53000020980835,4.449999809265137,4.519999980926514,809100,MUFG,3737
2012-07-25,4.5,4.539999961853027,4.480000019073486,4.510000228881836,580000,MUFG,3737
2012-07-26,4.769999980926514,4.769999980926514,4.650000095367432,4.670000076293945,1612800,MUFG,3737
2012-07-27,4.940000057220459,4.949999809265137,4.820000171661377,4.820000171661377,3021500,MUFG,3737
2012-07-30,4.900000095367432,4.960000038146973,4.849999904632568,4.849999904632568,4380700,MUFG,3737
2012-07-31,4.860000133514404,4.940000057220459,4.840000152587891,4.860000133514404,2020500,MUFG,3737
2012-08-01,4.739999771118164,4.820000171661377,4.730000019073486,4.769999980926514,1124800,MUFG,3737
2012-08-02,4.699999809265137,4.71999979019165,4.650000095367432,4.699999809265137,2462100,MUFG,3737
2012-08-03,4.78000020980835,4.800000190734863,4.710000038146973,4.71999979019165,1533500,MUFG,3737
2012-08-06,4.78000020980835,4.820000171661377,4.78000020980835,4.789999961853027,1144800,MUFG,3737
2012-08-07,4.849999904632568,4.869999885559082,4.829999923706055,4.840000152587891,971200,MUFG,3737
2012-08-08,4.769999980926514,4.789999961853027,4.710000038146973,4.730000019073486,588500,MUFG,3737
2012-08-09,4.730000019073486,4.760000228881836,4.71999979019165,4.739999771118164,666900,MUFG,3737
2012-08-10,4.710000038146973,4.710000038146973,4.639999866485596,4.659999847412109,1067900,MUFG,3737
2012-08-13,4.71999979019165,4.730000019073486,4.670000076293945,4.710000038146973,734500,MUFG,3737
2012-08-14,4.599999904632568,4.630000114440918,4.590000152587891,4.610000133514404,1036600,MUFG,3737
2012-08-15,4.550000190734863,4.559999942779541,4.53000020980835,4.550000190734863,754500,MUFG,3737
2012-08-16,4.579999923706055,4.599999904632568,4.53000020980835,4.570000171661377,570600,MUFG,3737
2012-08-17,4.650000095367432,4.659999847412109,4.639999866485596,4.650000095367432,263000,MUFG,3737
2012-08-20,4.630000114440918,4.630000114440918,4.599999904632568,4.619999885559082,295600,MUFG,3737
2012-08-21,4.670000076293945,4.71999979019165,4.650000095367432,4.690000057220459,1000600,MUFG,3737
2012-08-22,4.690000057220459,4.710000038146973,4.639999866485596,4.659999847412109,911700,MUFG,3737
2012-08-23,4.679999828338623,4.71999979019165,4.679999828338623,4.699999809265137,937500,MUFG,3737
2012-08-24,4.670000076293945,4.690000057220459,4.630000114440918,4.639999866485596,548000,MUFG,3737
2012-08-27,4.619999885559082,4.670000076293945,4.619999885559082,4.659999847412109,636700,MUFG,3737
2012-08-28,4.579999923706055,4.610000133514404,4.559999942779541,4.579999923706055,719600,MUFG,3737
2012-08-29,4.619999885559082,4.630000114440918,4.599999904632568,4.610000133514404,481200,MUFG,3737
2012-08-30,4.550000190734863,4.599999904632568,4.550000190734863,4.599999904632568,580000,MUFG,3737
2012-08-31,4.539999961853027,4.579999923706055,4.510000228881836,4.550000190734863,667700,MUFG,3737
2012-09-04,4.539999961853027,4.550000190734863,4.489999771118164,4.539999961853027,665500,MUFG,3737
2012-09-05,4.46999979019165,4.480000019073486,4.440000057220459,4.46999979019165,447300,MUFG,3737
2012-09-06,4.570000171661377,4.579999923706055,4.489999771118164,4.5,614700,MUFG,3737
2012-09-07,4.619999885559082,4.639999866485596,4.590000152587891,4.599999904632568,756300,MUFG,3737
2012-09-10,4.630000114440918,4.659999847412109,4.619999885559082,4.650000095367432,436000,MUFG,3737
2012-09-11,4.630000114440918,4.659999847412109,4.599999904632568,4.599999904632568,872200,MUFG,3737
2012-09-12,4.730000019073486,4.730000019073486,4.670000076293945,4.679999828338623,1784400,MUFG,3737
2012-09-13,4.840000152587891,4.860000133514404,4.710000038146973,4.730000019073486,3150300,MUFG,3737
2012-09-14,4.920000076293945,4.96999979019165,4.900000095367432,4.909999847412109,2385000,MUFG,3737
2012-09-17,4.869999885559082,4.929999828338623,4.869999885559082,4.889999866485596,1572900,MUFG,3737
2012-09-18,4.940000057220459,4.96999979019165,4.900000095367432,4.920000076293945,2265700,MUFG,3737
2012-09-19,4.880000114440918,4.929999828338623,4.880000114440918,4.929999828338623,1114300,MUFG,3737
2012-09-20,4.809999942779541,4.860000133514404,4.809999942779541,4.820000171661377,1082800,MUFG,3737
2012-09-21,4.75,4.809999942779541,4.75,4.789999961853027,683700,MUFG,3737
2012-09-24,4.78000020980835,4.789999961853027,4.739999771118164,4.760000228881836,1133000,MUFG,3737
2012-09-25,4.71999979019165,4.78000020980835,4.699999809265137,4.75,1021300,MUFG,3737
2012-09-26,4.690000057220459,4.710000038146973,4.650000095367432,4.679999828338623,1007500,MUFG,3737
2012-09-27,4.769999980926514,4.769999980926514,4.71999979019165,4.71999979019165,606300,MUFG,3737
2012-09-28,4.650000095367432,4.659999847412109,4.610000133514404,4.659999847412109,999800,MUFG,3737
2012-10-01,4.610000133514404,4.670000076293945,4.610000133514404,4.659999847412109,666700,MUFG,3737
2012-10-02,4.559999942779541,4.639999866485596,4.559999942779541,4.639999866485596,765000,MUFG,3737
2012-10-03,4.570000171661377,4.579999923706055,4.550000190734863,4.570000171661377,515200,MUFG,3737
2012-10-04,4.699999809265137,4.699999809265137,4.659999847412109,4.670000076293945,784200,MUFG,3737
2012-10-05,4.659999847412109,4.690000057220459,4.659999847412109,4.670000076293945,743300,MUFG,3737
2012-10-08,4.619999885559082,4.650000095367432,4.610000133514404,4.630000114440918,280400,MUFG,3737
2012-10-09,4.489999771118164,4.539999961853027,4.489999771118164,4.539999961853027,602800,MUFG,3737
2012-10-10,4.5,4.5,4.460000038146973,4.480000019073486,746500,MUFG,3737
2012-10-11,4.539999961853027,4.570000171661377,4.53000020980835,4.550000190734863,975800,MUFG,3737
2012-10-12,4.539999961853027,4.550000190734863,4.510000228881836,4.539999961853027,628800,MUFG,3737
2012-10-15,4.539999961853027,4.559999942779541,4.510000228881836,4.53000020980835,683300,MUFG,3737
2012-10-16,4.630000114440918,4.630000114440918,4.570000171661377,4.570000171661377,1046900,MUFG,3737
2012-10-17,4.630000114440918,4.650000095367432,4.610000133514404,4.619999885559082,346700,MUFG,3737
2012-10-18,4.659999847412109,4.670000076293945,4.639999866485596,4.639999866485596,330500,MUFG,3737
2012-10-19,4.579999923706055,4.659999847412109,4.570000171661377,4.650000095367432,959100,MUFG,3737
2012-10-22,4.670000076293945,4.679999828338623,4.630000114440918,4.639999866485596,740600,MUFG,3737
2012-10-23,4.519999980926514,4.550000190734863,4.5,4.519999980926514,1103500,MUFG,3737
2012-10-24,4.53000020980835,4.579999923706055,4.519999980926514,4.559999942779541,812800,MUFG,3737
2012-10-25,4.550000190734863,4.579999923706055,4.53000020980835,4.550000190734863,664900,MUFG,3737
2012-10-26,4.519999980926514,4.539999961853027,4.489999771118164,4.53000020980835,1267100,MUFG,3737
2012-10-31,4.489999771118164,4.610000133514404,4.46999979019165,4.610000133514404,692000,MUFG,3737
2012-11-01,4.519999980926514,4.519999980926514,4.46999979019165,4.46999979019165,1061600,MUFG,3737
2012-11-02,4.460000038146973,4.510000228881836,4.449999809265137,4.510000228881836,1073000,MUFG,3737
2012-11-05,4.460000038146973,4.480000019073486,4.460000038146973,4.460000038146973,423100,MUFG,3737
2012-11-06,4.46999979019165,4.489999771118164,4.460000038146973,4.460000038146973,441700,MUFG,3737
2012-11-07,4.380000114440918,4.449999809265137,4.369999885559082,4.440000057220459,650900,MUFG,3737
2012-11-08,4.369999885559082,4.440000057220459,4.369999885559082,4.429999828338623,745400,MUFG,3737
2012-11-09,4.409999847412109,4.440000057220459,4.389999866485596,4.440000057220459,642500,MUFG,3737
2012-11-12,4.360000133514404,4.389999866485596,4.349999904632568,4.380000114440918,923100,MUFG,3737
2012-11-13,4.349999904632568,4.380000114440918,4.329999923706055,4.340000152587891,872300,MUFG,3737
2012-11-14,4.260000228881836,4.340000152587891,4.239999771118164,4.320000171661377,1078500,MUFG,3737
2012-11-15,4.389999866485596,4.389999866485596,4.349999904632568,4.360000133514404,1992500,MUFG,3737
2012-11-16,4.5,4.519999980926514,4.440000057220459,4.480000019073486,1631700,MUFG,3737
2012-11-19,4.539999961853027,4.570000171661377,4.510000228881836,4.510000228881836,1016600,MUFG,3737
2012-11-20,4.550000190734863,4.550000190734863,4.489999771118164,4.510000228881836,1102100,MUFG,3737
2012-11-21,4.539999961853027,4.550000190734863,4.519999980926514,4.53000020980835,649600,MUFG,3737
2012-11-23,4.619999885559082,4.630000114440918,4.559999942779541,4.570000171661377,1679400,MUFG,3737
2012-11-26,4.590000152587891,4.610000133514404,4.559999942779541,4.570000171661377,1991100,MUFG,3737
2012-11-27,4.53000020980835,4.610000133514404,4.53000020980835,4.579999923706055,999300,MUFG,3737
2012-11-28,4.539999961853027,4.550000190734863,4.480000019073486,4.5,843600,MUFG,3737
2012-11-29,4.610000133514404,4.619999885559082,4.570000171661377,4.579999923706055,1106400,MUFG,3737
2012-11-30,4.610000133514404,4.610000133514404,4.559999942779541,4.570000171661377,989400,MUFG,3737
2012-12-03,4.559999942779541,4.610000133514404,4.550000190734863,4.590000152587891,671300,MUFG,3737
2012-12-04,4.519999980926514,4.559999942779541,4.519999980926514,4.539999961853027,830000,MUFG,3737
2012-12-05,4.539999961853027,4.570000171661377,4.519999980926514,4.53000020980835,766700,MUFG,3737
2012-12-06,4.559999942779541,4.570000171661377,4.539999961853027,4.559999942779541,461700,MUFG,3737
2012-12-07,4.650000095367432,4.670000076293945,4.599999904632568,4.610000133514404,2054300,MUFG,3737
2012-12-10,4.590000152587891,4.610000133514404,4.570000171661377,4.590000152587891,1348800,MUFG,3737
2012-12-11,4.550000190734863,4.599999904632568,4.550000190734863,4.559999942779541,1378900,MUFG,3737
2012-12-12,4.550000190734863,4.610000133514404,4.539999961853027,4.559999942779541,2518800,MUFG,3737
2012-12-13,4.550000190734863,4.570000171661377,4.53000020980835,4.550000190734863,962300,MUFG,3737
2012-12-14,4.619999885559082,4.619999885559082,4.590000152587891,4.599999904632568,1154000,MUFG,3737
2012-12-17,4.710000038146973,4.730000019073486,4.659999847412109,4.670000076293945,2714600,MUFG,3737
2012-12-18,4.929999828338623,4.929999828338623,4.849999904632568,4.860000133514404,2561800,MUFG,3737
2012-12-19,5.130000114440918,5.150000095367432,5.099999904632568,5.110000133514404,2622600,MUFG,3737
2012-12-20,5.260000228881836,5.260000228881836,5.190000057220459,5.210000038146973,3104300,MUFG,3737
2012-12-21,5.28000020980835,5.28000020980835,5.170000076293945,5.170000076293945,2397900,MUFG,3737
2012-12-24,5.28000020980835,5.28000020980835,5.21999979019165,5.230000019073486,945800,MUFG,3737
2012-12-26,5.289999961853027,5.320000171661377,5.269999980926514,5.269999980926514,1176200,MUFG,3737
2012-12-27,5.28000020980835,5.300000190734863,5.21999979019165,5.269999980926514,2851900,MUFG,3737
2012-12-28,5.289999961853027,5.320000171661377,5.28000020980835,5.28000020980835,1138100,MUFG,3737
2012-12-31,5.420000076293945,5.420000076293945,5.289999961853027,5.300000190734863,1704700,MUFG,3737
2013-01-02,5.559999942779541,5.570000171661377,5.5,5.510000228881836,2228300,MUFG,3737
2013-01-03,5.46999979019165,5.539999961853027,5.460000038146973,5.53000020980835,1621400,MUFG,3737
2013-01-04,5.5,5.53000020980835,5.480000019073486,5.489999771118164,1460000,MUFG,3737
2013-01-07,5.420000076293945,5.429999828338623,5.360000133514404,5.400000095367432,3545200,MUFG,3737
2013-01-08,5.21999979019165,5.300000190734863,5.190000057220459,5.28000020980835,4151700,MUFG,3737
2013-01-09,5.360000133514404,5.360000133514404,5.309999942779541,5.329999923706055,1919500,MUFG,3737
2013-01-10,5.429999828338623,5.440000057220459,5.369999885559082,5.389999866485596,1701200,MUFG,3737
2013-01-11,5.420000076293945,5.440000057220459,5.380000114440918,5.400000095367432,2542000,MUFG,3737
2013-01-14,5.449999809265137,5.489999771118164,5.429999828338623,5.46999979019165,1710100,MUFG,3737
2013-01-15,5.440000057220459,5.449999809265137,5.389999866485596,5.420000076293945,7998800,MUFG,3737
2013-01-16,5.349999904632568,5.360000133514404,5.289999961853027,5.300000190734863,2224800,MUFG,3737
2013-01-17,5.389999866485596,5.400000095367432,5.340000152587891,5.369999885559082,2272100,MUFG,3737
2013-01-18,5.409999847412109,5.409999847412109,5.369999885559082,5.400000095367432,1260500,MUFG,3737
2013-01-22,5.25,5.269999980926514,5.21999979019165,5.260000228881836,1586100,MUFG,3737
2013-01-23,5.230000019073486,5.239999771118164,5.199999809265137,5.210000038146973,1911500,MUFG,3737
2013-01-24,5.329999923706055,5.349999904632568,5.300000190734863,5.309999942779541,2499600,MUFG,3737
2013-01-25,5.309999942779541,5.360000133514404,5.28000020980835,5.349999904632568,996400,MUFG,3737
2013-01-28,5.260000228881836,5.289999961853027,5.230000019073486,5.289999961853027,1193200,MUFG,3737
2013-01-29,5.46999979019165,5.480000019073486,5.440000057220459,5.449999809265137,1756400,MUFG,3737
2013-01-30,5.53000020980835,5.550000190734863,5.46999979019165,5.480000019073486,2313100,MUFG,3737
2013-01-31,5.659999847412109,5.71999979019165,5.650000095367432,5.659999847412109,1909200,MUFG,3737
2013-02-01,5.590000152587891,5.610000133514404,5.539999961853027,5.599999904632568,1674600,MUFG,3737
2013-02-04,5.619999885559082,5.670000076293945,5.599999904632568,5.650000095367432,1770000,MUFG,3737
2013-02-05,5.650000095367432,5.670000076293945,5.619999885559082,5.650000095367432,1470600,MUFG,3737
2013-02-06,5.650000095367432,5.650000095367432,5.579999923706055,5.599999904632568,937400,MUFG,3737
2013-02-07,5.710000038146973,5.730000019073486,5.639999866485596,5.710000038146973,1571300,MUFG,3737
2013-02-08,5.690000057220459,5.699999809265137,5.659999847412109,5.679999828338623,1059500,MUFG,3737
2013-02-11,5.769999980926514,5.78000020980835,5.71999979019165,5.75,1242000,MUFG,3737
2013-02-12,5.809999942779541,5.829999923706055,5.760000228881836,5.789999961853027,1170300,MUFG,3737
2013-02-13,5.71999979019165,5.75,5.699999809265137,5.739999771118164,889100,MUFG,3737
2013-02-14,5.570000171661377,5.590000152587891,5.550000190734863,5.570000171661377,712000,MUFG,3737
2013-02-15,5.510000228881836,5.519999980926514,5.480000019073486,5.510000228881836,1455300,MUFG,3737
2013-02-19,5.699999809265137,5.71999979019165,5.659999847412109,5.659999847412109,1547200,MUFG,3737
2013-02-20,5.610000133514404,5.710000038146973,5.610000133514404,5.699999809265137,1282000,MUFG,3737
2013-02-21,5.489999771118164,5.559999942779541,5.449999809265137,5.550000190734863,2553400,MUFG,3737
2013-02-22,5.570000171661377,5.579999923706055,5.489999771118164,5.5,2569200,MUFG,3737
2013-02-25,5.510000228881836,5.619999885559082,5.480000019073486,5.579999923706055,6374500,MUFG,3737
2013-02-26,5.590000152587891,5.599999904632568,5.539999961853027,5.579999923706055,2627800,MUFG,3737
2013-02-27,5.550000190734863,5.570000171661377,5.480000019073486,5.519999980926514,1513200,MUFG,3737
2013-02-28,5.539999961853027,5.590000152587891,5.489999771118164,5.539999961853027,1718400,MUFG,3737
2013-03-01,5.639999866485596,5.659999847412109,5.579999923706055,5.610000133514404,1190200,MUFG,3737
2013-03-04,5.690000057220459,5.710000038146973,5.659999847412109,5.699999809265137,1411800,MUFG,3737
2013-03-05,5.730000019073486,5.730000019073486,5.679999828338623,5.679999828338623,1272200,MUFG,3737
2013-03-06,5.789999961853027,5.800000190734863,5.730000019073486,5.739999771118164,1487200,MUFG,3737
2013-03-07,5.650000095367432,5.730000019073486,5.639999866485596,5.710000038146973,14493000,MUFG,3737
2013-03-08,5.650000095367432,5.679999828338623,5.619999885559082,5.639999866485596,3277100,MUFG,3737
2013-03-11,5.96999979019165,5.980000019073486,5.869999885559082,5.880000114440918,3996100,MUFG,3737
2013-03-12,5.869999885559082,5.900000095367432,5.840000152587891,5.889999866485596,2326800,MUFG,3737
2013-03-13,6.050000190734863,6.059999942779541,5.949999809265137,5.960000038146973,2453900,MUFG,3737
2013-03-14,6.099999904632568,6.099999904632568,6.03000020980835,6.03000020980835,1029200,MUFG,3737
2013-03-15,6.010000228881836,6.019999980926514,5.96999979019165,6.010000228881836,718000,MUFG,3737
2013-03-18,5.960000038146973,6.010000228881836,5.909999847412109,5.929999828338623,2931900,MUFG,3737
2013-03-19,6.0,6.0,5.929999828338623,5.96999979019165,1757200,MUFG,3737
2013-03-20,6.059999942779541,6.070000171661377,6.010000228881836,6.010000228881836,2389100,MUFG,3737
2013-03-21,5.980000019073486,6.070000171661377,5.960000038146973,6.059999942779541,2784500,MUFG,3737
2013-03-22,6.019999980926514,6.03000020980835,5.980000019073486,5.980000019073486,713400,MUFG,3737
2013-03-25,5.949999809265137,6.050000190734863,5.909999847412109,6.039999961853027,2387900,MUFG,3737
2013-03-26,5.920000076293945,5.940000057220459,5.889999866485596,5.920000076293945,1184400,MUFG,3737
2013-03-27,5.960000038146973,5.960000038146973,5.889999866485596,5.920000076293945,3015200,MUFG,3737
2013-03-28,6.0,6.010000228881836,5.929999828338623,6.0,10216100,MUFG,3737
2013-04-01,5.630000114440918,5.880000114440918,5.590000152587891,5.880000114440918,3473200,MUFG,3737
2013-04-02,5.900000095367432,5.909999847412109,5.820000171661377,5.829999923706055,1897700,MUFG,3737
2013-04-03,5.800000190734863,5.900000095367432,5.78000020980835,5.889999866485596,3488700,MUFG,3737
2013-04-04,6.269999980926514,6.269999980926514,6.170000076293945,6.190000057220459,4812600,MUFG,3737
2013-04-05,6.559999942779541,6.559999942779541,6.28000020980835,6.329999923706055,6526100,MUFG,3737
2013-04-08,6.610000133514404,6.610000133514404,6.53000020980835,6.570000171661377,4109700,MUFG,3737
2013-04-09,6.409999847412109,6.460000038146973,6.320000171661377,6.369999885559082,4894100,MUFG,3737
2013-04-10,6.730000019073486,6.769999980926514,6.630000114440918,6.639999866485596,5110300,MUFG,3737
2013-04-11,6.840000152587891,6.880000114440918,6.71999979019165,6.75,6622000,MUFG,3737
2013-04-12,6.820000171661377,6.840000152587891,6.75,6.769999980926514,5382400,MUFG,3737
2013-04-15,6.659999847412109,6.760000228881836,6.650000095367432,6.699999809265137,6061400,MUFG,3737
2013-04-16,6.699999809265137,6.75,6.630000114440918,6.679999828338623,5719800,MUFG,3737
2013-04-17,6.650000095367432,6.71999979019165,6.590000152587891,6.699999809265137,4195100,MUFG,3737
2013-04-18,6.619999885559082,6.670000076293945,6.559999942779541,6.650000095367432,2458600,MUFG,3737
2013-04-19,6.650000095367432,6.679999828338623,6.570000171661377,6.590000152587891,3666900,MUFG,3737
2013-04-22,6.570000171661377,6.619999885559082,6.5,6.619999885559082,4237800,MUFG,3737
2013-04-23,6.619999885559082,6.639999866485596,6.550000190734863,6.550000190734863,7730900,MUFG,3737
2013-04-24,6.539999961853027,6.579999923706055,6.489999771118164,6.550000190734863,5661100,MUFG,3737
2013-04-25,6.699999809265137,6.75,6.650000095367432,6.650000095367432,4787100,MUFG,3737
2013-04-26,6.789999961853027,6.789999961853027,6.690000057220459,6.690000057220459,3715300,MUFG,3737
2013-04-29,6.809999942779541,6.849999904632568,6.760000228881836,6.760000228881836,3861100,MUFG,3737
2013-04-30,6.78000020980835,6.820000171661377,6.75,6.809999942779541,7293800,MUFG,3737
2013-05-01,6.699999809265137,6.739999771118164,6.670000076293945,6.730000019073486,973100,MUFG,3737
2013-05-02,6.760000228881836,6.809999942779541,6.710000038146973,6.71999979019165,1529500,MUFG,3737
2013-05-03,6.889999866485596,6.929999828338623,6.820000171661377,6.840000152587891,4867100,MUFG,3737
2013-05-06,6.829999923706055,6.880000114440918,6.820000171661377,6.880000114440918,5523300,MUFG,3737
2013-05-07,6.800000190734863,6.840000152587891,6.769999980926514,6.789999961853027,3105400,MUFG,3737
2013-05-08,6.769999980926514,6.789999961853027,6.679999828338623,6.690000057220459,2390900,MUFG,3737
2013-05-09,6.670000076293945,6.739999771118164,6.639999866485596,6.690000057220459,3580600,MUFG,3737
2013-05-10,6.699999809265137,6.71999979019165,6.639999866485596,6.690000057220459,2628000,MUFG,3737
2013-05-13,7.199999809265137,7.239999771118164,7.130000114440918,7.139999866485596,6538200,MUFG,3737
2013-05-14,7.119999885559082,7.21999979019165,7.039999961853027,7.090000152587891,3962400,MUFG,3737
2013-05-15,7.28000020980835,7.309999942779541,7.150000095367432,7.159999847412109,2492800,MUFG,3737
2013-05-16,6.820000171661377,6.980000019073486,6.789999961853027,6.960000038146973,4894700,MUFG,3737
2013-05-17,6.900000095367432,6.940000057220459,6.829999923706055,6.849999904632568,5221800,MUFG,3737
2013-05-20,6.840000152587891,6.889999866485596,6.800000190734863,6.849999904632568,3528800,MUFG,3737
2013-05-21,6.739999771118164,6.809999942779541,6.730000019073486,6.789999961853027,2364100,MUFG,3737
2013-05-22,6.75,6.940000057220459,6.710000038146973,6.860000133514404,3667100,MUFG,3737
2013-05-23,6.320000171661377,6.320000171661377,6.010000228881836,6.190000057220459,13253900,MUFG,3737
2013-05-24,6.090000152587891,6.130000114440918,5.989999771118164,6.079999923706055,5484600,MUFG,3737
2013-05-28,6.050000190734863,6.170000076293945,6.03000020980835,6.070000171661377,6834300,MUFG,3737
2013-05-29,5.989999771118164,6.010000228881836,5.889999866485596,5.949999809265137,4877500,MUFG,3737
2013-05-30,6.010000228881836,6.110000133514404,5.940000057220459,5.940000057220459,8586400,MUFG,3737
2013-05-31,5.940000057220459,6.010000228881836,5.849999904632568,5.880000114440918,6970500,MUFG,3737
2013-06-03,5.679999828338623,5.690000057220459,5.519999980926514,5.659999847412109,7576800,MUFG,3737
2013-06-04,5.989999771118164,6.139999866485596,5.96999979019165,6.059999942779541,6492100,MUFG,3737
2013-06-05,5.739999771118164,5.849999904632568,5.710000038146973,5.849999904632568,4142000,MUFG,3737
2013-06-06,5.800000190734863,5.800000190734863,5.670000076293945,5.739999771118164,4736000,MUFG,3737
2013-06-07,6.010000228881836,6.03000020980835,5.860000133514404,5.889999866485596,3454600,MUFG,3737
2013-06-10,6.099999904632568,6.199999809265137,6.019999980926514,6.190000057220459,3421600,MUFG,3737
2013-06-11,6.199999809265137,6.25,6.119999885559082,6.190000057220459,6599900,MUFG,3737
2013-06-12,6.130000114440918,6.25,6.079999923706055,6.25,4520700,MUFG,3737
2013-06-13,6.28000020980835,6.289999961853027,6.150000095367432,6.159999847412109,2821600,MUFG,3737
2013-06-14,5.949999809265137,6.059999942779541,5.949999809265137,6.050000190734863,2649800,MUFG,3737
2013-06-17,6.119999885559082,6.230000019073486,6.079999923706055,6.150000095367432,2451200,MUFG,3737
2013-06-18,6.150000095367432,6.190000057220459,6.130000114440918,6.159999847412109,2879700,MUFG,3737
2013-06-19,6.110000133514404,6.25,6.099999904632568,6.25,2371800,MUFG,3737
2013-06-20,5.849999904632568,5.989999771118164,5.840000152587891,5.980000019073486,4324200,MUFG,3737
2013-06-21,5.980000019073486,5.989999771118164,5.840000152587891,5.96999979019165,2475400,MUFG,3737
2013-06-24,5.829999923706055,5.889999866485596,5.769999980926514,5.840000152587891,3146600,MUFG,3737
2013-06-25,6.0,6.010000228881836,5.889999866485596,5.940000057220459,1558700,MUFG,3737
2013-06-26,5.960000038146973,6.010000228881836,5.929999828338623,6.0,1073300,MUFG,3737
2013-06-27,6.070000171661377,6.099999904632568,6.039999961853027,6.050000190734863,1685700,MUFG,3737
2013-06-28,6.210000038146973,6.260000228881836,6.130000114440918,6.170000076293945,3196700,MUFG,3737
2013-07-01,6.329999923706055,6.369999885559082,6.300000190734863,6.349999904632568,2574000,MUFG,3737
2013-07-02,6.320000171661377,6.380000114440918,6.230000019073486,6.369999885559082,2298100,MUFG,3737
2013-07-03,6.409999847412109,6.449999809265137,6.349999904632568,6.360000133514404,1424400,MUFG,3737
2013-07-05,6.440000057220459,6.460000038146973,6.369999885559082,6.449999809265137,1109400,MUFG,3737
2013-07-08,6.380000114440918,6.449999809265137,6.360000133514404,6.400000095367432,1419700,MUFG,3737
2013-07-09,6.449999809265137,6.480000019073486,6.429999828338623,6.46999979019165,1229000,MUFG,3737
2013-07-10,6.440000057220459,6.46999979019165,6.389999866485596,6.449999809265137,2305300,MUFG,3737
2013-07-11,6.610000133514404,6.630000114440918,6.550000190734863,6.570000171661377,1304800,MUFG,3737
2013-07-12,6.539999961853027,6.610000133514404,6.519999980926514,6.590000152587891,2183100,MUFG,3737
2013-07-15,6.670000076293945,6.690000057220459,6.570000171661377,6.570000171661377,2804100,MUFG,3737
2013-07-16,6.599999904632568,6.659999847412109,6.579999923706055,6.630000114440918,1404100,MUFG,3737
2013-07-17,6.670000076293945,6.679999828338623,6.630000114440918,6.670000076293945,757500,MUFG,3737
2013-07-18,6.730000019073486,6.75,6.690000057220459,6.699999809265137,912600,MUFG,3737
2013-07-19,6.809999942779541,6.809999942779541,6.710000038146973,6.71999979019165,1467000,MUFG,3737
2013-07-22,6.78000020980835,6.789999961853027,6.690000057220459,6.730000019073486,2349700,MUFG,3737
2013-07-23,6.739999771118164,6.78000020980835,6.71999979019165,6.769999980926514,1513300,MUFG,3737
2013-07-24,6.650000095367432,6.71999979019165,6.610000133514404,6.710000038146973,1204600,MUFG,3737
2013-07-25,6.570000171661377,6.590000152587891,6.480000019073486,6.550000190734863,1067600,MUFG,3737
2013-07-26,6.320000171661377,6.349999904632568,6.28000020980835,6.340000152587891,1498300,MUFG,3737
2013-07-29,6.119999885559082,6.179999828338623,6.110000133514404,6.139999866485596,10761900,MUFG,3737
2013-07-30,6.170000076293945,6.210000038146973,6.139999866485596,6.150000095367432,2988200,MUFG,3737
2013-07-31,6.25,6.289999961853027,6.159999847412109,6.170000076293945,1598000,MUFG,3737
2013-08-01,6.349999904632568,6.400000095367432,6.329999923706055,6.360000133514404,1901500,MUFG,3737
2013-08-02,6.420000076293945,6.429999828338623,6.360000133514404,6.389999866485596,2250100,MUFG,3737
2013-08-05,6.46999979019165,6.46999979019165,6.380000114440918,6.389999866485596,1375000,MUFG,3737
2013-08-06,6.409999847412109,6.440000057220459,6.389999866485596,6.429999828338623,726300,MUFG,3737
2013-08-07,6.289999961853027,6.360000133514404,6.28000020980835,6.320000171661377,2087800,MUFG,3737
2013-08-08,6.28000020980835,6.320000171661377,6.230000019073486,6.289999961853027,816400,MUFG,3737
2013-08-09,6.300000190734863,6.329999923706055,6.269999980926514,6.28000020980835,624200,MUFG,3737
2013-08-12,6.239999771118164,6.28000020980835,6.21999979019165,6.239999771118164,917400,MUFG,3737
2013-08-13,6.269999980926514,6.28000020980835,6.179999828338623,6.239999771118164,664100,MUFG,3737
2013-08-14,6.179999828338623,6.210000038146973,6.159999847412109,6.170000076293945,853100,MUFG,3737
2013-08-15,6.119999885559082,6.179999828338623,6.110000133514404,6.130000114440918,1417400,MUFG,3737
2013-08-16,6.139999866485596,6.150000095367432,6.090000152587891,6.110000133514404,2332100,MUFG,3737
2013-08-19,6.059999942779541,6.130000114440918,6.03000020980835,6.110000133514404,3039000,MUFG,3737
2013-08-20,6.070000171661377,6.090000152587891,6.010000228881836,6.019999980926514,1500600,MUFG,3737
2013-08-21,5.929999828338623,6.0,5.909999847412109,6.0,1389200,MUFG,3737
2013-08-22,6.059999942779541,6.079999923706055,6.039999961853027,6.050000190734863,673700,MUFG,3737
2013-08-23,6.150000095367432,6.170000076293945,6.099999904632568,6.119999885559082,1143600,MUFG,3737
2013-08-26,6.059999942779541,6.099999904632568,6.039999961853027,6.070000171661377,2016000,MUFG,3737
2013-08-27,6.010000228881836,6.050000190734863,5.989999771118164,6.03000020980835,1990200,MUFG,3737
2013-08-28,5.989999771118164,6.03000020980835,5.949999809265137,5.96999979019165,745700,MUFG,3737
2013-08-29,5.949999809265137,5.989999771118164,5.940000057220459,5.940000057220459,455200,MUFG,3737
2013-08-30,5.829999923706055,5.880000114440918,5.820000171661377,5.880000114440918,796500,MUFG,3737
2013-09-03,6.090000152587891,6.110000133514404,6.050000190734863,6.070000171661377,2275600,MUFG,3737
2013-09-04,6.269999980926514,6.28000020980835,6.170000076293945,6.170000076293945,1680900,MUFG,3737
2013-09-05,6.21999979019165,6.239999771118164,6.159999847412109,6.159999847412109,2281300,MUFG,3737
2013-09-06,6.210000038146973,6.25,6.139999866485596,6.179999828338623,1053100,MUFG,3737
2013-09-09,6.340000152587891,6.340000152587891,6.239999771118164,6.25,1068000,MUFG,3737
2013-09-10,6.429999828338623,6.440000057220459,6.400000095367432,6.409999847412109,1464500,MUFG,3737
2013-09-11,6.349999904632568,6.369999885559082,6.300000190734863,6.349999904632568,649700,MUFG,3737
2013-09-12,6.360000133514404,6.380000114440918,6.309999942779541,6.340000152587891,1670800,MUFG,3737
2013-09-13,6.320000171661377,6.369999885559082,6.320000171661377,6.340000152587891,803300,MUFG,3737
2013-09-16,6.420000076293945,6.460000038146973,6.389999866485596,6.420000076293945,562800,MUFG,3737
2013-09-17,6.429999828338623,6.429999828338623,6.369999885559082,6.380000114440918,773500,MUFG,3737
2013-09-18,6.670000076293945,6.690000057220459,6.460000038146973,6.46999979019165,3012800,MUFG,3737
2013-09-19,6.630000114440918,6.650000095367432,6.590000152587891,6.610000133514404,939400,MUFG,3737
2013-09-20,6.559999942779541,6.619999885559082,6.539999961853027,6.619999885559082,725900,MUFG,3737
2013-09-23,6.559999942779541,6.570000171661377,6.510000228881836,6.550000190734863,889800,MUFG,3737
2013-09-24,6.579999923706055,6.610000133514404,6.539999961853027,6.579999923706055,509200,MUFG,3737
2013-09-25,6.519999980926514,6.570000171661377,6.5,6.570000171661377,512200,MUFG,3737
2013-09-26,6.610000133514404,6.619999885559082,6.559999942779541,6.559999942779541,941000,MUFG,3737
2013-09-27,6.519999980926514,6.550000190734863,6.489999771118164,6.5,996200,MUFG,3737
2013-09-30,6.409999847412109,6.420000076293945,6.349999904632568,6.389999866485596,599600,MUFG,3737
2013-10-01,6.369999885559082,6.389999866485596,6.340000152587891,6.360000133514404,451900,MUFG,3737
2013-10-02,6.349999904632568,6.349999904632568,6.260000228881836,6.300000190734863,847200,MUFG,3737
2013-10-03,6.300000190734863,6.329999923706055,6.269999980926514,6.320000171661377,583100,MUFG,3737
2013-10-04,6.329999923706055,6.340000152587891,6.260000228881836,6.260000228881836,630900,MUFG,3737
2013-10-07,6.25,6.260000228881836,6.210000038146973,6.230000019073486,432700,MUFG,3737
2013-10-08,6.230000019073486,6.28000020980835,6.199999809265137,6.25,565300,MUFG,3737
2013-10-09,6.409999847412109,6.420000076293945,6.329999923706055,6.349999904632568,869700,MUFG,3737
2013-10-10,6.420000076293945,6.429999828338623,6.360000133514404,6.389999866485596,525500,MUFG,3737
2013-10-11,6.5,6.510000228881836,6.449999809265137,6.449999809265137,344500,MUFG,3737
2013-10-14,6.53000020980835,6.550000190734863,6.429999828338623,6.449999809265137,504400,MUFG,3737
2013-10-15,6.429999828338623,6.460000038146973,6.400000095367432,6.440000057220459,480000,MUFG,3737
2013-10-16,6.489999771118164,6.489999771118164,6.400000095367432,6.420000076293945,1441300,MUFG,3737
2013-10-17,6.590000152587891,6.590000152587891,6.5,6.519999980926514,2483700,MUFG,3737
2013-10-18,6.590000152587891,6.610000133514404,6.559999942779541,6.570000171661377,907900,MUFG,3737
2013-10-21,6.510000228881836,6.53000020980835,6.489999771118164,6.5,687100,MUFG,3737
2013-10-22,6.559999942779541,6.579999923706055,6.539999961853027,6.570000171661377,984300,MUFG,3737
2013-10-23,6.420000076293945,6.449999809265137,6.369999885559082,6.440000057220459,965900,MUFG,3737
2013-10-24,6.440000057220459,6.46999979019165,6.400000095367432,6.420000076293945,855700,MUFG,3737
2013-10-25,6.380000114440918,6.420000076293945,6.360000133514404,6.360000133514404,903000,MUFG,3737
2013-10-28,6.400000095367432,6.449999809265137,6.389999866485596,6.409999847412109,2323500,MUFG,3737
2013-10-29,6.449999809265137,6.449999809265137,6.389999866485596,6.409999847412109,897900,MUFG,3737
2013-10-30,6.429999828338623,6.460000038146973,6.400000095367432,6.429999828338623,1151300,MUFG,3737
2013-10-31,6.400000095367432,6.440000057220459,6.360000133514404,6.400000095367432,1184300,MUFG,3737
2013-11-01,6.360000133514404,6.360000133514404,6.300000190734863,6.320000171661377,723100,MUFG,3737
2013-11-04,6.360000133514404,6.369999885559082,6.309999942779541,6.360000133514404,580600,MUFG,3737
2013-11-05,6.25,6.260000228881836,6.210000038146973,6.239999771118164,838900,MUFG,3737
2013-11-06,6.320000171661377,6.340000152587891,6.289999961853027,6.289999961853027,1157200,MUFG,3737
2013-11-07,6.210000038146973,6.289999961853027,6.210000038146973,6.28000020980835,1839500,MUFG,3737
2013-11-08,6.239999771118164,6.260000228881836,6.179999828338623,6.199999809265137,843400,MUFG,3737
2013-11-11,6.239999771118164,6.25,6.21999979019165,6.230000019073486,468300,MUFG,3737
2013-11-12,6.329999923706055,6.329999923706055,6.28000020980835,6.28000020980835,1332600,MUFG,3737
2013-11-13,6.53000020980835,6.539999961853027,6.380000114440918,6.389999866485596,3376500,MUFG,3737
2013-11-14,6.489999771118164,6.639999866485596,6.429999828338623,6.510000228881836,4877600,MUFG,3737
2013-11-15,6.659999847412109,6.659999847412109,6.599999904632568,6.610000133514404,2704700,MUFG,3737
2013-11-18,6.679999828338623,6.739999771118164,6.650000095367432,6.650000095367432,2164800,MUFG,3737
2013-11-19,6.610000133514404,6.650000095367432,6.590000152587891,6.610000133514404,946700,MUFG,3737
2013-11-20,6.579999923706055,6.619999885559082,6.53000020980835,6.579999923706055,814400,MUFG,3737
2013-11-21,6.659999847412109,6.670000076293945,6.579999923706055,6.579999923706055,2398200,MUFG,3737
2013-11-22,6.559999942779541,6.579999923706055,6.510000228881836,6.53000020980835,3491200,MUFG,3737
2013-11-25,6.489999771118164,6.53000020980835,6.480000019073486,6.510000228881836,2975900,MUFG,3737
2013-11-26,6.550000190734863,6.570000171661377,6.510000228881836,6.510000228881836,1674500,MUFG,3737
2013-11-27,6.489999771118164,6.510000228881836,6.460000038146973,6.480000019073486,1653000,MUFG,3737
2013-11-29,6.489999771118164,6.559999942779541,6.46999979019165,6.480000019073486,722200,MUFG,3737
2013-12-02,6.449999809265137,6.539999961853027,6.440000057220459,6.5,1084600,MUFG,3737
2013-12-03,6.409999847412109,6.429999828338623,6.349999904632568,6.420000076293945,1823700,MUFG,3737
2013-12-04,6.320000171661377,6.380000114440918,6.28000020980835,6.309999942779541,967500,MUFG,3737
2013-12-05,6.300000190734863,6.329999923706055,6.269999980926514,6.300000190734863,714300,MUFG,3737
2013-12-06,6.360000133514404,6.389999866485596,6.329999923706055,6.340000152587891,2049600,MUFG,3737
2013-12-09,6.340000152587891,6.349999904632568,6.309999942779541,6.349999904632568,626200,MUFG,3737
2013-12-10,6.300000190734863,6.329999923706055,6.190000057220459,6.260000228881836,1269900,MUFG,3737
2013-12-11,6.25,6.289999961853027,6.21999979019165,6.289999961853027,1408200,MUFG,3737
2013-12-12,6.28000020980835,6.320000171661377,6.25,6.25,1056000,MUFG,3737
2013-12-13,6.159999847412109,6.199999809265137,6.130000114440918,6.170000076293945,1584900,MUFG,3737
2013-12-16,6.190000057220459,6.21999979019165,6.139999866485596,6.139999866485596,893500,MUFG,3737
2013-12-17,6.150000095367432,6.179999828338623,6.130000114440918,6.170000076293945,507000,MUFG,3737
2013-12-18,6.369999885559082,6.409999847412109,6.230000019073486,6.230000019073486,2764100,MUFG,3737
2013-12-19,6.300000190734863,6.349999904632568,6.28000020980835,6.309999942779541,1376200,MUFG,3737
2013-12-20,6.329999923706055,6.329999923706055,6.269999980926514,6.309999942779541,971700,MUFG,3737
2013-12-23,6.349999904632568,6.369999885559082,6.329999923706055,6.329999923706055,926100,MUFG,3737
2013-12-24,6.28000020980835,6.309999942779541,6.269999980926514,6.269999980926514,458200,MUFG,3737
2013-12-26,6.449999809265137,6.480000019073486,6.340000152587891,6.380000114440918,1796000,MUFG,3737
2013-12-27,6.510000228881836,6.539999961853027,6.46999979019165,6.5,1187800,MUFG,3737
2013-12-30,6.670000076293945,6.690000057220459,6.639999866485596,6.659999847412109,1564700,MUFG,3737
2013-12-31,6.679999828338623,6.690000057220459,6.630000114440918,6.659999847412109,627800,MUFG,3737
2014-01-02,6.570000171661377,6.639999866485596,6.53000020980835,6.619999885559082,1128300,MUFG,3737
2014-01-03,6.559999942779541,6.590000152587891,6.519999980926514,6.590000152587891,601500,MUFG,3737
2014-01-06,6.550000190734863,6.619999885559082,6.519999980926514,6.619999885559082,1300700,MUFG,3737
2014-01-07,6.53000020980835,6.559999942779541,6.5,6.550000190734863,1075000,MUFG,3737
2014-01-08,6.570000171661377,6.610000133514404,6.539999961853027,6.570000171661377,2164000,MUFG,3737
2014-01-09,6.46999979019165,6.539999961853027,6.460000038146973,6.53000020980835,713800,MUFG,3737
2014-01-10,6.550000190734863,6.570000171661377,6.510000228881836,6.570000171661377,1406600,MUFG,3737
2014-01-13,6.480000019073486,6.53000020980835,6.480000019073486,6.519999980926514,3423600,MUFG,3737
2014-01-14,6.5,6.519999980926514,6.449999809265137,6.46999979019165,1847500,MUFG,3737
2014-01-15,6.5,6.53000020980835,6.46999979019165,6.489999771118164,2058400,MUFG,3737
2014-01-16,6.460000038146973,6.46999979019165,6.400000095367432,6.460000038146973,1184700,MUFG,3737
2014-01-17,6.480000019073486,6.53000020980835,6.46999979019165,6.510000228881836,1400100,MUFG,3737
2014-01-21,6.429999828338623,6.46999979019165,6.400000095367432,6.46999979019165,647600,MUFG,3737
2014-01-22,6.5,6.5,6.460000038146973,6.5,712700,MUFG,3737
2014-01-23,6.369999885559082,6.440000057220459,6.340000152587891,6.429999828338623,5319900,MUFG,3737
2014-01-24,6.309999942779541,6.329999923706055,6.289999961853027,6.320000171661377,3029800,MUFG,3737
2014-01-27,6.179999828338623,6.239999771118164,6.130000114440918,6.230000019073486,2030100,MUFG,3737
2014-01-28,6.230000019073486,6.239999771118164,6.159999847412109,6.170000076293945,1793200,MUFG,3737
2014-01-29,6.21999979019165,6.260000228881836,6.190000057220459,6.239999771118164,3014100,MUFG,3737
2014-01-30,6.170000076293945,6.199999809265137,6.130000114440918,6.170000076293945,1174200,MUFG,3737
2014-01-31,6.039999961853027,6.079999923706055,5.980000019073486,6.03000020980835,1395700,MUFG,3737
2014-02-03,5.880000114440918,6.010000228881836,5.829999923706055,5.989999771118164,2473800,MUFG,3737
2014-02-04,5.900000095367432,5.909999847412109,5.78000020980835,5.860000133514404,2148100,MUFG,3737
2014-02-05,5.900000095367432,5.900000095367432,5.820000171661377,5.860000133514404,1525900,MUFG,3737
2014-02-06,5.869999885559082,5.889999866485596,5.809999942779541,5.820000171661377,1708700,MUFG,3737
2014-02-07,5.960000038146973,5.989999771118164,5.909999847412109,5.920000076293945,1484300,MUFG,3737
2014-02-10,5.900000095367432,5.949999809265137,5.869999885559082,5.949999809265137,4189900,MUFG,3737
2014-02-11,6.0,6.010000228881836,5.920000076293945,5.929999828338623,2504800,MUFG,3737
2014-02-12,5.989999771118164,6.0,5.949999809265137,5.980000019073486,7005300,MUFG,3737
2014-02-13,5.929999828338623,5.929999828338623,5.860000133514404,5.860000133514404,5605100,MUFG,3737
2014-02-14,5.840000152587891,5.849999904632568,5.78000020980835,5.800000190734863,1237000,MUFG,3737
2014-02-18,6.130000114440918,6.150000095367432,6.050000190734863,6.099999904632568,2780500,MUFG,3737
2014-02-19,6.03000020980835,6.110000133514404,6.019999980926514,6.090000152587891,1269900,MUFG,3737
2014-02-20,5.920000076293945,5.949999809265137,5.900000095367432,5.920000076293945,1275800,MUFG,3737
2014-02-21,5.909999847412109,5.980000019073486,5.900000095367432,5.960000038146973,790600,MUFG,3737
2014-02-24,5.909999847412109,5.949999809265137,5.900000095367432,5.909999847412109,677600,MUFG,3737
2014-02-25,5.940000057220459,5.960000038146973,5.929999828338623,5.949999809265137,1481700,MUFG,3737
2014-02-26,5.869999885559082,5.920000076293945,5.869999885559082,5.920000076293945,933200,MUFG,3737
2014-02-27,5.800000190734863,5.829999923706055,5.800000190734863,5.820000171661377,1289400,MUFG,3737
2014-02-28,5.820000171661377,5.869999885559082,5.769999980926514,5.809999942779541,3160800,MUFG,3737
2014-03-03,5.75,5.78000020980835,5.699999809265137,5.75,2964700,MUFG,3737
2014-03-04,5.840000152587891,5.849999904632568,5.789999961853027,5.800000190734863,1556500,MUFG,3737
2014-03-05,5.730000019073486,5.769999980926514,5.71999979019165,5.760000228881836,1929800,MUFG,3737
2014-03-06,5.929999828338623,5.960000038146973,5.889999866485596,5.889999866485596,1882700,MUFG,3737
2014-03-07,5.840000152587891,5.889999866485596,5.820000171661377,5.880000114440918,1750800,MUFG,3737
2014-03-10,5.809999942779541,5.840000152587891,5.789999961853027,5.809999942779541,861200,MUFG,3737
2014-03-11,5.760000228881836,5.800000190734863,5.739999771118164,5.789999961853027,1291200,MUFG,3737
2014-03-12,5.679999828338623,5.699999809265137,5.650000095367432,5.699999809265137,1265500,MUFG,3737
2014-03-13,5.599999904632568,5.679999828338623,5.559999942779541,5.670000076293945,1870800,MUFG,3737
2014-03-14,5.53000020980835,5.550000190734863,5.5,5.510000228881836,1988900,MUFG,3737
2014-03-17,5.590000152587891,5.599999904632568,5.519999980926514,5.550000190734863,1500300,MUFG,3737
2014-03-18,5.550000190734863,5.559999942779541,5.510000228881836,5.519999980926514,1475100,MUFG,3737
2014-03-19,5.519999980926514,5.559999942779541,5.489999771118164,5.559999942779541,1497500,MUFG,3737
2014-03-20,5.409999847412109,5.420000076293945,5.340000152587891,5.369999885559082,2139400,MUFG,3737
2014-03-21,5.389999866485596,5.460000038146973,5.389999866485596,5.400000095367432,1883100,MUFG,3737
2014-03-24,5.260000228881836,5.28000020980835,5.190000057220459,5.260000228881836,2119400,MUFG,3737
2014-03-25,5.340000152587891,5.340000152587891,5.289999961853027,5.300000190734863,2574400,MUFG,3737
2014-03-26,5.25,5.349999904632568,5.25,5.309999942779541,1419800,MUFG,3737
2014-03-27,5.289999961853027,5.300000190734863,5.25,5.25,991700,MUFG,3737
2014-03-28,5.420000076293945,5.46999979019165,5.400000095367432,5.409999847412109,1155400,MUFG,3737
2014-03-31,5.539999961853027,5.539999961853027,5.480000019073486,5.480000019073486,2154200,MUFG,3737
2014-04-01,5.510000228881836,5.53000020980835,5.489999771118164,5.510000228881836,1660100,MUFG,3737
2014-04-02,5.619999885559082,5.619999885559082,5.559999942779541,5.559999942779541,1269400,MUFG,3737
2014-04-03,5.579999923706055,5.619999885559082,5.550000190734863,5.590000152587891,1091500,MUFG,3737
2014-04-04,5.539999961853027,5.630000114440918,5.53000020980835,5.630000114440918,2117100,MUFG,3737
2014-04-07,5.46999979019165,5.519999980926514,5.460000038146973,5.519999980926514,3053800,MUFG,3737
2014-04-08,5.369999885559082,5.420000076293945,5.360000133514404,5.409999847412109,2558500,MUFG,3737
2014-04-09,5.409999847412109,5.420000076293945,5.340000152587891,5.349999904632568,2031400,MUFG,3737
2014-04-10,5.269999980926514,5.380000114440918,5.269999980926514,5.369999885559082,2176100,MUFG,3737
2014-04-11,5.21999979019165,5.269999980926514,5.210000038146973,5.25,2010700,MUFG,3737
2014-04-14,5.360000133514404,5.380000114440918,5.309999942779541,5.320000171661377,1298200,MUFG,3737
2014-04-15,5.400000095367432,5.400000095367432,5.320000171661377,5.380000114440918,1219200,MUFG,3737
2014-04-16,5.559999942779541,5.570000171661377,5.510000228881836,5.559999942779541,1049400,MUFG,3737
2014-04-17,5.559999942779541,5.559999942779541,5.519999980926514,5.550000190734863,587300,MUFG,3737
2014-04-21,5.480000019073486,5.5,5.449999809265137,5.5,1222400,MUFG,3737
2014-04-22,5.400000095367432,5.400000095367432,5.349999904632568,5.380000114440918,1479700,MUFG,3737
2014-04-23,5.480000019073486,5.5,5.449999809265137,5.449999809265137,2148600,MUFG,3737
2014-04-24,5.389999866485596,5.449999809265137,5.369999885559082,5.429999828338623,1226200,MUFG,3737
2014-04-25,5.329999923706055,5.380000114440918,5.320000171661377,5.369999885559082,1161500,MUFG,3737
2014-04-28,5.329999923706055,5.329999923706055,5.28000020980835,5.329999923706055,1322500,MUFG,3737
2014-04-29,5.360000133514404,5.380000114440918,5.329999923706055,5.340000152587891,1150100,MUFG,3737
2014-04-30,5.349999904632568,5.349999904632568,5.289999961853027,5.309999942779541,989400,MUFG,3737
2014-05-01,5.400000095367432,5.440000057220459,5.369999885559082,5.389999866485596,8372900,MUFG,3737
2014-05-02,5.510000228881836,5.539999961853027,5.480000019073486,5.519999980926514,1693600,MUFG,3737
2014-05-05,5.5,5.510000228881836,5.46999979019165,5.489999771118164,529900,MUFG,3737
2014-05-06,5.480000019073486,5.489999771118164,5.460000038146973,5.480000019073486,938500,MUFG,3737
2014-05-07,5.409999847412109,5.420000076293945,5.369999885559082,5.400000095367432,1329300,MUFG,3737
2014-05-08,5.429999828338623,5.460000038146973,5.409999847412109,5.440000057220459,826600,MUFG,3737
2014-05-09,5.449999809265137,5.46999979019165,5.429999828338623,5.46999979019165,2016400,MUFG,3737
2014-05-12,5.559999942779541,5.559999942779541,5.5,5.5,1243400,MUFG,3737
2014-05-13,5.630000114440918,5.650000095367432,5.599999904632568,5.610000133514404,1296000,MUFG,3737
2014-05-14,5.679999828338623,5.730000019073486,5.659999847412109,5.670000076293945,3671600,MUFG,3737
2014-05-15,5.619999885559082,5.650000095367432,5.599999904632568,5.650000095367432,1476900,MUFG,3737
2014-05-16,5.539999961853027,5.539999961853027,5.510000228881836,5.53000020980835,1105600,MUFG,3737
2014-05-19,5.489999771118164,5.489999771118164,5.429999828338623,5.460000038146973,890300,MUFG,3737
2014-05-20,5.349999904632568,5.389999866485596,5.329999923706055,5.380000114440918,1722400,MUFG,3737
2014-05-21,5.449999809265137,5.460000038146973,5.400000095367432,5.409999847412109,917200,MUFG,3737
2014-05-22,5.510000228881836,5.53000020980835,5.460000038146973,5.46999979019165,2413300,MUFG,3737
2014-05-23,5.619999885559082,5.639999866485596,5.579999923706055,5.590000152587891,1322400,MUFG,3737
2014-05-27,5.650000095367432,5.659999847412109,5.599999904632568,5.659999847412109,1596500,MUFG,3737
2014-05-28,5.570000171661377,5.639999866485596,5.559999942779541,5.639999866485596,848800,MUFG,3737
2014-05-29,5.659999847412109,5.690000057220459,5.630000114440918,5.679999828338623,820800,MUFG,3737
2014-05-30,5.630000114440918,5.670000076293945,5.630000114440918,5.650000095367432,402000,MUFG,3737
2014-06-02,5.730000019073486,5.739999771118164,5.690000057220459,5.710000038146973,945100,MUFG,3737
2014-06-03,5.800000190734863,5.800000190734863,5.760000228881836,5.760000228881836,785100,MUFG,3737
2014-06-04,5.820000171661377,5.820000171661377,5.769999980926514,5.789999961853027,1074400,MUFG,3737
2014-06-05,5.820000171661377,5.829999923706055,5.769999980926514,5.800000190734863,886300,MUFG,3737
2014-06-06,5.880000114440918,5.889999866485596,5.820000171661377,5.840000152587891,1169800,MUFG,3737
2014-06-09,5.929999828338623,5.96999979019165,5.860000133514404,5.880000114440918,5716400,MUFG,3737
2014-06-10,5.889999866485596,5.920000076293945,5.869999885559082,5.889999866485596,1556500,MUFG,3737
2014-06-11,5.940000057220459,5.96999979019165,5.929999828338623,5.949999809265137,2107000,MUFG,3737
2014-06-12,6.03000020980835,6.079999923706055,6.010000228881836,6.070000171661377,1996000,MUFG,3737
2014-06-13,6.03000020980835,6.050000190734863,6.03000020980835,6.039999961853027,1473600,MUFG,3737
2014-06-16,6.019999980926514,6.059999942779541,6.010000228881836,6.039999961853027,1481000,MUFG,3737
2014-06-17,6.0,6.0,5.949999809265137,5.960000038146973,726100,MUFG,3737
2014-06-18,6.099999904632568,6.110000133514404,6.039999961853027,6.050000190734863,1584300,MUFG,3737
2014-06-19,6.230000019073486,6.239999771118164,6.190000057220459,6.199999809265137,1072400,MUFG,3737
2014-06-20,6.269999980926514,6.269999980926514,6.210000038146973,6.25,1303300,MUFG,3737
2014-06-23,6.210000038146973,6.230000019073486,6.150000095367432,6.179999828338623,1114400,MUFG,3737
2014-06-24,6.130000114440918,6.179999828338623,6.130000114440918,6.159999847412109,842700,MUFG,3737
2014-06-25,6.139999866485596,6.139999866485596,6.079999923706055,6.090000152587891,726100,MUFG,3737
2014-06-26,6.090000152587891,6.119999885559082,6.090000152587891,6.110000133514404,917800,MUFG,3737
2014-06-27,6.079999923706055,6.090000152587891,6.059999942779541,6.079999923706055,735100,MUFG,3737
2014-06-30,6.150000095367432,6.150000095367432,6.099999904632568,6.099999904632568,1299300,MUFG,3737
2014-07-01,6.260000228881836,6.260000228881836,6.179999828338623,6.179999828338623,937100,MUFG,3737
2014-07-02,6.28000020980835,6.309999942779541,6.239999771118164,6.239999771118164,2773700,MUFG,3737
2014-07-03,6.230000019073486,6.239999771118164,6.170000076293945,6.179999828338623,2181300,MUFG,3737
2014-07-07,6.099999904632568,6.150000095367432,6.079999923706055,6.139999866485596,1981100,MUFG,3737
2014-07-08,6.099999904632568,6.139999866485596,6.079999923706055,6.130000114440918,1029500,MUFG,3737
2014-07-09,6.039999961853027,6.079999923706055,6.039999961853027,6.079999923706055,2775700,MUFG,3737
2014-07-10,5.909999847412109,5.929999828338623,5.900000095367432,5.909999847412109,2049300,MUFG,3737
2014-07-11,5.900000095367432,5.920000076293945,5.880000114440918,5.909999847412109,765400,MUFG,3737
2014-07-14,5.940000057220459,5.949999809265137,5.920000076293945,5.949999809265137,726100,MUFG,3737
2014-07-15,5.980000019073486,5.989999771118164,5.949999809265137,5.96999979019165,954000,MUFG,3737
2014-07-16,5.980000019073486,5.980000019073486,5.960000038146973,5.96999979019165,310800,MUFG,3737
2014-07-17,5.909999847412109,5.960000038146973,5.880000114440918,5.949999809265137,859500,MUFG,3737
2014-07-18,5.949999809265137,5.949999809265137,5.909999847412109,5.909999847412109,582900,MUFG,3737
2014-07-21,5.920000076293945,5.929999828338623,5.889999866485596,5.900000095367432,416800,MUFG,3737
2014-07-22,5.889999866485596,5.900000095367432,5.849999904632568,5.889999866485596,913200,MUFG,3737
2014-07-23,5.869999885559082,5.889999866485596,5.860000133514404,5.880000114440918,863500,MUFG,3737
2014-07-24,5.860000133514404,5.889999866485596,5.860000133514404,5.880000114440918,410600,MUFG,3737
2014-07-25,5.849999904632568,5.880000114440918,5.840000152587891,5.869999885559082,680400,MUFG,3737
2014-07-28,5.96999979019165,5.96999979019165,5.920000076293945,5.920000076293945,1180200,MUFG,3737
2014-07-29,5.889999866485596,5.960000038146973,5.889999866485596,5.960000038146973,1241900,MUFG,3737
2014-07-30,5.96999979019165,5.980000019073486,5.929999828338623,5.929999828338623,792900,MUFG,3737
2014-07-31,5.900000095367432,5.989999771118164,5.900000095367432,5.960000038146973,597400,MUFG,3737
2014-08-01,5.980000019073486,6.03000020980835,5.960000038146973,5.980000019073486,1130600,MUFG,3737
2014-08-04,5.909999847412109,5.909999847412109,5.849999904632568,5.889999866485596,638300,MUFG,3737
2014-08-05,5.800000190734863,5.889999866485596,5.789999961853027,5.889999866485596,1063400,MUFG,3737
2014-08-06,5.730000019073486,5.739999771118164,5.690000057220459,5.71999979019165,2212500,MUFG,3737
2014-08-07,5.71999979019165,5.789999961853027,5.699999809265137,5.789999961853027,1258700,MUFG,3737
2014-08-08,5.690000057220459,5.690000057220459,5.639999866485596,5.650000095367432,605100,MUFG,3737
2014-08-11,5.71999979019165,5.739999771118164,5.710000038146973,5.710000038146973,687100,MUFG,3737
2014-08-12,5.71999979019165,5.78000020980835,5.71999979019165,5.730000019073486,885600,MUFG,3737
2014-08-13,5.800000190734863,5.829999923706055,5.789999961853027,5.800000190734863,1448700,MUFG,3737
2014-08-14,5.75,5.800000190734863,5.739999771118164,5.789999961853027,2071100,MUFG,3737
2014-08-15,5.71999979019165,5.769999980926514,5.699999809265137,5.739999771118164,5354200,MUFG,3737
2014-08-18,5.78000020980835,5.789999961853027,5.75,5.760000228881836,1964500,MUFG,3737
2014-08-19,5.769999980926514,5.78000020980835,5.739999771118164,5.75,922700,MUFG,3737
2014-08-20,5.710000038146973,5.71999979019165,5.690000057220459,5.71999979019165,611900,MUFG,3737
2014-08-21,5.809999942779541,5.820000171661377,5.769999980926514,5.769999980926514,734700,MUFG,3737
2014-08-22,5.800000190734863,5.820000171661377,5.789999961853027,5.800000190734863,861800,MUFG,3737
2014-08-25,5.809999942779541,5.820000171661377,5.800000190734863,5.809999942779541,349700,MUFG,3737
2014-08-26,5.75,5.760000228881836,5.75,5.760000228881836,390300,MUFG,3737
2014-08-27,5.730000019073486,5.760000228881836,5.71999979019165,5.760000228881836,400200,MUFG,3737
2014-08-28,5.710000038146973,5.71999979019165,5.699999809265137,5.710000038146973,2787500,MUFG,3737
2014-08-29,5.769999980926514,5.769999980926514,5.730000019073486,5.739999771118164,907600,MUFG,3737
2014-09-02,5.829999923706055,5.860000133514404,5.800000190734863,5.820000171661377,1872000,MUFG,3737
2014-09-03,5.860000133514404,5.889999866485596,5.840000152587891,5.869999885559082,1996300,MUFG,3737
2014-09-04,5.809999942779541,5.849999904632568,5.789999961853027,5.849999904632568,1070300,MUFG,3737
2014-09-05,5.769999980926514,5.769999980926514,5.730000019073486,5.75,571500,MUFG,3737
2014-09-08,5.769999980926514,5.789999961853027,5.75,5.789999961853027,1171300,MUFG,3737
2014-09-09,5.639999866485596,5.699999809265137,5.630000114440918,5.699999809265137,1055400,MUFG,3737
2014-09-10,5.730000019073486,5.739999771118164,5.690000057220459,5.710000038146973,972200,MUFG,3737
2014-09-11,5.789999961853027,5.800000190734863,5.739999771118164,5.75,1092800,MUFG,3737
2014-09-12,5.800000190734863,5.820000171661377,5.769999980926514,5.769999980926514,1731700,MUFG,3737
2014-09-15,5.800000190734863,5.809999942779541,5.769999980926514,5.809999942779541,1286300,MUFG,3737
2014-09-16,5.739999771118164,5.760000228881836,5.71999979019165,5.739999771118164,681900,MUFG,3737
2014-09-17,5.670000076293945,5.710000038146973,5.650000095367432,5.699999809265137,1501500,MUFG,3737
2014-09-18,5.769999980926514,5.78000020980835,5.71999979019165,5.730000019073486,1456700,MUFG,3737
2014-09-19,5.75,5.800000190734863,5.75,5.769999980926514,1166100,MUFG,3737
2014-09-22,5.789999961853027,5.849999904632568,5.769999980926514,5.840000152587891,2608200,MUFG,3737
2014-09-23,5.769999980926514,5.800000190734863,5.75,5.789999961853027,866100,MUFG,3737
2014-09-24,5.800000190734863,5.820000171661377,5.760000228881836,5.789999961853027,1202400,MUFG,3737
2014-09-25,5.730000019073486,5.800000190734863,5.699999809265137,5.789999961853027,1712300,MUFG,3737
2014-09-26,5.71999979019165,5.730000019073486,5.690000057220459,5.71999979019165,7151400,MUFG,3737
2014-09-29,5.619999885559082,5.650000095367432,5.599999904632568,5.639999866485596,1049600,MUFG,3737
2014-09-30,5.610000133514404,5.619999885559082,5.579999923706055,5.619999885559082,1021200,MUFG,3737
2014-10-01,5.559999942779541,5.610000133514404,5.539999961853027,5.610000133514404,755600,MUFG,3737
2014-10-02,5.46999979019165,5.46999979019165,5.389999866485596,5.46999979019165,2068400,MUFG,3737
2014-10-03,5.519999980926514,5.53000020980835,5.5,5.510000228881836,1398900,MUFG,3737
2014-10-06,5.539999961853027,5.570000171661377,5.519999980926514,5.559999942779541,1108700,MUFG,3737
2014-10-07,5.53000020980835,5.559999942779541,5.519999980926514,5.550000190734863,1677400,MUFG,3737
2014-10-08,5.610000133514404,5.610000133514404,5.5,5.519999980926514,1220000,MUFG,3737
2014-10-09,5.46999979019165,5.539999961853027,5.449999809265137,5.519999980926514,875700,MUFG,3737
2014-10-10,5.340000152587891,5.429999828338623,5.329999923706055,5.420000076293945,9950000,MUFG,3737
2014-10-13,5.320000171661377,5.389999866485596,5.300000190734863,5.380000114440918,2063800,MUFG,3737
2014-10-14,5.340000152587891,5.369999885559082,5.309999942779541,5.349999904632568,1023900,MUFG,3737
2014-10-15,5.300000190734863,5.320000171661377,5.21999979019165,5.289999961853027,1962200,MUFG,3737
2014-10-16,5.230000019073486,5.25,5.130000114440918,5.159999847412109,889500,MUFG,3737
2014-10-17,5.25,5.260000228881836,5.199999809265137,5.210000038146973,2413700,MUFG,3737
2014-10-20,5.340000152587891,5.360000133514404,5.28000020980835,5.28000020980835,1067000,MUFG,3737
2014-10-21,5.369999885559082,5.369999885559082,5.320000171661377,5.340000152587891,835300,MUFG,3737
2014-10-22,5.340000152587891,5.400000095367432,5.329999923706055,5.380000114440918,892200,MUFG,3737
2014-10-23,5.409999847412109,5.429999828338623,5.380000114440918,5.380000114440918,735100,MUFG,3737
2014-10-24,5.429999828338623,5.449999809265137,5.380000114440918,5.389999866485596,1281300,MUFG,3737
2014-10-27,5.409999847412109,5.440000057220459,5.380000114440918,5.409999847412109,497000,MUFG,3737
2014-10-28,5.46999979019165,5.5,5.460000038146973,5.460000038146973,2055000,MUFG,3737
2014-10-29,5.519999980926514,5.559999942779541,5.480000019073486,5.53000020980835,945300,MUFG,3737
2014-10-30,5.579999923706055,5.610000133514404,5.519999980926514,5.53000020980835,1830700,MUFG,3737
2014-10-31,5.880000114440918,5.920000076293945,5.789999961853027,5.789999961853027,3203200,MUFG,3737
2014-11-03,5.900000095367432,5.920000076293945,5.849999904632568,5.880000114440918,2105700,MUFG,3737
2014-11-04,5.599999904632568,5.610000133514404,5.559999942779541,5.579999923706055,2784900,MUFG,3737
2014-11-05,5.579999923706055,5.599999904632568,5.559999942779541,5.579999923706055,1668900,MUFG,3737
2014-11-06,5.460000038146973,5.480000019073486,5.449999809265137,5.460000038146973,1833800,MUFG,3737
2014-11-07,5.460000038146973,5.46999979019165,5.420000076293945,5.449999809265137,1962800,MUFG,3737
2014-11-10,5.53000020980835,5.550000190734863,5.5,5.510000228881836,1185800,MUFG,3737
2014-11-11,5.550000190734863,5.570000171661377,5.510000228881836,5.53000020980835,1536200,MUFG,3737
2014-11-12,5.510000228881836,5.519999980926514,5.480000019073486,5.489999771118164,895100,MUFG,3737
2014-11-13,5.570000171661377,5.590000152587891,5.53000020980835,5.570000171661377,953800,MUFG,3737
2014-11-14,5.809999942779541,5.840000152587891,5.670000076293945,5.699999809265137,4981200,MUFG,3737
2014-11-17,5.699999809265137,5.71999979019165,5.679999828338623,5.699999809265137,1806700,MUFG,3737
2014-11-18,5.75,5.769999980926514,5.710000038146973,5.739999771118164,873500,MUFG,3737
2014-11-19,5.71999979019165,5.730000019073486,5.699999809265137,5.71999979019165,1032400,MUFG,3737
2014-11-20,5.630000114440918,5.650000095367432,5.619999885559082,5.639999866485596,1290800,MUFG,3737
2014-11-21,5.739999771118164,5.760000228881836,5.710000038146973,5.739999771118164,4063200,MUFG,3737
2014-11-24,5.71999979019165,5.760000228881836,5.710000038146973,5.739999771118164,1129500,MUFG,3737
2014-11-25,5.769999980926514,5.769999980926514,5.739999771118164,5.75,1616900,MUFG,3737
2014-11-26,5.71999979019165,5.75,5.71999979019165,5.739999771118164,600100,MUFG,3737
2014-11-28,5.760000228881836,5.769999980926514,5.739999771118164,5.760000228881836,451000,MUFG,3737
2014-12-01,5.78000020980835,5.789999961853027,5.739999771118164,5.769999980926514,1471100,MUFG,3737
2014-12-02,5.760000228881836,5.789999961853027,5.75,5.760000228881836,1023700,MUFG,3737
2014-12-03,5.769999980926514,5.769999980926514,5.739999771118164,5.75,506400,MUFG,3737
2014-12-04,5.710000038146973,5.730000019073486,5.690000057220459,5.730000019073486,1017700,MUFG,3737
2014-12-05,5.760000228881836,5.769999980926514,5.730000019073486,5.75,857700,MUFG,3737
2014-12-08,5.659999847412109,5.699999809265137,5.630000114440918,5.690000057220459,922000,MUFG,3737
2014-12-09,5.730000019073486,5.730000019073486,5.679999828338623,5.699999809265137,1087300,MUFG,3737
2014-12-10,5.630000114440918,5.710000038146973,5.610000133514404,5.690000057220459,1344400,MUFG,3737
2014-12-11,5.619999885559082,5.699999809265137,5.619999885559082,5.659999847412109,1579700,MUFG,3737
2014-12-12,5.570000171661377,5.619999885559082,5.559999942779541,5.599999904632568,1581000,MUFG,3737
2014-12-15,5.480000019073486,5.579999923706055,5.449999809265137,5.570000171661377,2018400,MUFG,3737
2014-12-16,5.480000019073486,5.559999942779541,5.460000038146973,5.5,1901900,MUFG,3737
2014-12-17,5.539999961853027,5.579999923706055,5.480000019073486,5.480000019073486,1316100,MUFG,3737
2014-12-18,5.559999942779541,5.570000171661377,5.519999980926514,5.53000020980835,1224800,MUFG,3737
2014-12-19,5.699999809265137,5.710000038146973,5.610000133514404,5.659999847412109,1857500,MUFG,3737
2014-12-22,5.630000114440918,5.630000114440918,5.599999904632568,5.599999904632568,715300,MUFG,3737
2014-12-23,5.630000114440918,5.650000095367432,5.619999885559082,5.639999866485596,821100,MUFG,3737
2014-12-24,5.619999885559082,5.639999866485596,5.599999904632568,5.619999885559082,715200,MUFG,3737
2014-12-26,5.650000095367432,5.659999847412109,5.619999885559082,5.630000114440918,550800,MUFG,3737
2014-12-29,5.550000190734863,5.559999942779541,5.53000020980835,5.539999961853027,1609300,MUFG,3737
2014-12-30,5.53000020980835,5.539999961853027,5.5,5.519999980926514,1716500,MUFG,3737
2014-12-31,5.53000020980835,5.550000190734863,5.510000228881836,5.550000190734863,829000,MUFG,3737
2015-01-02,5.510000228881836,5.559999942779541,5.46999979019165,5.559999942779541,1809800,MUFG,3737
2015-01-05,5.369999885559082,5.420000076293945,5.340000152587891,5.420000076293945,996000,MUFG,3737
2015-01-06,5.25,5.349999904632568,5.230000019073486,5.329999923706055,2330400,MUFG,3737
2015-01-07,5.25,5.289999961853027,5.230000019073486,5.289999961853027,1088100,MUFG,3737
2015-01-08,5.269999980926514,5.269999980926514,5.239999771118164,5.260000228881836,4177100,MUFG,3737
2015-01-09,5.21999979019165,5.28000020980835,5.199999809265137,5.269999980926514,1195100,MUFG,3737
2015-01-12,5.21999979019165,5.230000019073486,5.179999828338623,5.21999979019165,1384700,MUFG,3737
2015-01-13,5.260000228881836,5.320000171661377,5.210000038146973,5.28000020980835,1551400,MUFG,3737
2015-01-14,5.210000038146973,5.21999979019165,5.170000076293945,5.179999828338623,887400,MUFG,3737
2015-01-15,5.199999809265137,5.230000019073486,5.190000057220459,5.21999979019165,1647800,MUFG,3737
2015-01-16,5.25,5.25,5.199999809265137,5.199999809265137,903500,MUFG,3737
2015-01-20,5.300000190734863,5.300000190734863,5.239999771118164,5.269999980926514,4282600,MUFG,3737
2015-01-21,5.28000020980835,5.289999961853027,5.230000019073486,5.25,10246500,MUFG,3737
2015-01-22,5.28000020980835,5.289999961853027,5.179999828338623,5.230000019073486,2013100,MUFG,3737
2015-01-23,5.25,5.289999961853027,5.25,5.28000020980835,852200,MUFG,3737
2015-01-26,5.329999923706055,5.340000152587891,5.289999961853027,5.289999961853027,1498300,MUFG,3737
2015-01-27,5.389999866485596,5.429999828338623,5.369999885559082,5.389999866485596,1357800,MUFG,3737
2015-01-28,5.349999904632568,5.420000076293945,5.340000152587891,5.409999847412109,2316400,MUFG,3737
2015-01-29,5.369999885559082,5.380000114440918,5.300000190734863,5.340000152587891,1402900,MUFG,3737
2015-01-30,5.300000190734863,5.349999904632568,5.300000190734863,5.329999923706055,1620500,MUFG,3737
2015-02-02,5.349999904632568,5.349999904632568,5.300000190734863,5.300000190734863,1163100,MUFG,3737
2015-02-03,5.389999866485596,5.460000038146973,5.320000171661377,5.320000171661377,2165200,MUFG,3737
2015-02-04,5.559999942779541,5.610000133514404,5.53000020980835,5.539999961853027,2343400,MUFG,3737
2015-02-05,5.679999828338623,5.699999809265137,5.559999942779541,5.559999942779541,2582400,MUFG,3737
2015-02-06,5.710000038146973,5.760000228881836,5.699999809265137,5.699999809265137,1564000,MUFG,3737
2015-02-09,5.71999979019165,5.75,5.710000038146973,5.71999979019165,1881900,MUFG,3737
2015-02-10,5.800000190734863,5.800000190734863,5.75,5.760000228881836,696700,MUFG,3737
2015-02-11,5.78000020980835,5.78000020980835,5.75,5.78000020980835,1895600,MUFG,3737
2015-02-12,5.880000114440918,5.889999866485596,5.849999904632568,5.869999885559082,1815400,MUFG,3737
2015-02-13,6.010000228881836,6.050000190734863,5.96999979019165,5.980000019073486,2464700,MUFG,3737
2015-02-17,6.110000133514404,6.119999885559082,6.059999942779541,6.070000171661377,1981000,MUFG,3737
2015-02-18,6.300000190734863,6.320000171661377,6.25,6.269999980926514,2126800,MUFG,3737
2015-02-19,6.489999771118164,6.489999771118164,6.420000076293945,6.460000038146973,3086600,MUFG,3737
2015-02-20,6.5,6.519999980926514,6.440000057220459,6.449999809265137,2666100,MUFG,3737
2015-02-23,6.380000114440918,6.389999866485596,6.320000171661377,6.340000152587891,2939300,MUFG,3737
2015-02-24,6.360000133514404,6.380000114440918,6.309999942779541,6.340000152587891,1523600,MUFG,3737
2015-02-25,6.440000057220459,6.449999809265137,6.389999866485596,6.389999866485596,715400,MUFG,3737
2015-02-26,6.610000133514404,6.650000095367432,6.550000190734863,6.570000171661377,2486700,MUFG,3737
2015-02-27,6.53000020980835,6.550000190734863,6.519999980926514,6.539999961853027,1276400,MUFG,3737
2015-03-02,6.449999809265137,6.449999809265137,6.409999847412109,6.429999828338623,1502600,MUFG,3737
2015-03-03,6.329999923706055,6.349999904632568,6.309999942779541,6.340000152587891,1133400,MUFG,3737
2015-03-04,6.260000228881836,6.260000228881836,6.199999809265137,6.230000019073486,1782700,MUFG,3737
2015-03-05,6.349999904632568,6.369999885559082,6.340000152587891,6.360000133514404,864200,MUFG,3737
2015-03-06,6.420000076293945,6.489999771118164,6.409999847412109,6.440000057220459,1270900,MUFG,3737
2015-03-09,6.46999979019165,6.5,6.429999828338623,6.440000057220459,1398500,MUFG,3737
2015-03-10,6.190000057220459,6.239999771118164,6.179999828338623,6.230000019073486,1619300,MUFG,3737
2015-03-11,6.210000038146973,6.239999771118164,6.179999828338623,6.199999809265137,796700,MUFG,3737
2015-03-12,6.46999979019165,6.46999979019165,6.409999847412109,6.409999847412109,1005300,MUFG,3737
2015-03-13,6.519999980926514,6.519999980926514,6.480000019073486,6.510000228881836,958500,MUFG,3737
2015-03-16,6.610000133514404,6.659999847412109,6.610000133514404,6.639999866485596,1376900,MUFG,3737
2015-03-17,6.559999942779541,6.570000171661377,6.510000228881836,6.550000190734863,1794200,MUFG,3737
2015-03-18,6.679999828338623,6.71999979019165,6.610000133514404,6.650000095367432,1510200,MUFG,3737
2015-03-19,6.480000019073486,6.519999980926514,6.46999979019165,6.519999980926514,886300,MUFG,3737
2015-03-20,6.610000133514404,6.630000114440918,6.559999942779541,6.570000171661377,576600,MUFG,3737
2015-03-23,6.570000171661377,6.599999904632568,6.570000171661377,6.590000152587891,746100,MUFG,3737
2015-03-24,6.559999942779541,6.590000152587891,6.53000020980835,6.550000190734863,551400,MUFG,3737
2015-03-25,6.489999771118164,6.559999942779541,6.480000019073486,6.559999942779541,549100,MUFG,3737
2015-03-26,6.420000076293945,6.449999809265137,6.360000133514404,6.409999847412109,1616600,MUFG,3737
2015-03-27,6.360000133514404,6.360000133514404,6.309999942779541,6.329999923706055,633300,MUFG,3737
2015-03-30,6.360000133514404,6.380000114440918,6.340000152587891,6.360000133514404,1049200,MUFG,3737
2015-03-31,6.21999979019165,6.239999771118164,6.199999809265137,6.21999979019165,1596800,MUFG,3737
2015-04-01,6.309999942779541,6.320000171661377,6.28000020980835,6.309999942779541,496900,MUFG,3737
2015-04-02,6.460000038146973,6.510000228881836,6.440000057220459,6.460000038146973,525600,MUFG,3737
2015-04-06,6.5,6.53000020980835,6.409999847412109,6.429999828338623,1850800,MUFG,3737
2015-04-07,6.619999885559082,6.659999847412109,6.590000152587891,6.599999904632568,6969700,MUFG,3737
2015-04-08,6.610000133514404,6.690000057220459,6.579999923706055,6.659999847412109,2008200,MUFG,3737
2015-04-09,6.570000171661377,6.579999923706055,6.510000228881836,6.550000190734863,1399900,MUFG,3737
2015-04-10,6.539999961853027,6.570000171661377,6.519999980926514,6.53000020980835,1105700,MUFG,3737
2015-04-13,6.449999809265137,6.46999979019165,6.429999828338623,6.46999979019165,3288700,MUFG,3737
2015-04-14,6.570000171661377,6.570000171661377,6.53000020980835,6.53000020980835,1617000,MUFG,3737
2015-04-15,6.619999885559082,6.639999866485596,6.599999904632568,6.599999904632568,1495600,MUFG,3737
2015-04-16,6.760000228881836,6.78000020980835,6.71999979019165,6.730000019073486,1700200,MUFG,3737
2015-04-17,6.869999885559082,6.880000114440918,6.840000152587891,6.849999904632568,1541900,MUFG,3737
2015-04-20,6.929999828338623,6.96999979019165,6.920000076293945,6.960000038146973,1004000,MUFG,3737
2015-04-21,7.099999904632568,7.179999828338623,7.090000152587891,7.170000076293945,4201000,MUFG,3737
2015-04-22,7.360000133514404,7.409999847412109,7.320000171661377,7.360000133514404,2399700,MUFG,3737
2015-04-23,7.210000038146973,7.21999979019165,7.159999847412109,7.190000057220459,3766700,MUFG,3737
2015-04-24,7.210000038146973,7.21999979019165,7.159999847412109,7.199999809265137,2574500,MUFG,3737
2015-04-27,7.25,7.28000020980835,7.199999809265137,7.210000038146973,1947700,MUFG,3737
2015-04-28,7.230000019073486,7.239999771118164,7.159999847412109,7.179999828338623,2894600,MUFG,3737
2015-04-29,7.139999866485596,7.179999828338623,7.119999885559082,7.179999828338623,2630600,MUFG,3737
2015-04-30,7.099999904632568,7.159999847412109,7.079999923706055,7.130000114440918,2842300,MUFG,3737
2015-05-01,7.099999904632568,7.110000133514404,7.019999980926514,7.019999980926514,1222400,MUFG,3737
2015-05-04,7.139999866485596,7.139999866485596,7.070000171661377,7.079999923706055,1019800,MUFG,3737
2015-05-05,7.039999961853027,7.099999904632568,7.0,7.099999904632568,1163600,MUFG,3737
2015-05-06,6.980000019073486,7.070000171661377,6.96999979019165,7.050000190734863,733900,MUFG,3737
2015-05-07,7.03000020980835,7.03000020980835,6.960000038146973,6.989999771118164,541700,MUFG,3737
2015-05-08,7.489999771118164,7.489999771118164,7.389999866485596,7.389999866485596,2956600,MUFG,3737
2015-05-11,7.25,7.309999942779541,7.21999979019165,7.309999942779541,1757600,MUFG,3737
2015-05-12,7.159999847412109,7.179999828338623,7.150000095367432,7.170000076293945,866200,MUFG,3737
2015-05-13,7.210000038146973,7.269999980926514,7.190000057220459,7.230000019073486,632300,MUFG,3737
2015-05-14,7.130000114440918,7.139999866485596,7.079999923706055,7.110000133514404,829500,MUFG,3737
2015-05-15,7.230000019073486,7.28000020980835,7.170000076293945,7.28000020980835,3049100,MUFG,3737
2015-05-18,7.599999904632568,7.619999885559082,7.570000171661377,7.590000152587891,2616300,MUFG,3737
2015-05-19,7.5,7.539999961853027,7.480000019073486,7.519999980926514,1339300,MUFG,3737
2015-05-20,7.480000019073486,7.489999771118164,7.429999828338623,7.449999809265137,1339600,MUFG,3737
2015-05-21,7.5,7.5,7.46999979019165,7.489999771118164,906300,MUFG,3737
2015-05-22,7.429999828338623,7.46999979019165,7.429999828338623,7.440000057220459,1127400,MUFG,3737
2015-05-26,7.300000190734863,7.360000133514404,7.269999980926514,7.360000133514404,730700,MUFG,3737
2015-05-27,7.309999942779541,7.349999904632568,7.300000190734863,7.309999942779541,1305600,MUFG,3737
2015-05-28,7.400000095367432,7.400000095367432,7.309999942779541,7.309999942779541,750000,MUFG,3737
2015-05-29,7.369999885559082,7.380000114440918,7.329999923706055,7.369999885559082,757100,MUFG,3737
2015-06-01,7.510000228881836,7.53000020980835,7.460000038146973,7.510000228881836,1621300,MUFG,3737
2015-06-02,7.340000152587891,7.369999885559082,7.289999961853027,7.329999923706055,1164200,MUFG,3737
2015-06-03,7.400000095367432,7.420000076293945,7.349999904632568,7.349999904632568,959400,MUFG,3737
2015-06-04,7.400000095367432,7.449999809265137,7.380000114440918,7.400000095367432,716300,MUFG,3737
2015-06-05,7.28000020980835,7.300000190734863,7.21999979019165,7.269999980926514,1447600,MUFG,3737
2015-06-08,7.199999809265137,7.210000038146973,7.179999828338623,7.190000057220459,749300,MUFG,3737
2015-06-09,7.130000114440918,7.150000095367432,7.110000133514404,7.150000095367432,563300,MUFG,3737
2015-06-10,7.21999979019165,7.239999771118164,7.179999828338623,7.199999809265137,1555300,MUFG,3737
2015-06-11,7.25,7.28000020980835,7.230000019073486,7.260000228881836,381000,MUFG,3737
2015-06-12,7.179999828338623,7.190000057220459,7.139999866485596,7.190000057220459,810400,MUFG,3737
2015-06-15,7.179999828338623,7.190000057220459,7.139999866485596,7.139999866485596,460400,MUFG,3737
2015-06-16,7.150000095367432,7.190000057220459,7.090000152587891,7.119999885559082,19345100,MUFG,3737
2015-06-17,7.019999980926514,7.059999942779541,6.980000019073486,7.03000020980835,4712200,MUFG,3737
2015-06-18,7.019999980926514,7.059999942779541,6.980000019073486,6.989999771118164,678000,MUFG,3737
2015-06-19,7.050000190734863,7.079999923706055,7.010000228881836,7.03000020980835,3234500,MUFG,3737
2015-06-22,7.289999961853027,7.329999923706055,7.260000228881836,7.260000228881836,2802200,MUFG,3737
2015-06-23,7.409999847412109,7.449999809265137,7.349999904632568,7.349999904632568,2618900,MUFG,3737
2015-06-24,7.340000152587891,7.389999866485596,7.309999942779541,7.349999904632568,1146400,MUFG,3737
2015-06-25,7.349999904632568,7.369999885559082,7.320000171661377,7.360000133514404,803100,MUFG,3737
2015-06-26,7.460000038146973,7.480000019073486,7.429999828338623,7.440000057220459,838200,MUFG,3737
2015-06-29,7.21999979019165,7.300000190734863,7.210000038146973,7.289999961853027,1273500,MUFG,3737
2015-06-30,7.21999979019165,7.260000228881836,7.179999828338623,7.25,1021500,MUFG,3737
2015-07-01,7.300000190734863,7.340000152587891,7.289999961853027,7.309999942779541,992100,MUFG,3737
2015-07-02,7.289999961853027,7.289999961853027,7.230000019073486,7.269999980926514,838900,MUFG,3737
2015-07-06,7.230000019073486,7.269999980926514,7.199999809265137,7.21999979019165,891300,MUFG,3737
2015-07-07,7.190000057220459,7.190000057220459,7.079999923706055,7.179999828338623,1802300,MUFG,3737
2015-07-08,6.809999942779541,6.909999847412109,6.800000190734863,6.909999847412109,1733200,MUFG,3737
2015-07-09,6.860000133514404,6.949999809265137,6.849999904632568,6.929999828338623,1044300,MUFG,3737
2015-07-10,7.110000133514404,7.269999980926514,7.079999923706055,7.099999904632568,1176300,MUFG,3737
2015-07-13,7.190000057220459,7.230000019073486,7.179999828338623,7.190000057220459,1427800,MUFG,3737
2015-07-14,7.260000228881836,7.28000020980835,7.179999828338623,7.179999828338623,2447100,MUFG,3737
2015-07-15,7.179999828338623,7.21999979019165,7.170000076293945,7.199999809265137,2361800,MUFG,3737
2015-07-16,7.25,7.260000228881836,7.210000038146973,7.25,657000,MUFG,3737
2015-07-17,7.320000171661377,7.340000152587891,7.289999961853027,7.309999942779541,597700,MUFG,3737
2015-07-20,7.329999923706055,7.360000133514404,7.320000171661377,7.360000133514404,672500,MUFG,3737
2015-07-21,7.329999923706055,7.329999923706055,7.300000190734863,7.320000171661377,799100,MUFG,3737
2015-07-22,7.210000038146973,7.239999771118164,7.190000057220459,7.199999809265137,727500,MUFG,3737
2015-07-23,7.210000038146973,7.25,7.190000057220459,7.239999771118164,536200,MUFG,3737
2015-07-24,7.079999923706055,7.170000076293945,7.050000190734863,7.170000076293945,1192100,MUFG,3737
2015-07-27,7.079999923706055,7.119999885559082,7.059999942779541,7.059999942779541,771900,MUFG,3737
2015-07-28,7.110000133514404,7.139999866485596,7.039999961853027,7.099999904632568,663100,MUFG,3737
2015-07-29,7.190000057220459,7.210000038146973,7.119999885559082,7.130000114440918,860300,MUFG,3737
2015-07-30,7.230000019073486,7.25,7.179999828338623,7.210000038146973,625000,MUFG,3737
2015-07-31,7.329999923706055,7.369999885559082,7.300000190734863,7.309999942779541,1119500,MUFG,3737
2015-08-03,7.130000114440918,7.150000095367432,7.079999923706055,7.150000095367432,2261900,MUFG,3737
2015-08-04,7.130000114440918,7.159999847412109,7.099999904632568,7.130000114440918,602400,MUFG,3737
2015-08-05,7.170000076293945,7.190000057220459,7.150000095367432,7.170000076293945,574600,MUFG,3737
2015-08-06,7.110000133514404,7.159999847412109,7.079999923706055,7.139999866485596,606100,MUFG,3737
2015-08-07,7.179999828338623,7.190000057220459,7.130000114440918,7.170000076293945,562800,MUFG,3737
2015-08-10,7.190000057220459,7.230000019073486,7.159999847412109,7.170000076293945,883700,MUFG,3737
