Price,Close,High,Low,Open,Volume,Symbol,StockID
Ticker,VOXR,VOXR,VOXR,VOXR,VOXR,,
Date,,,,,,,
2020-08-04,2.0967719554901123,2.0967719554901123,2.0319625673749964,2.0319625673749964,8700,VOXR,5886
2020-08-05,2.141566276550293,2.170158589690345,2.120598489354986,2.1682525718199117,12200,VOXR,5886
2020-08-06,2.141566276550293,2.160627818643661,2.0481645839538865,2.1587218007732276,26800,VOXR,5886
2020-08-07,2.0824761390686035,2.163487835131083,2.03958776785968,2.106303188698128,43800,VOXR,5886
2020-08-10,2.144426107406616,2.1530038718253763,2.096772239355005,2.1463323530213074,12100,VOXR,5886
2020-08-11,2.0967719554901123,2.0967719554901123,2.0824756833943012,2.0824756833943012,7700,VOXR,5886
2020-08-12,2.168253183364868,2.1730184566164787,2.129176851990126,2.129176851990126,5900,VOXR,5886
2020-08-13,2.209235191345215,2.209235191345215,2.144425803636696,2.144425803636696,14900,VOXR,5886
2020-08-14,2.160628318786621,2.160628318786621,2.160628318786621,2.160628318786621,100,VOXR,5886
2020-08-17,2.211141586303711,2.211141586303711,2.2073293221961987,2.2101885770847263,6700,VOXR,5886
2020-08-18,2.3636341094970703,2.3912734209239033,2.313120987027698,2.3207455149646896,5800,VOXR,5886
2020-08-19,2.3541033267974854,2.3541033267974854,2.3541033267974854,2.3541033267974854,100,VOXR,5886
2020-08-20,2.2016103267669678,2.247358167660339,2.2016103267669678,2.247358167660339,2100,VOXR,5886
2020-08-21,2.2016103267669678,2.2016103267669678,2.2016103267669678,2.2016103267669678,0,VOXR,5886
2020-08-24,2.2654666900634766,2.2873874877680516,2.2397334018812622,2.2397334018812622,10400,VOXR,5886
2020-08-25,2.2397336959838867,2.2845285335102816,2.2397336959838867,2.243546186962149,2700,VOXR,5886
2020-08-26,2.2397336959838867,2.2397336959838867,2.211141377036228,2.2359214322371757,14000,VOXR,5886
2020-08-27,2.2397336959838867,2.2397336959838867,2.2397336959838867,2.2397336959838867,5600,VOXR,5886
2020-08-28,2.178737163543701,2.178737163543701,2.178737163543701,2.178737163543701,1000,VOXR,5886
2020-08-31,2.192079782485962,2.195892046148178,2.191126773378295,2.191126773378295,2600,VOXR,5886
2020-09-01,2.192079782485962,2.192079782485962,2.192079782485962,2.192079782485962,100,VOXR,5886
2020-09-02,2.2359213829040527,2.2359213829040527,2.192079782705316,2.192079782705316,3000,VOXR,5886
2020-09-03,2.2397336959838867,2.2397336959838867,2.2397336959838867,2.2397336959838867,16300,VOXR,5886
2020-09-04,2.3722124099731445,2.3722124099731445,2.2397343324672776,2.2397343324672776,1400,VOXR,5886
2020-09-08,2.440833330154419,2.5390003121021025,2.3617276664556806,2.430349321078067,5500,VOXR,5886
2020-09-09,2.431302785873413,2.4780034176267947,2.382695681268675,2.4780034176267947,10800,VOXR,5886
2020-09-10,2.401757001876831,2.401757001876831,2.363633910931412,2.3826954564041216,11500,VOXR,5886
2020-09-11,2.3445730209350586,2.3445730209350586,2.3445730209350586,2.3445730209350586,200,VOXR,5886
2020-09-14,2.3398070335388184,2.3398070335388184,2.28738789333947,2.3083554585265844,6100,VOXR,5886
2020-09-15,2.458941698074341,2.465613216428826,2.382695514329881,2.382695514329881,7200,VOXR,5886
2020-09-16,2.5351884365081787,2.5447192107072794,2.495159093979323,2.495159093979323,1000,VOXR,5886
2020-09-17,2.5351884365081787,2.5351884365081787,2.520892161593737,2.5351884365081787,6200,VOXR,5886
2020-09-18,2.5351884365081787,2.5351884365081787,2.5351884365081787,2.5351884365081787,100,VOXR,5886
2020-09-21,2.374117612838745,2.43225548363517,2.374117612838745,2.43225548363517,700,VOXR,5886
2020-09-22,2.2988245487213135,2.338853885607001,2.2988245487213135,2.338853885607001,900,VOXR,5886
2020-09-23,2.2873878479003906,2.2873878479003906,2.2873878479003906,2.2873878479003906,100,VOXR,5886
2020-09-24,2.144426107406616,2.2206722962891945,2.144426107406616,2.211141522678872,17500,VOXR,5886
2020-09-25,2.1396608352661133,2.1444263361954894,2.1396608352661133,2.1444263361954894,5200,VOXR,5886
2020-09-28,2.1396608352661133,2.1396608352661133,2.1396608352661133,2.1396608352661133,0,VOXR,5886
2020-09-29,2.1396608352661133,2.1396608352661133,2.1396608352661133,2.1396608352661133,0,VOXR,5886
2020-09-30,2.144426107406616,2.163487654627261,2.1015375125443825,2.1015375125443825,5700,VOXR,5886
2020-10-01,2.1634879112243652,2.1634879112243652,2.058649389076611,2.091053977748689,2400,VOXR,5886
2020-10-02,2.0329158306121826,2.0329158306121826,2.0329158306121826,2.0329158306121826,500,VOXR,5886
2020-10-05,2.0586490631103516,2.0767573731883076,2.0586490631103516,2.0767573731883076,10100,VOXR,5886
2020-10-06,2.0586490631103516,2.0586490631103516,2.049118289878748,2.0586490631103516,11200,VOXR,5886
2020-10-07,1.953810453414917,2.020525870238997,1.953810453414917,2.020525870238997,500,VOXR,5886
2020-10-08,1.9242651462554932,1.9242651462554932,1.8461127089838931,1.9061566075835763,12200,VOXR,5886
2020-10-09,1.8794705867767334,1.9309368388959813,1.8794705867767334,1.9309368388959813,1500,VOXR,5886
2020-10-12,1.8794705867767334,1.8794705867767334,1.8794705867767334,1.8794705867767334,0,VOXR,5886
2020-10-13,1.8842358589172363,1.9509512784747185,1.8842358589172363,1.9214059465544508,1500,VOXR,5886
2020-10-14,1.8842358589172363,1.8842358589172363,1.8842358589172363,1.8842358589172363,0,VOXR,5886
2020-10-15,1.8832825422286987,1.9061564661780734,1.8832825422286987,1.9061564661780734,1500,VOXR,5886
2020-10-16,1.734602451324463,1.734602451324463,1.734602451324463,1.734602451324463,200,VOXR,5886
2020-10-19,1.8842358589172363,1.8966258881296412,1.8546904133811781,1.8546904133811781,5100,VOXR,5886
2020-10-20,1.8842358589172363,1.8842358589172363,1.8842358589172363,1.8842358589172363,100,VOXR,5886
2020-10-21,1.8870949745178223,1.8870949745178223,1.8870949745178223,1.8870949745178223,1200,VOXR,5886
2020-10-22,1.726977825164795,1.7536640134631358,1.6678869390699755,1.7536640134631358,11700,VOXR,5886
2020-10-23,1.726977825164795,1.726977825164795,1.726977825164795,1.726977825164795,100,VOXR,5886
2020-10-26,1.726977825164795,1.726977825164795,1.726977825164795,1.726977825164795,0,VOXR,5886
2020-10-27,1.7250714302062988,1.8203792697660204,1.7250714302062988,1.8108484971716254,1500,VOXR,5886
2020-10-28,1.7250714302062988,1.7250714302062988,1.7250714302062988,1.7250714302062988,8900,VOXR,5886
2020-10-29,1.7250714302062988,1.7250714302062988,1.7250714302062988,1.7250714302062988,0,VOXR,5886
2020-10-30,1.7250714302062988,1.7250714302062988,1.7250714302062988,1.7250714302062988,0,VOXR,5886
2020-11-02,1.7250714302062988,1.7250714302062988,1.7250714302062988,1.7250714302062988,0,VOXR,5886
2020-11-03,1.734602451324463,1.734602451324463,1.734602451324463,1.734602451324463,1000,VOXR,5886
2020-11-04,1.734602451324463,1.734602451324463,1.734602451324463,1.734602451324463,100,VOXR,5886
2020-11-05,1.7822562456130981,1.7822562456130981,1.725071494306099,1.725071494306099,4000,VOXR,5886
2020-11-06,1.7813035249710083,1.7813035249710083,1.7813035249710083,1.7813035249710083,300,VOXR,5886
2020-11-09,1.6678870916366577,1.6678870916366577,1.6678870916366577,1.6678870916366577,600,VOXR,5886
2020-11-10,1.7622417211532593,1.7622417211532593,1.7488986833799522,1.7536640702441026,6200,VOXR,5886
2020-11-11,1.7622417211532593,1.7622417211532593,1.7622417211532593,1.7622417211532593,100,VOXR,5886
2020-11-12,1.7622417211532593,1.7622417211532593,1.7622417211532593,1.7622417211532593,0,VOXR,5886
2020-11-13,1.684089183807373,1.6879015612375294,1.684089183807373,1.6879015612375294,1000,VOXR,5886
2020-11-16,1.684089183807373,1.684089183807373,1.684089183807373,1.684089183807373,0,VOXR,5886
2020-11-17,1.684089183807373,1.684089183807373,1.684089183807373,1.684089183807373,0,VOXR,5886
2020-11-18,1.684089183807373,1.684089183807373,1.684089183807373,1.684089183807373,0,VOXR,5886
2020-11-19,1.684089183807373,1.684089183807373,1.684089183807373,1.684089183807373,0,VOXR,5886
2020-11-20,1.7422270774841309,1.7422270774841309,1.7317432943923667,1.7317432943923667,800,VOXR,5886
2020-11-23,1.7422270774841309,1.7422270774841309,1.7422270774841309,1.7422270774841309,0,VOXR,5886
2020-11-24,1.6678870916366577,1.6678870916366577,1.6640748273663675,1.6640748273663675,3500,VOXR,5886
2020-11-25,1.7298372983932495,1.7298372983932495,1.7298372983932495,1.7298372983932495,600,VOXR,5886
2020-11-27,1.7298372983932495,1.7298372983932495,1.7298372983932495,1.7298372983932495,0,VOXR,5886
2020-11-30,1.7365084886550903,1.7365084886550903,1.7365084886550903,1.7365084886550903,400,VOXR,5886
2020-12-01,1.7441331148147583,1.7441331148147583,1.7441331148147583,1.7441331148147583,1200,VOXR,5886
2020-12-02,1.7784441709518433,1.7784441709518433,1.7784441709518433,1.7784441709518433,400,VOXR,5886
2020-12-03,1.7746318578720093,1.7746318578720093,1.7746318578720093,1.7746318578720093,300,VOXR,5886
2020-12-04,1.7746318578720093,1.7746318578720093,1.7746318578720093,1.7746318578720093,0,VOXR,5886
2020-12-07,1.7822562456130981,1.8108485644587098,1.7822562456130981,1.8108485644587098,6600,VOXR,5886
2020-12-08,1.868033528327942,1.8699396604113916,1.8299103185800039,1.8299103185800039,2700,VOXR,5886
2020-12-09,1.868033528327942,1.868033528327942,1.868033528327942,1.868033528327942,0,VOXR,5886
2020-12-10,1.8718457221984863,1.8718457221984863,1.8403941463474556,1.8403941463474556,1600,VOXR,5886
2020-12-11,1.868033528327942,1.8756581702775295,1.868033528327942,1.8756581702775295,2000,VOXR,5886
2020-12-14,1.9585762023925781,2.023385381778687,1.877564500928341,1.8823298884488373,14700,VOXR,5886
2020-12-15,1.9919334650039673,1.996698965335422,1.92521805098454,1.9728719181412737,15800,VOXR,5886
2020-12-16,2.0014641284942627,2.010994901402081,1.9900273373438107,1.9986048738987623,13000,VOXR,5886
2020-12-17,1.9919334650039673,2.011948248271889,1.9824026915726205,2.011948248271889,9000,VOXR,5886
2020-12-18,1.9824023246765137,1.9824023246765137,1.9804963066819412,1.9804963066819412,2100,VOXR,5886
2020-12-21,2.0967719554901123,2.129176535931902,1.9118747906963292,1.9499978799764435,61600,VOXR,5886
2020-12-22,2.0405404567718506,2.173018268379043,2.0405404567718506,2.071992030095329,26400,VOXR,5886
2020-12-23,2.0910537242889404,2.096772233886533,2.068179913130136,2.0691329223192128,15300,VOXR,5886
2020-12-24,2.0491185188293457,2.068180067422323,2.0414937630532046,2.068180067422323,400,VOXR,5886
2020-12-28,2.0014641284942627,2.030056674449268,2.0014641284942627,2.030056674449268,500,VOXR,5886
2020-12-29,2.0767574310302734,2.0777106674420738,2.0395875734538538,2.0643674027609453,9300,VOXR,5886
2020-12-30,2.144426107406616,2.144426107406616,2.068179918524038,2.068179918524038,8800,VOXR,5886
2020-12-31,2.238780975341797,2.238780975341797,2.125364694065263,2.201610887750681,33200,VOXR,5886
2021-01-04,2.178737163543701,2.2006579678413574,2.1510978490411623,2.1873149288510247,12300,VOXR,5886
2021-01-05,2.175877571105957,2.175877571105957,2.1387074877684427,2.161581297810161,2300,VOXR,5886
2021-01-06,2.158722400665283,2.158722400665283,2.1348953528114705,2.153956900201893,2400,VOXR,5886
2021-01-07,2.1301300525665283,2.1301300525665283,2.1301300525665283,2.1301300525665283,100,VOXR,5886
2021-01-08,2.0586490631103516,2.1348952489631787,2.0586490631103516,2.1348952489631787,15500,VOXR,5886
2021-01-11,2.0500714778900146,2.0681800167794,2.0500714778900146,2.0681800167794,3200,VOXR,5886
2021-01-12,2.0596020221710205,2.0596020221710205,2.0596020221710205,2.0596020221710205,500,VOXR,5886
2021-01-13,2.2587954998016357,2.2587954998016357,2.058649244320344,2.058649244320344,800,VOXR,5886
2021-01-14,2.2778573036193848,2.42367817144273,2.2092356385619585,2.2092356385619585,52900,VOXR,5886
2021-01-15,2.4522705078125,2.63049619066863,2.2769040799524856,2.376024313866957,12700,VOXR,5886
2021-01-19,2.430349349975586,2.4627541594629596,2.411287804268448,2.4417863682924885,18000,VOXR,5886
2021-01-20,2.3731651306152344,2.4436928167007044,2.3731651306152344,2.4436928167007044,8400,VOXR,5886
2021-01-21,2.3788833618164062,2.3903201535738847,2.3788833618164062,2.3826956257355656,1600,VOXR,5886
2021-01-22,2.368399143218994,2.408428478920389,2.368399143218994,2.408428478920389,4000,VOXR,5886
2021-01-25,2.2302029132843018,2.330276142780862,2.2302029132843018,2.330276142780862,21400,VOXR,5886
2021-01-26,2.2854819297790527,2.2969189501880645,2.205423241379149,2.2349688016919,10800,VOXR,5886
2021-01-27,2.192079782485962,2.249264419113841,2.192079782485962,2.249264419113841,5200,VOXR,5886
2021-01-28,2.211141586303711,2.220672360188278,2.211141586303711,2.220672360188278,1600,VOXR,5886
2021-01-29,2.234968423843384,2.234968423843384,2.2016106047777027,2.230202923734764,2400,VOXR,5886
2021-02-01,2.2397336959838867,2.27785701514565,2.2397336959838867,2.2492644689664396,1400,VOXR,5886
2021-02-02,2.2969186305999756,2.2969186305999756,2.242593018447502,2.242593018447502,2900,VOXR,5886
2021-02-03,2.2816696166992188,2.3064496755689157,2.2816696166992188,2.3064496755689157,2900,VOXR,5886
2021-02-04,2.2587954998016357,2.277857275174289,2.254030226382156,2.254030226382156,2600,VOXR,5886
2021-02-05,2.269279718399048,2.269279718399048,2.258795706898131,2.258795706898131,600,VOXR,5886
2021-02-08,2.269279718399048,2.269279718399048,2.269279718399048,2.269279718399048,0,VOXR,5886
2021-02-09,2.3645873069763184,2.3645873069763184,2.343619739864136,2.343619739864136,1300,VOXR,5886
2021-02-10,2.3645873069763184,2.3645873069763184,2.3645873069763184,2.3645873069763184,100,VOXR,5886
2021-02-11,2.3645873069763184,2.3645873069763184,2.3645873069763184,2.3645873069763184,0,VOXR,5886
2021-02-12,2.3655402660369873,2.3655402660369873,2.3655402660369873,2.3655402660369873,200,VOXR,5886
2021-02-16,2.3750710487365723,2.3779300761930924,2.367446293824513,2.3779300761930924,8000,VOXR,5886
2021-02-17,2.389366865158081,2.392226119571182,2.389366865158081,2.392226119571182,500,VOXR,5886
2021-02-18,2.3350415229797363,2.3674461038691788,2.3264637596037527,2.3674461038691788,2000,VOXR,5886
2021-02-19,2.3350415229797363,2.3350415229797363,2.3350415229797363,2.3350415229797363,0,VOXR,5886
2021-02-22,2.3255109786987305,2.3445725254723624,2.3255109786987305,2.3255109786987305,2900,VOXR,5886
2021-02-23,2.2397336959838867,2.3826955179537315,2.2397336959838867,2.3826955179537315,14400,VOXR,5886
2021-02-24,2.42081880569458,2.42081880569458,2.344572615666899,2.344572615666899,11700,VOXR,5886
2021-02-25,2.2302029132843018,2.37697699836136,2.2302029132843018,2.37697699836136,2000,VOXR,5886
2021-02-26,2.2397336959838867,2.2397336959838867,2.1920798310711223,2.1920798310711223,5400,VOXR,5886
2021-03-01,2.231156349182129,2.231156349182129,2.231156349182129,2.231156349182129,500,VOXR,5886
2021-03-02,2.411287784576416,2.411287784576416,2.2873877384918613,2.2873877384918613,2800,VOXR,5886
2021-03-03,2.3331356048583984,2.3922264932399933,2.3255110767201925,2.3541033980858215,4700,VOXR,5886
2021-03-04,2.3054964542388916,2.3541035630282625,2.3054964542388916,2.3541035630282625,13000,VOXR,5886
2021-03-05,2.3035905361175537,2.3064497913022666,2.3035905361175537,2.3064497913022666,200,VOXR,5886
2021-03-08,2.2931060791015625,2.2931060791015625,2.2826222969492145,2.2826222969492145,1800,VOXR,5886
2021-03-09,2.3350415229797363,2.3350415229797363,2.3216984869936765,2.325510750528045,2300,VOXR,5886
2021-03-10,2.2864344120025635,2.3474315371475076,2.2864344120025635,2.3474315371475076,2500,VOXR,5886
2021-03-11,2.5637807846069336,2.8487512313956485,2.341713493604286,2.341713493604286,31200,VOXR,5886
2021-03-12,2.6085753440856934,2.6085753440856934,2.5561559729984458,2.5561559729984458,8200,VOXR,5886
2021-03-15,2.5256574153900146,2.5685457814772272,2.5256574153900146,2.565686526773872,9100,VOXR,5886
2021-03-16,2.5199389457702637,2.525657455267263,2.5199389457702637,2.525657455267263,1800,VOXR,5886
2021-03-17,2.3655402660369873,2.4303494327561124,2.3655402660369873,2.4303494327561124,6800,VOXR,5886
2021-03-18,2.3607749938964844,2.4589419898385754,2.3607749938964844,2.4589419898385754,3200,VOXR,5886
2021-03-19,2.2749977111816406,2.281669229401563,2.1920797835235746,2.2664199475139344,14900,VOXR,5886
2021-03-22,2.222578763961792,2.2759511469583464,2.1777841462410024,2.2759511469583464,7100,VOXR,5886
2021-03-23,2.144426107406616,2.1701591734313297,2.1158337865756494,2.1701591734313297,6500,VOXR,5886
2021-03-24,2.1158339977264404,2.1158339977264404,2.1158339977264404,2.1158339977264404,200,VOXR,5886
2021-03-25,1.953810453414917,2.058649192798615,1.953810453414917,2.0329158989437692,34600,VOXR,5886
2021-03-26,2.0491185188293457,2.0491185188293457,1.9804968530019929,2.0014644201153184,2400,VOXR,5886
2021-03-29,1.9824023246765137,2.0491179535800077,1.9414199837834352,2.0491179535800077,12400,VOXR,5886
2021-03-30,1.9156872034072876,2.032915734798725,1.9061564303448255,2.032915734798725,19600,VOXR,5886
2021-03-31,1.828957200050354,1.9061565105509537,1.828957200050354,1.9061565105509537,9200,VOXR,5886
2021-04-01,1.8766109943389893,1.8966256632797593,1.8766109943389893,1.87756411709456,1200,VOXR,5886
2021-04-05,1.9061566591262817,1.9061566591262817,1.8756582043890617,1.8756582043890617,4100,VOXR,5886
2021-04-06,1.810848593711853,1.8203793668143542,1.78225627440435,1.8203793668143542,3700,VOXR,5886
2021-04-07,1.7727254629135132,1.8108485544979624,1.767960076465457,1.8108485544979624,1800,VOXR,5886
2021-04-08,1.681230068206787,1.7631947639987968,1.6774176907189149,1.7631947639987968,25500,VOXR,5886
2021-04-09,1.734602451324463,1.753663997995757,1.6964792443660945,1.74413322466011,4000,VOXR,5886
2021-04-12,1.6716992855072021,1.7060101169580608,1.6583562475073053,1.6964793430679097,7200,VOXR,5886
2021-04-13,1.8956726789474487,1.9242651139288631,1.6583562298274723,1.6631216167217437,77000,VOXR,5886
2021-04-14,1.9633411169052124,1.9642943532969412,1.9061564771269774,1.9061564771269774,22200,VOXR,5886
2021-04-15,1.9871680736541748,1.9871680736541748,1.9318894547028769,1.953810255013695,19500,VOXR,5886
2021-04-16,1.9919334650039673,2.001464238435314,1.9919334650039673,2.001464238435314,5200,VOXR,5886
2021-04-19,2.007183074951172,2.06913322596364,1.9862155063251055,2.0014645645143903,10400,VOXR,5886
2021-04-20,1.8270511627197266,1.9538104790733,1.7917872081855521,1.9538104790733,49200,VOXR,5886
2021-04-21,2.0338687896728516,2.0338687896728516,1.9061562602471664,1.9061562602471664,13200,VOXR,5886
2021-04-22,2.1063027381896973,2.2111412342266408,2.0624611398552135,2.0624611398552135,12200,VOXR,5886
2021-04-23,2.1024906635284424,2.144426020263417,2.0395875148102016,2.144426020263417,2000,VOXR,5886
2021-04-26,2.144426107406616,2.186361465845721,2.134895333796294,2.186361465845721,8300,VOXR,5886
2021-04-27,2.173018217086792,2.184455235200478,2.0014640815392295,2.163487444402569,16200,VOXR,5886
2021-04-28,2.1063027381896973,2.1063027381896973,2.102490474689207,2.102490474689207,900,VOXR,5886
2021-04-29,2.0310096740722656,2.0872413021348835,2.0310096740722656,2.0872413021348835,4600,VOXR,5886
2021-04-30,2.0014641284942627,2.0653205114850413,1.9966988556561287,2.030056674449268,9000,VOXR,5886
2021-05-03,2.0014641284942627,2.0081358740381305,2.0014641284942627,2.0081358740381305,800,VOXR,5886
2021-05-04,2.192079782485962,2.192079782485962,2.002417336167365,2.1291766367489853,12400,VOXR,5886
2021-05-05,2.0100417137145996,2.153003521863121,2.0100417137145996,2.153003521863121,4800,VOXR,5886
2021-05-06,2.1120214462280273,2.115833710088029,2.096772163556462,2.096772163556462,1000,VOXR,5886
2021-05-07,2.1158339977264404,2.1301300459528223,2.1158339977264404,2.1253647722878917,2200,VOXR,5886
2021-05-10,2.2302029132843018,2.23115614964049,2.218766122094,2.218766122094,4100,VOXR,5886
2021-05-11,2.194939374923706,2.2587955395982,2.194939374923706,2.2587955395982,6000,VOXR,5886
2021-05-12,2.15490984916687,2.15490984916687,2.15490984916687,2.15490984916687,500,VOXR,5886
2021-05-13,2.17969012260437,2.1920801520188986,2.153957054506992,2.1920801520188986,1800,VOXR,5886
2021-05-14,2.198751449584961,2.3064494391479666,2.1977984404127633,2.1977984404127633,1200,VOXR,5886
2021-05-17,2.168253183364868,2.2397338727600156,2.129176851990126,2.2397338727600156,18100,VOXR,5886
2021-05-18,2.1396608352661133,2.1634878854498107,2.1396608352661133,2.1634878854498107,2200,VOXR,5886
2021-05-19,2.0681798458099365,2.0681798458099365,2.0681798458099365,2.0681798458099365,500,VOXR,5886
2021-05-20,2.0853350162506104,2.5256572593537623,2.0853350162506104,2.239733624535189,1000,VOXR,5886
2021-05-21,2.1348953247070312,2.1348953247070312,2.10153750359714,2.10153750359714,900,VOXR,5886
2021-05-24,2.2873878479003906,2.2873878479003906,2.068179836341955,2.144426022194782,7000,VOXR,5886
2021-05-25,2.1205990314483643,2.2969186817322553,2.0205257962604892,2.117739776680291,10100,VOXR,5886
2021-05-26,2.0586490631103516,2.1063029292683684,2.021478979337631,2.1024906654220388,9800,VOXR,5886
2021-05-27,2.0967719554901123,2.0967719554901123,2.0872411831700837,2.0929596920084084,7200,VOXR,5886
2021-05-28,2.0014641284942627,2.0443527201952207,2.0014641284942627,2.0395874473570865,14400,VOXR,5886
2021-06-01,1.9919334650039673,2.0491183328236104,1.9662003994624873,2.0491183328236104,3800,VOXR,5886
2021-06-02,2.0014641284942627,2.0205256743098996,2.0014641284942627,2.011948137754948,2600,VOXR,5886
2021-06-03,2.0014641284942627,2.0014641284942627,1.9728718097708076,1.9728718097708076,800,VOXR,5886
2021-06-04,2.0586490631103516,2.0967721560367654,2.0586490631103516,2.0967721560367654,3500,VOXR,5886
2021-06-07,2.0367283821105957,2.0586491845596497,2.0367283821105957,2.0586491845596497,5200,VOXR,5886
2021-06-08,2.0395877361297607,2.077710833158649,2.0395877361297607,2.077710833158649,5400,VOXR,5886
2021-06-09,1.9747782945632935,2.01099514510941,1.9747782945632935,2.01099514510941,2500,VOXR,5886
2021-06-10,1.9843090772628784,2.0586492516154538,1.9843090772628784,2.0586492516154538,2500,VOXR,5886
2021-06-11,1.953810453414917,2.049118418966603,1.9528574442011877,2.049118418966603,15700,VOXR,5886
2021-06-14,1.953810453414917,2.001464322574974,1.9252181319188828,1.953810453414917,11400,VOXR,5886
2021-06-15,1.953810453414917,2.001464322574974,1.953810453414917,2.001464322574974,9000,VOXR,5886
2021-06-16,1.9061566591262817,1.982402852777227,1.9061566591262817,1.982402852777227,3500,VOXR,5886
2021-06-17,1.7727254629135132,1.9061563970748605,1.7155407119210644,1.8604086644503663,33000,VOXR,5886
2021-06-18,1.801317811012268,1.8375347713319703,1.7727254918570996,1.822285489002903,5100,VOXR,5886
2021-06-21,1.7555702924728394,1.8108488056605088,1.7555702924728394,1.8013180314424897,11000,VOXR,5886
2021-06-22,1.9061566591262817,1.9347489817453862,1.7584295453117846,1.8203795776531777,34000,VOXR,5886
2021-06-23,1.9347484111785889,2.010994582344164,1.8966253255958012,1.9128276142453347,12500,VOXR,5886
2021-06-24,1.8585025072097778,1.9442794621031965,1.8585025072097778,1.938560952997326,7000,VOXR,5886
2021-06-25,1.801317811012268,1.8518309309095544,1.801317811012268,1.8518309309095544,3700,VOXR,5886
2021-06-28,1.9804967641830444,2.0014643303560415,1.828004155046446,1.8356287968648548,1200,VOXR,5886
2021-06-29,1.9633411169052124,2.0014642100907025,1.8775641572378599,1.8775641572378599,26100,VOXR,5886
2021-06-30,1.953810453414917,1.9938397944019939,1.90615658425486,1.9938397944019939,28800,VOXR,5886
2021-07-01,2.2397336959838867,2.2397336959838867,2.0014641441885135,2.0014641441885135,16100,VOXR,5886
2021-07-02,1.953810453414917,2.0300568713025804,1.9147343488731419,1.9147343488731419,5600,VOXR,5886
2021-07-06,1.9185465574264526,1.9947927458755643,1.9185465574264526,1.9947927458755643,13000,VOXR,5886
2021-07-07,1.9633411169052124,1.9633411169052124,1.9404673064402305,1.9404673064402305,600,VOXR,5886
2021-07-08,1.9204528331756592,1.9204528331756592,1.9204528331756592,1.9204528331756592,400,VOXR,5886
2021-07-09,1.9652475118637085,1.9652475118637085,1.9252181700831168,1.953810492145946,5600,VOXR,5886
2021-07-12,1.940467357635498,1.9690596782789656,1.925218074512669,1.9538103951561365,8800,VOXR,5886
2021-07-13,1.940467357635498,1.940467357635498,1.940467357635498,1.940467357635498,0,VOXR,5886
2021-07-14,1.940467357635498,1.940467357635498,1.940467357635498,1.940467357635498,0,VOXR,5886
2021-07-15,1.9156872034072876,1.9414202679527794,1.9156872034072876,1.9414202679527794,5800,VOXR,5886
2021-07-16,1.9156872034072876,1.9156872034072876,1.9156872034072876,1.9156872034072876,0,VOXR,5886
2021-07-19,1.8794705867767334,1.9252183285663544,1.8794705867767334,1.9252183285663544,15500,VOXR,5886
2021-07-20,2.0967719554901123,2.0967719554901123,2.0967719554901123,2.0967719554901123,200,VOXR,5886
2021-07-21,1.9252179861068726,1.9919333978780658,1.9147342038551516,1.9919333978780658,6000,VOXR,5886
2021-07-22,1.9252179861068726,1.9538103054373839,1.9252179861068726,1.9442795323272135,8400,VOXR,5886
2021-07-23,1.8966257572174072,1.9252180779113501,1.8966257572174072,1.906156530782055,32100,VOXR,5886
2021-07-26,2.0491185188293457,2.1634878103872115,1.9347490000398966,1.9471390293484905,2200,VOXR,5886
2021-07-27,2.0491185188293457,2.0491185188293457,2.0491185188293457,2.0491185188293457,200,VOXR,5886
2021-07-28,2.178737163543701,2.201610977131641,2.1158340057531735,2.163487878741211,14700,VOXR,5886
2021-07-29,2.3817429542541504,2.3817429542541504,2.2254380663231883,2.3026372737500553,15000,VOXR,5886
2021-07-30,2.220672130584717,2.3826954971017305,2.211141357685572,2.3826954971017305,12400,VOXR,5886
2021-08-02,2.2302029132843018,2.2302029132843018,2.2302029132843018,2.2302029132843018,200,VOXR,5886
2021-08-03,2.173018217086792,2.2168598168805276,2.173018217086792,2.2016105351394617,4200,VOXR,5886
2021-08-04,2.2368743419647217,2.2397335964555842,2.190173715487561,2.216859787760224,3800,VOXR,5886
2021-08-05,2.220672130584717,2.224484621529615,2.220672130584717,2.224484621529615,2800,VOXR,5886
2021-08-06,2.1634879112243652,2.201611010187185,2.1634879112243652,2.201611010187185,2200,VOXR,5886
2021-08-09,2.158722400665283,2.1644406830971548,2.158722400665283,2.1644406830971548,1500,VOXR,5886
2021-08-10,2.1158339977264404,2.1348955468493425,2.1158339977264404,2.1196462621047027,18400,VOXR,5886
2021-08-11,2.1653940677642822,2.1653940677642822,2.0881946364861617,2.117739968794419,2800,VOXR,5886
2021-08-12,2.153956890106201,2.1930332211355137,2.1530038809106173,2.1930332211355137,24000,VOXR,5886
2021-08-13,2.1634879112243652,2.21114178492789,2.1634879112243652,2.1920802354464803,14700,VOXR,5886
2021-08-16,2.2397336959838867,2.2397336959838867,2.163487512123464,2.163487512123464,18200,VOXR,5886
2021-08-17,2.16158127784729,2.192079842442288,2.1444259772823244,2.192079842442288,12500,VOXR,5886
2021-08-18,2.119645833969116,2.153956660906403,2.0967720250881063,2.1444258882700202,4600,VOXR,5886
2021-08-19,1.9252179861068726,2.163487541092689,1.9061564398865316,2.163487541092689,7600,VOXR,5886
2021-08-20,1.8794705867767334,1.9156875537608418,1.8794705867767334,1.914734544449769,3800,VOXR,5886
2021-08-23,1.9976519346237183,2.034822018433297,1.980496633682444,1.980496633682444,5300,VOXR,5886
2021-08-24,1.9824023246765137,2.0186193933516403,1.9538100096742395,2.0186193933516403,3100,VOXR,5886
2021-08-25,1.9347484111785889,1.9442791825742858,1.9347484111785889,1.936654656350334,3000,VOXR,5886
2021-08-26,2.0891478061676025,2.0967725625701483,1.9385614235728479,1.9442799340668566,6000,VOXR,5886
2021-08-27,1.9728715419769287,1.9728715419769285,1.9156869122921525,1.9156869122921525,10800,VOXR,5886
2021-08-30,1.9738248586654663,1.9738248586654663,1.9366547796856284,1.9728716224031302,3600,VOXR,5886
2021-08-31,2.0491185188293457,2.0967723903117896,1.9252182257434078,1.9252182257434078,36000,VOXR,5886
2021-09-01,2.0948660373687744,2.163487699684862,2.013854346378072,2.0157605920324633,19200,VOXR,5886
2021-09-02,2.0395877361297607,2.096772381673093,1.9966991383564705,1.9966991383564705,29700,VOXR,5886
2021-09-03,2.1158339977264404,2.1539570959722445,2.0624616147359967,2.0967724486035384,42400,VOXR,5886
2021-09-07,2.182549238204956,2.1920800119740425,2.096772274283177,2.163487690666783,28800,VOXR,5886
2021-09-08,2.15490984916687,2.2016107071374718,2.1253645197070505,2.1911269245352574,10600,VOXR,5886
2021-09-09,2.173018217086792,2.173018217086792,2.1063028082972295,2.1444258990341223,27400,VOXR,5886
2021-09-10,2.211141586303711,2.211141586303711,2.132989149557632,2.1920800385345767,16300,VOXR,5886
2021-09-13,2.2016103267669678,2.2302026421135035,2.096771837163003,2.211141098549146,47100,VOXR,5886
2021-09-14,2.2397336959838867,2.2397336959838867,2.1444259661583582,2.2397336959838867,3000,VOXR,5886
2021-09-15,2.249264717102051,2.3826957808092635,2.2387809338341524,2.2444994437008523,2900,VOXR,5886
2021-09-16,2.2873878479003906,2.3826955802164247,2.192079888352799,2.3826955802164247,9800,VOXR,5886
2021-09-17,2.3054964542388916,2.306449690746635,2.2759511215937587,2.287388141833984,34800,VOXR,5886
2021-09-20,2.2778573036193848,2.2778573036193848,2.0491184958384907,2.0491184958384907,18000,VOXR,5886
2021-09-21,2.3093090057373047,2.3426666035843384,2.2950127300660097,2.2950127300660097,1700,VOXR,5886
2021-09-22,2.3607749938964844,2.3607749938964844,2.25879550652956,2.3350419265525435,11000,VOXR,5886
2021-09-23,2.3064491748809814,2.380789108120647,2.2816691213905806,2.380789108120647,7500,VOXR,5886
2021-09-24,2.3664932250976562,2.3664932250976562,2.2873877866697505,2.3064493326227025,13600,VOXR,5886
2021-09-27,2.449410915374756,2.454176415455627,2.406522550804669,2.406522550804669,6400,VOXR,5886
2021-09-28,2.42081880569458,2.4494111269549603,2.363634163173819,2.429396570242165,20900,VOXR,5886
2021-09-29,2.411287784576416,2.859234559499053,2.3826954662492112,2.859234559499053,9100,VOXR,5886
2021-09-30,2.3636341094970703,2.3636341094970703,2.325511015348983,2.325511015348983,5200,VOXR,5886
2021-10-01,2.3331356048583984,2.3550564072952045,2.3159803029316497,2.3417133694375587,3500,VOXR,5886
2021-10-04,2.3436193466186523,2.387460946470066,2.3255108103253415,2.3493376284514733,20200,VOXR,5886
2021-10-05,2.411287784576416,2.449410875679356,2.3445723751462713,2.3874609662528523,32700,VOXR,5886
2021-10-06,2.458941698074341,2.465613216428826,2.382695514329881,2.465613216428826,17000,VOXR,5886
2021-10-07,2.5256574153900146,2.6876805609346515,2.478003321821798,2.6876805609346515,25100,VOXR,5886
2021-10-08,2.9974310398101807,2.9974310398101807,2.5828420608878573,2.5828420608878573,49400,VOXR,5886
2021-10-11,2.987900495529175,3.5168590216941222,2.987900495529175,3.5168590216941222,8800,VOXR,5886
2021-10-12,2.973604202270508,3.0975044909809,2.906888784551145,3.0975044909809,31600,VOXR,5886
2021-10-13,2.7258036136627197,2.906888530293564,2.5256573780108744,2.906888530293564,32400,VOXR,5886
2021-10-14,2.679103136062622,2.859234826515504,2.6686191259681564,2.859234826515504,18800,VOXR,5886
2021-10-15,2.6209654808044434,2.668619353190934,2.6209654808044434,2.666713334634427,49300,VOXR,5886
2021-10-18,2.898311138153076,2.9640735493309385,2.6019038968357746,2.647651750050125,26100,VOXR,5886
2021-10-19,2.935481071472168,2.977416658181616,2.8897334479020444,2.977416658181616,17000,VOXR,5886
2021-10-20,3.0183987617492676,3.5263894434307512,3.011727243325206,3.431081485524672,14400,VOXR,5886
2021-10-21,3.0498502254486084,3.1070348617880805,2.9736038164311,3.0250701709218615,6900,VOXR,5886
2021-10-22,3.0879733562469482,3.0879733562469482,3.067005565092227,3.067005565092227,6800,VOXR,5886
2021-10-25,3.0021965503692627,3.3643661638282554,3.0021965503692627,3.2471376292472725,22500,VOXR,5886
2021-10-26,2.925950527191162,3.0498508241470423,2.925950527191162,3.0498508241470423,6100,VOXR,5886
2021-10-27,2.8087217807769775,2.935481096748837,2.802050261750203,2.918325794570214,10100,VOXR,5886
2021-10-28,2.744865655899048,2.7868010163142896,2.697211558370246,2.7868010163142896,11500,VOXR,5886
2021-10-29,2.7258036136627197,2.735334386788998,2.6972112942838846,2.735334386788998,4800,VOXR,5886
2021-11-01,2.6409800052642822,2.860188042670481,2.632402467406515,2.7439125046417474,10800,VOXR,5886
2021-11-02,2.6209654808044434,2.6933994122782265,2.6209654808044434,2.6581355694353825,9400,VOXR,5886
2021-11-03,2.630496025085449,2.7162729878747385,2.6114344777989404,2.7162729878747385,22200,VOXR,5886
2021-11-04,2.8001441955566406,2.8401735395146774,2.62096549787732,2.6371677918711094,11600,VOXR,5886
2021-11-05,2.678149461746216,2.782988182159929,2.678149461746216,2.782988182159929,1800,VOXR,5886
2021-11-08,2.5923728942871094,2.6686190823676945,2.573311347266963,2.6686190823676945,28300,VOXR,5886
2021-11-09,2.739147186279297,2.749630969729312,2.716273146415146,2.749630969729312,800,VOXR,5886
2021-11-10,2.906888723373413,2.942152563559764,2.7629738805454847,2.811580985780149,15500,VOXR,5886
2021-11-11,2.956448793411255,2.956448793411255,2.914513434946365,2.9450117741792092,6600,VOXR,5886
2021-11-12,2.897357940673828,2.9078419508388365,2.8782963932139927,2.9078419508388365,5500,VOXR,5886
2021-11-15,2.697211980819702,2.849704616886479,2.6209657764021204,2.849704616886479,45900,VOXR,5886
2021-11-16,2.5828423500061035,2.7925196130682814,2.5828423500061035,2.7925196130682814,18100,VOXR,5886
2021-11-17,2.6114344596862793,2.667666091960933,2.6114344596862793,2.640026780417729,7500,VOXR,5886
2021-11-18,2.6495578289031982,2.72580402543142,2.6495578289031982,2.6905401822602766,4600,VOXR,5886
2021-11-19,2.6495578289031982,2.663854104368035,2.6495578289031982,2.6495578289031982,1300,VOXR,5886
2021-11-22,2.628589630126953,2.630495875639932,2.6019035563345754,2.628589630126953,10200,VOXR,5886
2021-11-23,2.6019039154052734,2.6171531999188895,2.6019039154052734,2.6095284440462883,15600,VOXR,5886
2021-11-24,2.630496025085449,2.630496025085449,2.6152467418099286,2.620965251442195,4000,VOXR,5886
2021-11-26,2.659088134765625,2.7820351731656263,2.6495573618795367,2.6686189076517133,7500,VOXR,5886
2021-11-29,2.6457457542419434,2.716273445641569,2.6457457542419434,2.6876811198932122,1600,VOXR,5886
2021-11-30,2.5571091175079346,2.601903731376713,2.5571091175079346,2.5733114101478183,27200,VOXR,5886
2021-12-01,2.6390738487243652,2.6714784343919034,2.6114345363695484,2.659088405654626,10300,VOXR,5886
2021-12-02,2.631448745727539,2.6686188270297984,2.631448745727539,2.6686188270297984,1000,VOXR,5886
2021-12-03,2.6495578289031982,2.697211701733337,2.592373181507032,2.687680927167309,6300,VOXR,5886
2021-12-06,2.6114344596862793,2.6686191011491784,2.5637805918005303,2.6019036861091296,6800,VOXR,5886
2021-12-07,2.5923728942871094,2.630495988327402,2.56378057375689,2.6114344413072557,5900,VOXR,5886
2021-12-08,2.6019039154052734,2.6019039154052734,2.6019039154052734,2.6019039154052734,400,VOXR,5886
2021-12-09,2.5828423500061035,2.6019038987179757,2.5733115756501674,2.6019038987179757,3600,VOXR,5886
2021-12-10,2.5542497634887695,2.620965177099184,2.4875341226467933,2.620965177099184,11000,VOXR,5886
2021-12-13,2.3826956748962402,2.4589418637788185,2.3826956748962402,2.4589418637788185,8300,VOXR,5886
2021-12-14,2.2873878479003906,2.315980167595201,2.2206722080476093,2.2873878479003906,38800,VOXR,5886
2021-12-15,2.2854819297790527,2.335042048575984,2.2854819297790527,2.308355743365486,2400,VOXR,5886
2021-12-16,2.377930164337158,2.392226438307474,2.2969187026105886,2.306449476180277,13300,VOXR,5886
2021-12-17,2.3636341094970703,2.640026769302269,2.3636341094970703,2.640026769302269,7200,VOXR,5886
2021-12-20,2.3874611854553223,2.906888690270939,2.35410336406176,2.906888690270939,16100,VOXR,5886
2021-12-21,2.478003740310669,2.478003740310669,2.3922267664185446,2.41128831617235,24800,VOXR,5886
2021-12-22,2.7258036136627197,2.7258036136627197,2.516126604884596,2.5256573780108744,31900,VOXR,5886
2021-12-23,2.663853406906128,2.7448650831223222,2.590466257453832,2.590466257453832,10000,VOXR,5886
2021-12-27,3.097504138946533,3.240465959328993,2.678149677907431,2.916419227057164,6700,VOXR,5886
2021-12-28,2.8115808963775635,3.040319686559538,2.668619067301993,3.040319686559538,7000,VOXR,5886
2021-12-29,2.5637807846069336,2.687680850427654,2.4494112658485316,2.668619301839851,22500,VOXR,5886
2021-12-30,2.6209654808044434,2.645745539891736,2.5637808339406547,2.5637808339406547,38800,VOXR,5886
2021-12-31,2.630496025085449,2.9354810089011565,2.619059005820917,2.9354810089011565,11100,VOXR,5886
2022-01-03,2.8211119174957275,2.9450119833042327,2.4112881684351986,2.8735312897228096,14800,VOXR,5886
2022-01-04,2.7162728309631348,2.840173108399631,2.620012090896454,2.7639269236581283,24700,VOXR,5886
2022-01-05,2.7972843647003174,2.8497037274931127,2.744865229139064,2.7639267742943456,7100,VOXR,5886
2022-01-06,2.7639269828796387,2.8106276129723557,2.754396209582739,2.8106276129723557,7200,VOXR,5886
2022-01-07,2.7639269828796387,2.7925193027703377,2.751536954870513,2.751536954870513,13300,VOXR,5886
2022-01-10,2.744865655899048,2.7877540255507607,2.723897862075638,2.7734579780773823,6500,VOXR,5886
2022-01-11,2.744865655899048,2.7543964299584927,2.7162731064891354,2.7162731064891354,5700,VOXR,5886
2022-01-12,2.7543962001800537,2.7543962001800537,2.716272879891037,2.716272879891037,4800,VOXR,5886
2022-01-13,2.7829885482788086,2.8115808683627135,2.7448654548336022,2.8115808683627135,8200,VOXR,5886
2022-01-14,2.8115808963775635,2.8211116698338303,2.7925193494650293,2.7925193494650293,6300,VOXR,5886
2022-01-18,2.7925190925598145,2.859234500616023,2.7639267748214396,2.859234500616023,26800,VOXR,5886
2022-01-19,2.897357940673828,2.9345280263899785,2.5256575379754667,2.7877539291639892,71800,VOXR,5886
2022-01-20,3.0021965503692627,3.0021965503692627,2.95454245652883,2.95454245652883,6700,VOXR,5886
2022-01-21,2.887826919555664,3.0117271946621376,2.859234600815297,2.969791612057693,14200,VOXR,5886
2022-01-24,2.7925190925598145,2.9068883635133154,2.4112877349183943,2.4112877349183943,26900,VOXR,5886
2022-01-25,2.916419506072998,2.925950279861541,2.8544693628316833,2.8640003638517975,33100,VOXR,5886
2022-01-26,2.8020503520965576,2.9068888686900722,2.7258039309787834,2.9068888686900722,55800,VOXR,5886
2022-01-27,2.630496025085449,2.754396309679324,2.5961851945234202,2.744865536036069,49100,VOXR,5886
2022-01-28,2.630496025085449,2.640026798728704,2.573311383225923,2.640026798728704,27000,VOXR,5886
2022-01-31,2.6495578289031982,2.687680927167309,2.6495578289031982,2.668619378035254,8000,VOXR,5886
2022-02-01,2.7925190925598145,2.7925190925598145,2.682915094280272,2.682915094280272,3900,VOXR,5886
2022-02-02,2.7258036136627197,2.735334386788998,2.7258036136627197,2.735334386788998,2900,VOXR,5886
2022-02-03,2.654322862625122,2.654322862625122,2.620965043899408,2.6400265896765163,4600,VOXR,5886
2022-02-04,2.6019039154052734,2.649557787490582,2.592373140988212,2.6209654642393967,13500,VOXR,5886
2022-02-07,2.640026569366455,2.687680433442618,2.640026569366455,2.6686188878121526,21300,VOXR,5886
2022-02-08,2.7639269828796387,2.849703942551736,2.7067421158666805,2.849703942551736,18300,VOXR,5886
2022-02-09,2.7639269828796387,3.097504275502689,2.7639269828796387,3.097504275502689,6300,VOXR,5886
2022-02-10,2.7753641605377197,2.803003475112702,2.7353348162302145,2.7925196911973327,13600,VOXR,5886
2022-02-11,2.7925190925598145,2.7934721016482977,2.7734575474008976,2.7925190925598145,13400,VOXR,5886
2022-02-14,2.744865655899048,2.8020503002557167,2.7381939095490164,2.8020503002557167,19700,VOXR,5886
2022-02-15,2.8115808963775635,2.8115808963775635,2.716272934583329,2.763927029096228,17900,VOXR,5886
2022-02-16,2.8401730060577393,2.8401730060577393,2.807768424156568,2.82873598786601,12700,VOXR,5886
2022-02-17,2.8401730060577393,2.8687653243055165,2.8096744423674918,2.8592345515562574,43600,VOXR,5886
2022-02-18,2.8497040271759033,2.8687655743357503,2.8497040271759033,2.8573285551472156,9500,VOXR,5886
2022-02-22,2.7258036136627197,2.8878269840410073,2.648604419509332,2.849703891535894,42700,VOXR,5886
2022-02-23,2.878296375274658,2.878296375274658,2.744865543887434,2.744865543887434,35300,VOXR,5886
2022-02-24,2.8497040271759033,2.9545425365550613,2.8497040271759033,2.9545425365550613,5700,VOXR,5886
2022-02-25,2.8306424617767334,2.8497040088137564,2.7267569622554872,2.8497040088137564,12100,VOXR,5886
2022-02-28,2.7763171195983887,2.830642506794729,2.7763171195983887,2.8020501857844673,12900,VOXR,5886
2022-03-01,2.7639269828796387,2.821111622661037,2.754396209582739,2.8134868676845817,16200,VOXR,5886
2022-03-02,2.8058621883392334,2.8211114702366675,2.7448652879810433,2.7677390972114213,10600,VOXR,5886
2022-03-03,2.8115808963775635,2.838266971162486,2.802050122921296,2.8115808963775635,21000,VOXR,5886
2022-03-04,2.8506572246551514,2.868765763822575,2.824924157012802,2.824924157012802,9500,VOXR,5886
2022-03-07,2.878296375274658,2.9068886962862064,2.8497040542631105,2.9068886962862064,7200,VOXR,5886
2022-03-08,2.878296375274658,2.956448810265517,2.878296375274658,2.878296375274658,18700,VOXR,5886
2022-03-09,2.897357940673828,2.9259502618635813,2.859234845754157,2.8782963932139927,13800,VOXR,5886
2022-03-10,2.954542398452759,2.954542398452759,2.925950079049461,2.945011625318326,9300,VOXR,5886
2022-03-11,2.85923433303833,3.0975038607915244,2.85923433303833,3.0975038607915244,54100,VOXR,5886
2022-03-14,2.8211119174957275,2.9354812090112707,2.792519594616842,2.9354812090112707,41300,VOXR,5886
2022-03-15,2.8497040271759033,2.8497040271759033,2.6781498755057154,2.6781498755057154,20300,VOXR,5886
2022-03-16,2.8211119174957275,3.0164929041172384,2.763927271737956,3.0164929041172384,10800,VOXR,5886
2022-03-17,2.8211119174957275,2.8306426917886895,2.8049096239208504,2.8049096239208504,12700,VOXR,5886
2022-03-18,2.7877540588378906,2.7953788145154363,2.7877540588378906,2.7925195595403043,12200,VOXR,5886
2022-03-21,2.7925190925598145,2.802049865139273,2.778222820074856,2.782988319980356,15900,VOXR,5886
2022-03-22,2.7829885482788086,2.8115808683627135,2.7639270015562056,2.7915660852418873,3200,VOXR,5886
2022-03-23,2.7639269828796387,2.782988529473438,2.7067421158666805,2.744865436285839,18600,VOXR,5886
2022-03-24,2.744865655899048,2.7734579780773823,2.7258038805485802,2.744865655899048,4700,VOXR,5886
2022-03-25,2.7639269828796387,2.7734577561765383,2.7258036624604802,2.7258036624604802,2300,VOXR,5886
2022-03-28,2.7439122200012207,2.7639270031334684,2.716272909068205,2.7639270031334684,3400,VOXR,5886
2022-03-29,2.7258036136627197,2.75439616027311,2.7258036136627197,2.75439616027311,5700,VOXR,5886
2022-03-30,2.7353343963623047,2.7448653967534957,2.6972113037237655,2.7448653967534957,7300,VOXR,5886
2022-03-31,2.723897933959961,2.75439650264768,2.697211629550311,2.735334726794168,1800,VOXR,5886
2022-04-01,2.680056095123291,2.70674216999565,2.620965208608199,2.70674216999565,6500,VOXR,5886
2022-04-04,2.668619155883789,2.716273024746941,2.649557608338528,2.68768070342905,8100,VOXR,5886
2022-04-05,2.706742286682129,2.749630882840545,2.6791032014389806,2.6791032014389806,5800,VOXR,5886
2022-04-06,2.692446231842041,2.744865601750692,2.682915457970611,2.744865601750692,12200,VOXR,5886
2022-04-07,2.68768048286438,2.697211255854867,2.6762436916147267,2.6924459829753995,4400,VOXR,5886
2022-04-08,2.721038579940796,2.735334627271301,2.6972115314145206,2.6972115314145206,4900,VOXR,5886
2022-04-11,2.706742286682129,2.9450118613727536,2.668619191088681,2.9450118613727536,23600,VOXR,5886
2022-04-12,2.7162728309631348,2.7639269236581283,2.687680511685071,2.732475349729103,10700,VOXR,5886
2022-04-13,2.721038579940796,2.721038579940796,2.6972115314145206,2.7162730793429106,9500,VOXR,5886
2022-04-14,2.7277095317840576,2.7639266016558524,2.7258032864949793,2.7639266016558524,5300,VOXR,5886
2022-04-18,2.678149461746216,2.7448650937300445,2.6590879175312736,2.6686186896387447,27500,VOXR,5886
2022-04-19,2.706742286682129,2.725803834478853,2.697211512783767,2.725803834478853,13100,VOXR,5886
2022-04-20,2.7353343963623047,2.7353343963623047,2.716272850043035,2.72580362320267,2400,VOXR,5886
2022-04-21,2.707695484161377,2.746771588412755,2.6972114739619766,2.746771588412755,13500,VOXR,5886
2022-04-22,2.697211980819702,2.7029304915973436,2.6933997160451457,2.7019774822116074,12700,VOXR,5886
2022-04-25,2.6495578289031982,2.687680927167309,2.6304962797711426,2.687680927167309,29300,VOXR,5886
2022-04-26,2.659088134765625,2.6686189076517133,2.640026588993449,2.6686189076517133,16200,VOXR,5886
2022-04-27,2.640026569366455,2.6686188878121526,2.640026569366455,2.6495573421816876,36600,VOXR,5886
2022-04-28,2.6495578289031982,2.659088603469226,2.6438393187172635,2.6495578289031982,6500,VOXR,5886
2022-04-29,2.6019039154052734,2.6781501107417665,2.5733115921540883,2.6667133177802445,19800,VOXR,5886
2022-05-02,2.5923728942871094,2.6114344413072557,2.56378057375689,2.6114344413072557,2700,VOXR,5886
2022-05-03,2.5828423500061035,2.659088544853592,2.5637808012942314,2.5914201150959215,7800,VOXR,5886
2022-05-04,2.6066691875457764,2.6400270116027005,2.5828423651321897,2.5923731395439416,7100,VOXR,5886
2022-05-05,2.5752172470092773,2.5923727748761225,2.554249682591872,2.5923727748761225,7500,VOXR,5886
2022-05-06,2.5733118057250977,2.5733118057250977,2.4570362572940674,2.5542502553089683,36400,VOXR,5886
2022-05-09,2.4942057132720947,2.5237510407197097,2.058648965499736,2.1920797844155757,17400,VOXR,5886
2022-05-10,2.4970650672912598,2.5351883906293327,2.481816010633923,2.5351883906293327,4900,VOXR,5886
2022-05-11,2.5637807846069336,2.5733115589008353,2.5065961388435243,2.513267658126097,5800,VOXR,5886
2022-05-12,2.5113613605499268,2.563780731700444,2.478003537593856,2.487534311691079,9400,VOXR,5886
2022-05-13,2.428443431854248,2.4398802234110732,2.311214670967993,2.311214670967993,11500,VOXR,5886
2022-05-16,2.430349349975586,2.4703786868531954,2.377929985665182,2.377929985665182,7200,VOXR,5886
2022-05-17,2.3826956748962402,2.478003410999463,2.3636341276755957,2.478003410999463,34400,VOXR,5886
2022-05-18,2.2302029132843018,2.2826222780757264,2.2302029132843018,2.2397336862253288,5100,VOXR,5886
2022-05-19,2.2587954998016357,2.2587954998016357,2.2092356109737867,2.2302031775900226,13100,VOXR,5886
2022-05-20,2.225437641143799,2.2349684140878847,2.144425957503293,2.230202914000066,18500,VOXR,5886
2022-05-23,2.2873878479003906,2.4112878999112346,2.277857074668787,2.277857074668787,3300,VOXR,5886
2022-05-24,2.249264717102051,2.2969188145034973,2.2397339430680767,2.2397339430680767,31900,VOXR,5886
2022-05-25,2.2873878479003906,2.344572487290011,2.2587953009740227,2.2587953009740227,5500,VOXR,5886
2022-05-26,2.3541033267974854,2.3922264207971913,2.2969186857979267,2.3445725532975588,16700,VOXR,5886
2022-05-27,2.3922266960144043,2.403663716422731,2.3636343722251794,2.3922266960144043,26000,VOXR,5886
2022-05-31,2.3159804344177246,2.373165080395549,2.302637168570965,2.3054964235930147,20200,VOXR,5886
2022-06-01,2.430349349975586,2.430349349975586,2.315980075732758,2.315980075732758,2800,VOXR,5886
2022-06-02,2.3636341094970703,2.401757203645158,2.3302762885017114,2.382695656571114,25700,VOXR,5886
2022-06-03,2.3636341094970703,2.3636341094970703,2.3636341094970703,2.3636341094970703,100,VOXR,5886
2022-06-06,2.478003740310669,2.5161270670498768,2.4017575412954475,2.4656137102475357,74900,VOXR,5886
2022-06-07,2.478003740310669,2.5161270670498768,2.41128831617235,2.5161270670498768,28100,VOXR,5886
2022-06-08,2.3826956748962402,2.4875341846097854,2.3826956748962402,2.468472637389141,33800,VOXR,5886
2022-06-09,2.3922266960144043,2.4208190198036297,2.3922266960144043,2.4160537461212206,6300,VOXR,5886
2022-06-10,2.411287784576416,2.411287784576416,2.375070938921242,2.3826954662492112,5100,VOXR,5886
2022-06-13,2.3541033267974854,2.396991921162937,2.3445725532975588,2.3826956472972647,19400,VOXR,5886
2022-06-14,2.2988245487213135,2.321698585359734,2.287387757633652,2.287387757633652,12400,VOXR,5886
2022-06-15,2.2873878479003906,2.2902471025930273,2.2587953009740227,2.2873878479003906,12800,VOXR,5886
2022-06-16,2.2397336959838867,2.27785701514565,2.230202923001334,2.2635607420560446,7300,VOXR,5886
2022-06-17,2.220672130584717,2.2302029034838617,2.192079811887282,2.2302029034838617,8800,VOXR,5886
2022-06-21,2.211141586303711,2.258795455726546,2.195892302642089,2.2235316150768054,10200,VOXR,5886
2022-06-22,2.192079782485962,2.192079782485962,2.192079782485962,2.192079782485962,1400,VOXR,5886
2022-06-23,2.0872416496276855,2.195892432911025,2.0872416496276855,2.195892432911025,7900,VOXR,5886
2022-06-24,2.193033218383789,2.2206723028735778,2.106303019210601,2.1253645664877636,11900,VOXR,5886
2022-06-27,2.153956890106201,2.2397338529610633,2.1301298423640667,2.1787369470439195,11300,VOXR,5886
2022-06-28,2.1396608352661133,2.1692063956724255,2.107256246980085,2.1692063956724255,1100,VOXR,5886
2022-06-29,2.1063027381896973,2.134895055290682,2.0967719658227026,2.1063027381896973,31400,VOXR,5886
2022-06-30,2.153956890106201,2.153956890106201,2.0777107009018794,2.0872414745524197,5200,VOXR,5886
2022-07-01,2.1348953247070312,2.1348953247070312,2.049118362579324,2.0967722304280505,6800,VOXR,5886
2022-07-05,2.0681798458099365,2.0967721656356404,2.058649072534702,2.0967721656356404,20600,VOXR,5886
2022-07-06,2.0967719554901123,2.0967719554901123,2.0500711029525114,2.058648866209998,2000,VOXR,5886
2022-07-07,2.0967719554901123,2.152050344053664,2.0967719554901123,2.1015372280343585,8800,VOXR,5886
2022-07-08,2.0872416496276855,2.1063031985276255,2.0872416496276855,2.0881946589032063,7700,VOXR,5886
2022-07-11,2.1158339977264404,2.1444263214107937,2.1158339977264404,2.1444263214107937,3200,VOXR,5886
2022-07-12,2.1158339977264404,2.1253647722878917,2.1158339977264404,2.1253647722878917,6700,VOXR,5886
2022-07-13,2.0967719554901123,2.1596750982486084,2.088194192232626,2.134895044770227,11100,VOXR,5886
2022-07-14,2.0300567150115967,2.096772126699358,2.0300567150115967,2.0872413536011067,4000,VOXR,5886
2022-07-15,2.0586490631103516,2.068179836341955,2.0300567434155417,2.049118289878748,34600,VOXR,5886
2022-07-18,2.0872416496276855,2.0872416496276855,2.077710875177716,2.077710875177716,6600,VOXR,5886
2022-07-19,2.0967719554901123,2.125364272450198,2.0872411831700837,2.0872411831700837,9400,VOXR,5886
2022-07-20,2.0491185188293457,2.102490900336,2.04435301806531,2.0967723903117896,19800,VOXR,5886
2022-07-21,2.0109951496124268,2.0586492472648534,2.0109951496124268,2.0586492472648534,14600,VOXR,5886
2022-07-22,2.0777106285095215,2.0777106285095215,2.0024174511241757,2.0205257613671685,6900,VOXR,5886
2022-07-25,2.1205990314483643,2.1444260787717875,2.1063029848395614,2.1444260787717875,3400,VOXR,5886
2022-07-26,2.1253645420074463,2.1253645420074463,2.1177397868454637,2.1177397868454637,2700,VOXR,5886
2022-07-27,2.0824761390686035,2.1158339631036203,2.0824761390686035,2.1158339631036203,1000,VOXR,5886
2022-07-28,2.144426107406616,2.144426107406616,1.9824027287995705,1.9824027287995705,4000,VOXR,5886
2022-07-29,2.1396608352661133,2.1444263361954894,2.13298931575026,2.1444263361954894,1300,VOXR,5886
2022-08-01,2.211141586303711,2.211141586303711,1.9824027858425288,2.1444261691117417,5900,VOXR,5886
2022-08-02,2.0929598808288574,2.0967721446544925,2.0920066444487815,2.094865899125897,4800,VOXR,5886
2022-08-03,2.1253645420074463,2.1253645420074463,2.087241447892229,2.087241447892229,7500,VOXR,5886
2022-08-04,2.0777106285095215,2.106302948464918,2.0586490818725904,2.063414354916043,7800,VOXR,5886
2022-08-05,2.0777106285095215,2.0777106285095215,2.049118308554125,2.049118308554125,2400,VOXR,5886
2022-08-08,2.0777106285095215,2.100584439027527,2.0777106285095215,2.087241401827987,3700,VOXR,5886
2022-08-09,2.1348953247070312,2.1539568718465216,2.1063030039977955,2.149191598677432,31200,VOXR,5886
2022-08-10,2.1348953247070312,2.1348953247070312,2.0777106832885597,2.09105372083989,18100,VOXR,5886
2022-08-11,2.153956890106201,2.173018437407282,2.1253645691545806,2.1253645691545806,8300,VOXR,5886
2022-08-12,2.153956890106201,2.1634876637567415,2.136801588427856,2.1634876637567415,4600,VOXR,5886
2022-08-15,2.1205990314483643,2.1444260787717875,2.1205990314483643,2.1444260787717875,12300,VOXR,5886
2022-08-16,2.173018217086792,2.2244845713668333,2.0967720356130064,2.2244845713668333,18800,VOXR,5886
2022-08-17,2.1158339977264404,2.1634878705336957,2.106303223164989,2.1634878705336957,8400,VOXR,5886
2022-08-18,2.1634879112243652,2.201611010187185,2.1634879112243652,2.201611010187185,3100,VOXR,5886
2022-08-19,2.2302029132843018,2.277857005220988,2.2302029132843018,2.2302029132843018,2900,VOXR,5886
2022-08-22,2.2016103267669678,2.220671870331325,2.2016103267669678,2.211141098549146,4200,VOXR,5886
2022-08-23,2.2302029132843018,2.2302029132843018,2.187314548665455,2.187314548665455,1500,VOXR,5886
2022-08-24,2.193985939025879,2.2282967650585372,2.193985939025879,2.2282967650585372,1600,VOXR,5886
2022-08-25,2.173018217086792,2.2302028531921314,2.171112198888874,2.2302028531921314,17100,VOXR,5886
2022-08-26,2.16158127784729,2.16158127784729,2.16158127784729,2.16158127784729,500,VOXR,5886
2022-08-29,2.206376552581787,2.2111418264257754,2.1520509310317713,2.1520509310317713,1000,VOXR,5886
2022-08-30,2.2016103267669678,2.220671870331325,2.2016103267669678,2.220671870331325,800,VOXR,5886
2022-08-31,2.206376552581787,2.2206726013453504,2.187315002742637,2.187315002742637,7600,VOXR,5886
2022-09-01,2.1653940677642822,2.2016109193927402,2.161581576239952,2.182549370697429,11400,VOXR,5886
2022-09-02,2.168253183364868,2.1977985137732494,2.153956909146897,2.1977985137732494,4500,VOXR,5886
2022-09-06,2.144426107406616,2.1920799754582276,2.144426107406616,2.1920799754582276,4000,VOXR,5886
2022-09-07,2.1634879112243652,2.1730186859650704,2.1444263617429553,2.1730186859650704,1100,VOXR,5886
2022-09-08,2.182549238204956,2.1920800119740425,2.1358483785669606,2.14442614312861,6200,VOXR,5886
2022-09-09,2.190173625946045,2.239733504887897,2.163487327532864,2.239733504887897,9200,VOXR,5886
2022-09-12,2.195892333984375,2.2397339399254554,2.195892333984375,2.201610843843051,1900,VOXR,5886
2022-09-13,2.192079782485962,2.192079782485962,2.1730182369433355,2.1730182369433355,3100,VOXR,5886
2022-09-14,2.17969012260437,2.1815963683725994,2.1730186032629453,2.1730186032629453,1600,VOXR,5886
2022-09-15,2.182549238204956,2.2016107857431293,2.163487690666783,2.182549238204956,19400,VOXR,5886
2022-09-16,2.2016103267669678,2.2683259564737415,2.2016103267669678,2.264513465975651,7000,VOXR,5886
2022-09-19,2.1396608352661133,2.1634878854498107,2.135848570861567,2.146332582013558,4400,VOXR,5886
2022-09-20,2.2016103267669678,2.220671870331325,2.138707187558284,2.140613432807329,16200,VOXR,5886
2022-09-21,2.2587954998016357,2.287388049244827,2.220672403519485,2.2683265011037514,9100,VOXR,5886
2022-09-22,2.268326759338379,2.268326759338379,2.249264981795663,2.2530774736431685,1600,VOXR,5886
2022-09-23,2.192079782485962,2.2206721007999017,2.192079782485962,2.2206721007999017,16300,VOXR,5886
2022-09-26,2.0405404567718506,2.182549041288232,2.0338689384585735,2.134895176742287,27200,VOXR,5886
2022-09-27,2.1063027381896973,2.1063027381896973,2.049118103987728,2.0872411934557076,7700,VOXR,5886
2022-09-28,2.173018217086792,2.173018217086792,2.1587221716762297,2.1587221716762297,1400,VOXR,5886
2022-09-29,2.1129746437072754,2.1129746437072754,2.1129746437072754,2.1129746437072754,400,VOXR,5886
2022-09-30,2.0300567150115967,2.0948658811870864,2.001464168485287,2.0700858256853207,7100,VOXR,5886
2022-10-03,2.0548367500305176,2.077710789553051,2.0300569192670683,2.0491184673814615,5700,VOXR,5886
2022-10-04,2.1205990314483643,2.1205990314483643,2.0491183439412226,2.0681798909073352,8800,VOXR,5886
2022-10-05,2.0681798458099365,2.1253644854613443,2.0681798458099365,2.1158337121861095,12000,VOXR,5886
2022-10-06,2.1158339977264404,2.1158339977264404,2.087241674042087,2.087241674042087,4700,VOXR,5886
2022-10-07,2.0891478061676025,2.163487988126512,2.0891478061676025,2.1348956628880704,2600,VOXR,5886
2022-10-10,2.5733118057250977,2.5733118057250977,2.28262282103172,2.439880725580588,149400,VOXR,5886
2022-10-11,2.2016103267669678,2.916418892124933,2.0205254356740507,2.754395771827897,1367200,VOXR,5886
2022-10-12,2.0395877361297607,2.087241607415871,1.963341314840402,1.9919336376120682,82100,VOXR,5886
2022-10-13,2.0586490631103516,2.0586490631103516,1.9156872374047431,1.9728718767943634,41000,VOXR,5886
2022-10-14,1.9633411169052124,2.0300567572113795,1.934748797016095,2.0300567572113795,26100,VOXR,5886
2022-10-17,2.0014641284942627,2.0205256743098996,1.934748718139534,1.934748718139534,40200,VOXR,5886
2022-10-18,1.9824023246765137,2.058648725247432,1.968106280791137,2.058648725247432,10500,VOXR,5886
2022-10-19,1.953810453414917,2.001464322574974,1.9347489057508942,1.953810453414917,9700,VOXR,5886
2022-10-20,1.9643456935882568,2.068740430088545,1.91550032211499,1.9633877844987782,37900,VOXR,5886
2022-10-21,2.0380923748016357,2.0495854571794574,1.9729652885697038,1.9729652885697038,41400,VOXR,5886
2022-10-24,1.9729653596878052,2.0495855310594324,1.9442328810529859,2.0495855310594324,8900,VOXR,5886
2022-10-25,2.1070501804351807,2.1070501804351807,2.0400077400838827,2.0495852315626397,7200,VOXR,5886
2022-10-26,2.1118392944335938,2.2650794214455163,2.0208529904276515,2.1195014263741934,35000,VOXR,5886
2022-10-27,2.09747314453125,2.1166281316492603,2.0591631702952298,2.0783181574132397,9100,VOXR,5886
2022-10-28,2.087895393371582,2.107050378126286,2.087895393371582,2.087895393371582,25600,VOXR,5886
2022-10-31,2.154937982559204,2.1645154755700937,2.087895531482976,2.087895531482976,15700,VOXR,5886
2022-11-01,2.154937982559204,2.2267692943135997,2.1453604895483145,2.1453604895483145,2200,VOXR,5886
2022-11-02,2.212402582168579,2.2938113737439205,2.1549376334137764,2.1549376334137764,60200,VOXR,5886
2022-11-03,2.308177947998047,2.308177947998047,2.1731351455418606,2.2104874343430856,10000,VOXR,5886
2022-11-04,2.2507128715515137,2.3273330425843604,2.2507128715515137,2.3273330425843604,8200,VOXR,5886
2022-11-07,2.2602906227111816,2.31775581463975,2.241135634850148,2.31775581463975,22600,VOXR,5886
2022-11-08,2.308177947998047,2.3847978870700386,2.260290257732622,2.260290257732622,31600,VOXR,5886
2022-11-09,2.499728202819824,2.69894044220627,2.3273333118291246,2.4039532633805467,92100,VOXR,5886
2022-11-10,2.6338133811950684,2.672123357477176,2.5188834523487458,2.652968369336122,25700,VOXR,5886
2022-11-11,2.561981439590454,2.672122708838232,2.5284603326533577,2.605080266618624,119900,VOXR,5886
2022-11-14,2.4901506900787354,2.5667708693972497,2.41448841998921,2.5667708693972497,88100,VOXR,5886
2022-11-15,2.4901506900787354,2.585925857140512,2.4039532452340557,2.585925857140512,22400,VOXR,5886
2022-11-16,2.4901506900787354,2.739165759086609,2.413530739105687,2.4997281839503667,47000,VOXR,5886
2022-11-17,2.3943755626678467,2.5102633892235873,2.3464880970835793,2.480573000719528,7800,VOXR,5886
2022-11-18,2.4164040088653564,2.614658337417601,2.3752207624038677,2.4135307378707904,20700,VOXR,5886
2022-11-21,2.4135303497314453,2.552404102638361,2.4135303497314453,2.423107842057942,3400,VOXR,5886
2022-11-22,2.4039533138275146,2.6414753056286036,2.4039533138275146,2.423108302117338,5200,VOXR,5886
2022-11-23,2.4039533138275146,2.5093057494215416,2.386713915704863,2.5093057494215416,5000,VOXR,5886
2022-11-25,2.4805731773376465,2.4805731773376465,2.379051697401527,2.379051697401527,1500,VOXR,5886
2022-11-28,2.3943755626678467,2.423108042018407,2.3656430833172863,2.4135305489015537,14000,VOXR,5886
2022-11-29,2.373304843902588,2.375220433749064,2.3560654486660417,2.375220433749064,3600,VOXR,5886
2022-11-30,2.375220537185669,2.5859256106201736,2.3445724683799916,2.3445724683799916,9800,VOXR,5886
2022-12-01,2.370431423187256,2.4039527591323706,2.3416989473823375,2.384797775262425,16700,VOXR,5886
2022-12-02,2.4135303497314453,2.451840319037432,2.383840192022934,2.4039528574049487,26700,VOXR,5886
2022-12-05,2.3369104862213135,2.417361378680269,2.260290316801551,2.3847979493927673,32500,VOXR,5886
2022-12-06,2.2650797367095947,2.394376033378198,2.2315583900379226,2.3847985383785044,17600,VOXR,5886
2022-12-07,2.375220537185669,2.3943755231028563,2.2219804215027263,2.2219804215027263,13800,VOXR,5886
2022-12-08,2.3464877605438232,2.3943752192599392,2.3464877605438232,2.3943752192599392,2800,VOXR,5886
2022-12-09,2.3464877605438232,2.3943752192599392,2.327332777057377,2.3943752192599392,32600,VOXR,5886
2022-12-12,2.375220537185669,2.375220537185669,2.1836704496683517,2.3369105653512943,4000,VOXR,5886
2022-12-13,2.2698678970336914,2.4374743671201373,2.20857198747781,2.4374743671201373,8000,VOXR,5886
2022-12-14,2.2028253078460693,2.3943753842556035,2.2028253078460693,2.2602902622653005,3800,VOXR,5886
2022-12-15,2.2028253078460693,2.2028253078460693,2.2028253078460693,2.2028253078460693,2600,VOXR,5886
2022-12-16,2.3560659885406494,2.4365168986549692,2.2028258444172257,2.2028258444172257,10600,VOXR,5886
2022-12-19,2.2028253078460693,2.2794454754171416,2.1645153382332487,2.231557785055685,12200,VOXR,5886
2022-12-20,2.164515495300293,2.2411354400858245,2.164515495300293,2.164515495300293,7800,VOXR,5886
2022-12-21,2.231557846069336,2.298600523070236,2.1740928900789394,2.241135338734402,6500,VOXR,5886
2022-12-22,2.296685218811035,2.327333290488765,2.1357831850211504,2.1836706543016877,13200,VOXR,5886
2022-12-23,2.308177947998047,2.308177947998047,2.2009099419590865,2.2507127653486227,5400,VOXR,5886
2022-12-27,2.2133610248565674,2.327333269205625,2.2133610248565674,2.2986007879000576,7300,VOXR,5886
2022-12-28,2.020853042602539,2.2315581370544213,2.011275548688611,2.2315581370544213,14800,VOXR,5886
2022-12-29,2.171935796737671,2.241222211215521,1.4049740314427026,1.4049740314427026,1300,VOXR,5886
2022-12-30,2.2421844005584717,2.3287925313688267,2.2421844005584717,2.2421844005584717,15500,VOXR,5886
2023-01-03,2.2325613498687744,2.29992328186544,2.2325613498687744,2.29992328186544,8800,VOXR,5886
2023-01-04,2.3095462322235107,2.4057772296358255,2.2710536038257896,2.3191693319647424,4500,VOXR,5886
2023-01-05,2.2720162868499756,2.348038850744107,2.26143071554185,2.348038850744107,7200,VOXR,5886
2023-01-06,2.261430501937866,2.386531027887918,2.213315003277383,2.213315003277383,9100,VOXR,5886
2023-01-09,2.261430501937866,2.3384155292274347,2.2566190667882156,2.309546230031145,13900,VOXR,5886
2023-01-10,2.3095462322235107,2.3191693319647424,2.261430504084558,2.267204409815856,3400,VOXR,5886
2023-01-11,2.3143577575683594,2.3191694223428834,2.2614305922126143,2.3191694223428834,5600,VOXR,5886
2023-01-12,2.319169282913208,2.3576616810640014,2.2999230838378115,2.3576616810640014,3000,VOXR,5886
2023-01-13,2.2710540294647217,2.328792868166268,2.2229385217407986,2.299923563531914,7200,VOXR,5886
2023-01-17,2.1651997566223145,2.251807664291391,2.145953554918075,2.2421845634392716,23800,VOXR,5886
2023-01-18,2.155576467514038,2.2229381675958764,2.136330267490656,2.1651995675257294,12100,VOXR,5886
2023-01-19,2.11708402633667,2.192144342629274,2.088214726862468,2.088214726862468,5700,VOXR,5886
2023-01-20,2.214277505874634,2.232561235027065,2.1700112005802867,2.1940688355420326,7400,VOXR,5886
2023-01-23,2.197918176651001,2.197918176651001,2.165199680786322,2.174822781301393,2100,VOXR,5886
2023-01-24,2.1940689086914062,2.2248629210792115,2.1651996081151412,2.2036920088834946,36300,VOXR,5886
2023-01-25,2.2421844005584717,2.2421844005584717,2.1940688997931663,2.2133151000992886,7500,VOXR,5886
2023-01-26,2.3961544036865234,2.40577750452732,2.2133152582785702,2.2133152582785702,21500,VOXR,5886
2023-01-27,2.4731390476226807,2.4731390476226807,2.3701718983470803,2.3701718983470803,8000,VOXR,5886
2023-01-30,2.3961544036865234,2.4827623112536914,2.3576620003233377,2.4827623112536914,10200,VOXR,5886
2023-01-31,2.28067684173584,2.444269776680419,2.2614306410873963,2.444269776680419,27400,VOXR,5886
2023-02-01,2.453892707824707,2.453892707824707,2.3287924122346757,2.3865310101993056,48500,VOXR,5886
2023-02-02,2.3672852516174316,2.521254874855745,2.3672852516174316,2.4923855704985614,24900,VOXR,5886
2023-02-03,2.3701722621917725,2.4615918429120125,2.309546698635429,2.410589381040282,9300,VOXR,5886
2023-02-06,2.37690806388855,2.37690806388855,2.3095463619172008,2.328792562480443,6300,VOXR,5886
2023-02-07,2.3095462322235107,2.357661730929668,2.2999231324822795,2.3287924317059736,9800,VOXR,5886
2023-02-08,2.3287923336029053,2.3663224898425455,2.280676607490883,2.3576616316104473,11100,VOXR,5886
2023-02-09,2.28067684173584,2.3480387734382018,2.28067684173584,2.3480387734382018,10600,VOXR,5886
2023-02-10,2.319169282913208,2.319169282913208,2.280676655329624,2.3095461833755095,3600,VOXR,5886
2023-02-13,2.349001169204712,2.3576620288962378,2.30088566441761,2.338415826981397,6800,VOXR,5886
2023-02-14,2.3961544036865234,2.3961544036865234,2.3287926978009486,2.3287926978009486,11000,VOXR,5886
2023-02-15,2.440420389175415,2.440420389175415,2.3634355926782242,2.4154002844272697,3200,VOXR,5886
2023-02-16,2.415400505065918,2.4538929068306636,2.348038801977613,2.4538929068306636,35500,VOXR,5886
2023-02-17,2.348038673400879,2.425023472714744,2.348038673400879,2.357661773315112,10400,VOXR,5886
2023-02-21,2.213315010070801,2.319169336881562,2.213315010070801,2.261430508878967,16500,VOXR,5886
2023-02-22,2.222937822341919,2.2931864644599282,2.2036916253077456,2.2931864644599282,11400,VOXR,5886
2023-02-23,2.251807451248169,2.299923180389366,2.240259868977834,2.251807451248169,2700,VOXR,5886
2023-02-24,2.213315010070801,2.3961541349746276,2.213315010070801,2.3961541349746276,3500,VOXR,5886
2023-02-27,2.213315010070801,2.280676708402233,2.213315010070801,2.2421843093557,16000,VOXR,5886
2023-02-28,2.2325613498687744,2.290300181499175,2.202729807563196,2.290300181499175,39300,VOXR,5886
2023-03-01,2.250844717025757,2.338415067915303,2.232560762311912,2.2421838601456066,10400,VOXR,5886
2023-03-02,2.261430501937866,2.299923130299048,2.261430501937866,2.299923130299048,10600,VOXR,5886
2023-03-03,2.2999231815338135,2.2999231815338135,2.261430552315142,2.2903000815873455,4400,VOXR,5886
2023-03-06,2.3384156227111816,2.386531123295197,2.222938191876741,2.386531123295197,24900,VOXR,5886
2023-03-07,2.3095462322235107,2.348038631188437,2.2133150053784005,2.3114707145120796,11200,VOXR,5886
2023-03-08,2.2903003692626953,2.319169672728255,2.1940691282780005,2.319169672728255,6900,VOXR,5886
2023-03-09,2.255657196044922,2.2903004066557693,2.2036922654122346,2.2036922654122346,7400,VOXR,5886
2023-03-10,2.1748228073120117,2.232561411092985,2.1748228073120117,2.232561411092985,13700,VOXR,5886
2023-03-13,2.266242027282715,2.3287922864146613,2.213314867291623,2.213314867291623,5900,VOXR,5886
2023-03-14,2.301847457885742,2.3287922729844124,2.2614303499541273,2.27394040170837,11700,VOXR,5886
2023-03-15,2.261430501937866,2.434646526548401,2.2036919035452867,2.299923130299048,20700,VOXR,5886
2023-03-16,2.4057774543762207,2.4442698569369896,2.271053815980713,2.3961543537360286,22200,VOXR,5886
2023-03-17,2.3672852516174316,2.5020086719509558,2.323981180365238,2.5020086719509558,21400,VOXR,5886
2023-03-20,2.540501117706299,2.6078628228487872,2.3634358806426445,2.3634358806426445,56200,VOXR,5886
2023-03-21,2.5308778285980225,2.598239528726769,2.453892799018081,2.453892799018081,33600,VOXR,5886
2023-03-22,2.511631488800049,2.588616521128551,2.4442697862663185,2.588616521128551,26600,VOXR,5886
2023-03-23,2.578993320465088,2.655978120366708,2.4731389911675588,2.4731389911675588,54400,VOXR,5886
2023-03-24,2.6367321014404297,2.65597830273736,2.5549356312120675,2.598239698846569,11300,VOXR,5886
2023-03-27,2.7714555263519287,2.7907017261655285,2.5886163986899335,2.655978098037532,73400,VOXR,5886
2023-03-28,2.7907016277313232,2.8436285606354725,2.7040935021921855,2.8291940260008106,28500,VOXR,5886
2023-03-29,2.877309560775757,2.8869326604666674,2.7233397362883953,2.7810785638666524,37400,VOXR,5886
2023-03-30,2.9265687465667725,3.0424725801420847,2.8879342121349985,2.9458860137826597,67300,VOXR,5886
2023-03-31,2.9072511196136475,3.0328135712600655,2.9072511196136475,3.0134960761544956,21600,VOXR,5886
2023-04-03,2.897592782974243,3.0424725142349494,2.897592782974243,2.974861850163961,24000,VOXR,5886
2023-04-04,2.9941790103912354,3.023155139836033,2.8975926798418317,2.9120807445642303,12200,VOXR,5886
2023-04-05,2.9748616218566895,3.032813648081405,2.926568458569399,3.0038375198290637,37200,VOXR,5886
2023-04-06,2.936227560043335,2.9845207310414152,2.926568925843719,2.9796915290816095,27200,VOXR,5886
2023-04-10,2.916910171508789,2.9748619743196936,2.916910171508789,2.9555447067160587,22400,VOXR,5886
2023-04-11,2.8782756328582764,2.945886069390117,2.8492997314874877,2.897592900438802,25400,VOXR,5886
2023-04-12,2.8203237056732178,2.916910039314088,2.810665072309131,2.897592772585914,22900,VOXR,5886
2023-04-13,2.8222553730010986,2.8975928535130757,2.792313677820179,2.829982418076168,6600,VOXR,5886
2023-04-14,2.777825355529785,2.810664891074136,2.7237369661225843,2.810664891074136,6400,VOXR,5886
2023-04-17,2.8396410942077637,2.8492997279861574,2.7140786248086477,2.7140786248086477,8800,VOXR,5886
2023-04-18,2.8637874126434326,2.897592744226873,2.7623716481730938,2.897592744226873,22500,VOXR,5886
2023-04-19,2.829982280731201,2.9024221446093676,2.7720302514606803,2.897592712886833,12400,VOXR,5886
2023-04-20,2.781689167022705,2.8299823337529637,2.7527130367045665,2.77203030339667,15100,VOXR,5886
2023-04-21,2.781689167022705,2.8396409670990157,2.7140785033203594,2.8396409670990157,38200,VOXR,5886
2023-04-24,2.991281270980835,3.052130909962322,2.782654759758476,2.868616659397126,447400,VOXR,5886
2023-04-25,2.897592782974243,2.9652032167652465,2.897592782974243,2.9265686831703874,12600,VOXR,5886
2023-04-26,2.8831045627593994,2.955544424495861,2.8831045627593994,2.9545786302918993,30100,VOXR,5886
2023-04-27,2.829982280731201,2.8782754465566525,2.7720302514606803,2.8782754465566525,45000,VOXR,5886
2023-04-28,2.868616819381714,2.878275452566973,2.8010063870849002,2.868616819381714,15000,VOXR,5886
2023-05-01,2.8396410942077637,2.9072515306565214,2.7816892915373996,2.9072515306565214,8300,VOXR,5886
2023-05-02,2.838675022125244,2.838675022125244,2.7527131138522165,2.7527131138522165,18200,VOXR,5886
2023-05-03,2.7720303535461426,2.810665117909284,2.762371720025354,2.791347850867707,16500,VOXR,5886
