Price,Close,High,Low,Open,Volume,Symbol,StockID
Ticker,DE,DE,DE,DE,DE,,
Date,,,,,,,
2014-08-08,71.52161407470703,71.5380568446885,70.14840752605652,70.27997477979604,2718700,DE,1556
2014-08-11,71.66964721679688,71.85876736321171,71.2585088264485,71.5956390443277,2178800,DE,1556
2014-08-12,71.11046600341797,71.69428149600608,70.84733780572373,71.45582058661583,5172600,DE,1556
2014-08-13,69.47416687011719,71.52164067190988,69.37549766659176,70.31289274092906,9515900,DE,1556
2014-08-14,69.80305480957031,69.87706296019648,68.6600909236178,69.57281838268378,6386700,DE,1556
2014-08-15,69.72907257080078,70.01686818546324,68.97257317493587,69.9922008861313,4553200,DE,1556
2014-08-18,70.80625915527344,70.86381828310274,69.96753326578978,70.06620874498621,3225800,DE,1556
2014-08-19,70.47730255126953,70.96244884170203,70.41151894011419,70.96244884170203,2101700,DE,1556
2014-08-20,70.60890197753906,70.9871485039907,70.4033328040236,70.55134285989367,2755600,DE,1556
2014-08-21,70.88844299316406,71.21735478606017,70.19773387420584,70.60064752693147,2217200,DE,1556
2014-08-22,69.6961669921875,70.66645363975248,69.64682612978748,70.44443544263403,4225800,DE,1556
2014-08-25,69.98396301269531,70.18130764318201,69.76194481410917,69.84417749416193,2210800,DE,1556
2014-08-26,69.1534652709961,70.10730919985886,69.05479608764684,69.86884821764318,3716000,DE,1556
2014-08-27,68.9478759765625,69.27678779646249,68.79164772405016,69.19456140985528,3453700,DE,1556
2014-08-28,69.04656982421875,69.16168805087331,68.40519505472251,68.72588243947064,2295600,DE,1556
2014-08-29,69.1452407836914,69.1616898299068,68.63543327352832,69.13702253405671,2382100,DE,1556
2014-09-02,68.88211059570312,69.54815893255382,68.68476596090095,69.07946150397814,2790200,DE,1556
2014-09-03,68.38874816894531,69.27680846559177,68.33118905380006,69.21102482729061,3042200,DE,1556
2014-09-04,68.33939361572266,69.07944364676705,68.25716722860021,68.50384638996753,3421100,DE,1556
2014-09-05,68.07628631591797,68.39697371559356,67.8953844446193,68.34763912286597,3524200,DE,1556
2014-09-08,68.1913833618164,68.45451156373517,67.80491244292642,68.0762651655689,3573500,DE,1556
2014-09-09,67.63224029541016,68.16672126064572,67.58290571425574,67.92003580793033,3068800,DE,1556
2014-09-10,67.41024017333984,67.82959673329523,67.27044837988196,67.62402757797378,4466800,DE,1556
2014-09-11,67.49246215820312,67.57468856024911,67.11421569001368,67.20466661430598,4086900,DE,1556
2014-09-12,67.38555145263672,67.64046141387762,67.14709680673889,67.31154958462801,2640800,DE,1556
2014-09-15,67.98582458496094,68.0845000282208,67.05665435311766,67.16354804487843,3513300,DE,1556
2014-09-16,68.1913833618164,68.56962975998266,67.59111881840768,67.75557786552639,4223200,DE,1556
2014-09-17,68.7176513671875,69.03011419925906,68.24895398234402,68.33118038305,5249900,DE,1556
2014-09-18,69.194580078125,69.24391466870526,68.69299082898284,68.7423254195631,3647900,DE,1556
2014-09-19,68.77520751953125,69.4905903492225,68.74231570596788,69.4494740139003,5150100,DE,1556
2014-09-22,68.85746002197266,68.8739090717265,68.38054422817528,68.56143986114705,3902100,DE,1556
2014-09-23,68.51205444335938,68.94785983648346,68.4462708400845,68.8162989034034,4384100,DE,1556
2014-09-24,68.88211059570312,68.98078604984063,68.3065194635831,68.51208862126495,4107600,DE,1556
2014-09-25,68.3558349609375,68.890315876315,68.30650038438517,68.88209135573258,5515700,DE,1556
2014-09-26,68.60433959960938,68.82796559239232,68.24818981919063,68.24818981919063,2877200,DE,1556
2014-09-29,68.19850158691406,68.28961012630285,67.9168979699546,68.08254641297981,3782500,DE,1556
2014-09-30,67.90857696533203,68.3889660372973,67.88373034420962,68.19846474355947,3821200,DE,1556
2014-10-01,67.54415130615234,68.14048918783142,67.42819619145808,67.7594929082532,4625100,DE,1556
2014-10-02,67.67669677734375,67.74295867579663,67.04722138020625,67.51104835029399,4115800,DE,1556
2014-10-03,68.04940795898438,68.70372359940228,67.93344648951854,68.58776844901821,3422900,DE,1556
2014-10-06,68.61262512207031,68.69545565796808,68.14880445263972,68.3227372036762,2662700,DE,1556
2014-10-07,66.2686538696289,67.56901336936471,66.2272386110251,67.22942594224098,7171300,DE,1556
2014-10-08,67.34537506103516,67.44476788134729,65.33271626304953,66.08643093248497,8312200,DE,1556
2014-10-09,67.21285247802734,68.14049345365478,67.10517535115615,67.38678516095749,5240000,DE,1556
2014-10-10,67.07205963134766,68.48837422518349,66.51712425228224,67.0637753160861,5165400,DE,1556
2014-10-13,67.62700653076172,68.64575640883403,67.43650514397956,67.56074462935204,4872800,DE,1556
2014-10-14,69.87155151367188,71.30442828845399,67.5607206544727,67.87545509585665,7207400,DE,1556
2014-10-15,70.34367370605469,70.66669254171244,68.52979384499038,69.22553109654078,5571300,DE,1556
2014-10-16,69.67276763916016,70.50102210140803,68.96874629098541,69.30833365366547,6177000,DE,1556
2014-10-17,68.9853286743164,70.21114198418074,68.40554664368861,70.21114198418074,6437200,DE,1556
2014-10-20,68.08251953125,68.67058580568816,67.95828640757487,68.50493110898708,4819800,DE,1556
2014-10-21,69.39115905761719,69.67276886566049,68.12393071912281,68.45523377367014,4333400,DE,1556
2014-10-22,69.09300231933594,70.04549644351312,68.80311445173808,69.19239515354731,4061700,DE,1556
2014-10-23,70.54244995117188,70.86546877254945,69.39117644542479,70.42649480088669,4378700,DE,1556
2014-10-24,70.75780487060547,70.93173761307348,70.13661379647013,70.3685241197608,2380700,DE,1556
2014-10-27,70.05378723144531,70.4679146002965,69.39946523037058,70.4679146002965,2378200,DE,1556
2014-10-28,70.80750274658203,70.84891801518832,70.25257353412142,70.34368206978903,2517400,DE,1556
2014-10-29,70.52589416503906,71.09738565316987,70.09519815062029,70.88204396504283,2465900,DE,1556
2014-10-30,70.59212493896484,70.76605760380447,69.91295658712839,70.21940666938316,1666700,DE,1556
2014-10-31,70.84889221191406,71.34584365878507,70.38507170404519,71.32928134882424,2554800,DE,1556
2014-11-03,70.40166473388672,70.93174735106226,69.40776140645337,70.81579217349781,2709600,DE,1556
2014-11-04,70.02893829345703,70.27741091513319,69.64793556587273,70.18630239146067,2643100,DE,1556
2014-11-05,70.37680053710938,70.80749018643628,69.95438888476912,70.77435924124472,4007200,DE,1556
2014-11-06,72.69588470458984,72.82840843955496,70.32708297334341,70.43475376869296,5481000,DE,1556
2014-11-07,73.43304443359375,73.59040848611264,72.6544832087314,72.71246076893945,4401400,DE,1556
2014-11-10,73.33367156982422,73.94657827575277,72.85328232938316,73.22600073417303,3549400,DE,1556
2014-11-11,73.25911712646484,73.58213591619102,72.75388131297906,73.18457724533472,1669800,DE,1556
2014-11-12,73.11003112792969,73.35851003680716,72.48056217851408,73.16800869745695,2602200,DE,1556
2014-11-13,72.43913269042969,73.17627863778873,72.26520001601597,73.1017387712171,2580800,DE,1556
2014-11-14,72.48885345458984,72.67935482883942,71.92563996782529,72.12442565897675,2098700,DE,1556
2014-11-17,71.9007797241211,72.17410525839732,70.77435296384436,71.80967121269569,4047500,DE,1556
2014-11-18,72.29834747314453,72.48884249952275,71.6026102974241,71.90078247000696,2144200,DE,1556
2014-11-19,71.50323486328125,72.33148962230709,71.3789953856109,72.25694340807196,2854900,DE,1556
2014-11-20,70.7081069946289,71.11395003391524,70.52588994704836,71.05597245687434,3881800,DE,1556
2014-11-21,72.1161117553711,72.14095837680075,71.18846453449217,71.3127039607202,3364300,DE,1556
2014-11-24,72.48885345458984,72.88641851781047,71.72686059575612,72.43087587444124,2315600,DE,1556
2014-11-25,72.71247100830078,72.82842614504564,72.074711437123,72.55510061454088,4061900,DE,1556
2014-11-26,72.04987335205078,72.83671909504973,69.91298106508063,71.01455499474831,8945500,DE,1556
2014-11-28,71.74340057373047,72.05813498038526,70.87373089978355,71.6688543895534,2928000,DE,1556
2014-12-01,74.19505310058594,74.26131498919855,72.73732314651605,72.84499397620041,5245200,DE,1556
2014-12-02,73.14318084716797,74.23647695254577,72.9526857779964,74.08739083276322,3787900,DE,1556
2014-12-03,74.6920166015625,74.85766503056911,73.33367926264431,73.3833725275298,3623500,DE,1556
2014-12-04,74.18677520751953,74.50150972705558,73.6235617437147,74.43525415178834,2055800,DE,1556
2014-12-05,74.31929016113281,74.58433138793978,73.7229458210468,73.91344084580237,2071700,DE,1556
2014-12-08,73.58213806152344,74.62574066134009,73.40820534806755,74.21989766327636,1995300,DE,1556
2014-12-09,73.88031768798828,73.88031768798828,72.84499929931647,72.85328361576879,2499100,DE,1556
2014-12-10,72.48885345458984,73.71467327369469,72.44744450824501,73.62356474502084,2814300,DE,1556
2014-12-11,72.87810516357422,73.23425481946452,72.55508644300858,72.68761018430719,3016900,DE,1556
2014-12-12,71.5694580078125,72.72900898731984,71.5528893829173,72.45568986733821,2864600,DE,1556
2014-12-15,72.44745635986328,73.30055788692901,71.72687232949465,71.776571919954,3956300,DE,1556
2014-12-16,72.72077178955078,74.43525892143634,72.26522913556182,72.5054237786576,4244400,DE,1556
2014-12-17,73.49931335449219,73.69809901342296,72.1492605960974,72.84499144511126,3435900,DE,1556
2014-12-18,74.16191864013672,74.54291500297327,73.77263796184597,74.4269598629396,2876200,DE,1556
2014-12-19,74.62574768066406,74.9653351429825,73.96314770790029,74.16192706782122,5180900,DE,1556
2014-12-22,74.74170684814453,74.85766200758302,74.12880010267217,74.71686021670517,1875900,DE,1556
2014-12-23,75.24691772460938,75.68589158492546,74.94874560834182,75.04813842012439,1569500,DE,1556
2014-12-24,74.75824737548828,75.41256914008028,74.68370119011458,75.37115389053045,739700,DE,1556
2014-12-26,74.74170684814453,75.28835801613936,74.675451270667,74.99847011754312,1478300,DE,1556
2014-12-29,75.15858459472656,75.5087783835445,74.54157558185068,74.85007690760025,1617300,DE,1556
2014-12-30,74.59162902832031,75.3670620539164,74.44154501170884,75.00018859967079,1377200,DE,1556
2014-12-31,73.76615142822266,75.04186206551603,73.70778578996013,74.80839951246594,1585400,DE,1556
2015-01-02,73.65776062011719,74.5165784674532,72.89066748327885,73.76615850255565,1867900,DE,1556
2015-01-05,72.08187103271484,73.4242870009587,71.60660618666049,73.4242870009587,3007000,DE,1556
2015-01-06,71.48155212402344,72.54047347808803,70.78115803769772,71.93179774070232,3512000,DE,1556
2015-01-07,71.17305755615234,71.63998279261098,70.6561000719451,71.62330961761427,3055900,DE,1556
2015-01-08,72.11524200439453,72.1902871892996,71.3898412647918,71.84842669622527,2842300,DE,1556
2015-01-09,71.41483306884766,72.26530462398667,71.13967807459977,72.1235604250263,2325300,DE,1556
2015-01-12,71.24805450439453,71.40647819994457,70.48930144116245,71.28974695944733,2497900,DE,1556
2015-01-13,71.61498260498047,71.94850341673211,70.88124190823116,71.7567268825263,2634700,DE,1556
2015-01-14,72.10689544677734,72.24863966183814,70.49766412374919,70.73112668064404,3308500,DE,1556
2015-01-15,72.70722198486328,73.44930209328312,72.48209920333098,72.55713801004931,3972700,DE,1556
2015-01-16,72.79060363769531,72.88232197157966,72.17358823495029,72.41539053688382,3490600,DE,1556
2015-01-20,72.64885711669922,73.1991671506319,72.46542680009904,72.8489733261533,2304100,DE,1556
2015-01-21,73.06575012207031,73.29921901321794,72.12356023795911,72.29031737025915,1954400,DE,1556
2015-01-22,74.63331604003906,74.8084129863637,73.42430422773276,73.6911195309006,2866300,DE,1556
2015-01-23,73.66610717773438,74.21641732318263,73.39095210501026,74.19973778832615,1796400,DE,1556
2015-01-26,73.73282623291016,74.04966747862493,73.27423436020996,73.63276808939925,2718700,DE,1556
2015-01-27,71.7400131225586,72.22361770796326,71.16469020677107,71.16469020677107,3300700,DE,1556
2015-01-28,70.52267456054688,72.47375988376025,70.47264232771606,72.29032320659442,3472100,DE,1556
2015-01-29,71.63163757324219,71.76504203535421,70.28088161160554,70.41428607371756,3510800,DE,1556
2015-01-30,71.0312728881836,72.08185407245148,70.95622773994982,71.07295898264626,4221400,DE,1556
2015-02-02,72.24029541015625,72.29032128027669,70.74779545825072,71.31477864466524,2509700,DE,1556
2015-02-03,73.89954376220703,74.02461478409131,72.6821989627113,72.79059681698668,3107600,DE,1556
2015-02-04,73.94123840332031,74.62495280021922,73.50766605756498,73.65774365459917,3042500,DE,1556
2015-02-05,74.30813598632812,74.39985434428,73.79117854708835,74.04965408601889,1732400,DE,1556
2015-02-06,74.1913833618164,74.37481366361631,73.81617027039752,74.13301772911261,1809900,DE,1556
2015-02-09,74.1663818359375,74.41652395681427,73.48266724843647,73.85788042975163,1205900,DE,1556
2015-02-10,73.99960327148438,74.37480998295818,73.70777512240734,74.36647657968209,1516500,DE,1556
2015-02-11,74.05797576904297,74.46653521563843,73.52434528656563,73.81617346270525,1728600,DE,1556
2015-02-12,74.51657104492188,74.58327008741931,73.57437470897707,74.5582571513106,2297300,DE,1556
2015-02-13,75.07521057128906,75.3670387462901,74.35814342049957,74.52490056010672,1996600,DE,1556
2015-02-17,74.97516632080078,75.35037949629533,74.3831700960462,75.03353196658283,1809100,DE,1556
2015-02-18,77.33482360839844,77.35983654969645,76.1841837790383,76.50102497111112,5954700,DE,1556
2015-02-19,76.46768188476562,77.09303094142355,76.24255902337578,77.09303094142355,4527200,DE,1556
2015-02-20,77.06800842285156,77.10136113176215,74.96683865251538,75.41708431936124,7030500,DE,1556
2015-02-23,75.8589859008789,76.78449632938646,75.72557509520522,76.7344704579475,3023200,DE,1556
2015-02-24,76.29254150390625,76.42595228021506,75.57547448468624,75.64217987284064,2191600,DE,1556
2015-02-25,76.39261627197266,76.60939928876076,76.15914736243747,76.15914736243747,1543000,DE,1556
2015-02-26,76.02574920654297,76.50101410785327,75.84231251456744,76.07577508203525,2132700,DE,1556
2015-02-27,75.5421371459961,76.11746010336537,75.46709834010127,75.94236319490021,2265600,DE,1556
2015-03-02,75.90068817138672,75.95071405347983,75.2169735501399,75.5421545065025,2162600,DE,1556
2015-03-03,76.10078430175781,76.3926188582124,75.61718601907766,75.75893023363258,1682000,DE,1556
2015-03-04,75.41707611083984,75.8673280900583,75.22530600720007,75.70057092503431,1735100,DE,1556
2015-03-05,75.42538452148438,75.80059752887101,74.58324655703927,75.11687689692764,2713400,DE,1556
2015-03-06,75.25863647460938,75.27530964163385,74.44151134013347,74.71666630635889,3711400,DE,1556
2015-03-09,76.72614288330078,77.04299041643118,75.30034806834902,75.33370077506687,3144300,DE,1556
2015-03-10,75.86730194091797,76.64273457762991,75.54212112823643,75.87564170470813,4378800,DE,1556
2015-03-11,75.2336196899414,76.24251481971642,74.87508618420517,76.22583529217006,3122100,DE,1556
2015-03-12,75.19195556640625,75.90902284808517,75.03353180189771,75.75893885049241,2289800,DE,1556
2015-03-13,74.61664581298828,75.0418849421802,73.84121274746391,74.95850634229811,3707000,DE,1556
2015-03-16,74.3248062133789,74.71669257065959,74.0496511504314,74.61663444921183,2851100,DE,1556
2015-03-17,73.89954376220703,74.32478269206302,73.77447910169917,74.15802557046827,2078100,DE,1556
2015-03-18,74.47486877441406,74.75836352287867,72.96569578830969,73.58270478949508,2591400,DE,1556
2015-03-19,73.44099426269531,74.21642734235992,73.06578101431465,74.20808757380581,2586600,DE,1556
2015-03-20,74.35813903808594,74.63329402746042,73.56603312957037,73.6660848628871,5981900,DE,1556
2015-03-23,74.53324127197266,75.14191692588459,74.45820246660969,74.48321540173067,2233800,DE,1556
2015-03-24,73.76615142822266,74.45820568289078,73.59105451343508,74.4248529808297,2232000,DE,1556
2015-03-25,73.62442016601562,74.29979500776277,73.59940086403583,73.89956887400757,2720800,DE,1556
2015-03-26,73.38259887695312,73.75780561195121,73.19082244617785,73.3742591117776,1988900,DE,1556
2015-03-27,73.42456817626953,73.50851906647632,72.96283507761096,73.29024803294713,2065400,DE,1556
2015-03-30,74.39002990722656,74.75102455051524,73.29864896564409,73.52532344668569,1748600,DE,1556
2015-03-31,73.61767578125,74.38163736219975,73.46656158649546,73.97867044621675,2705700,DE,1556
2015-04-01,73.5421142578125,74.32286985021406,73.44137573301458,73.67644083093444,3318000,DE,1556
2015-04-02,73.86114501953125,74.3900415496647,73.4329870255884,73.4329870255884,1555300,DE,1556
2015-04-06,74.2809066772461,74.7594339436443,73.6596558082037,73.89472093484923,1929600,DE,1556
2015-04-07,74.247314453125,74.73423225822322,74.0458245975222,74.40681924917294,1763200,DE,1556
2015-04-08,73.7519760131836,74.81817210044672,73.36579682099945,74.31445398407949,2094800,DE,1556
2015-04-09,74.25570678710938,74.42361500401708,73.36581565515097,73.63446239715974,2915000,DE,1556
2015-04-10,74.7762222290039,75.35549444270019,73.90311860439078,73.90311860439078,2053900,DE,1556
2015-04-13,73.87793731689453,75.10363869013764,73.79398639640699,74.54116047732201,2794300,DE,1556
2015-04-14,73.8107681274414,73.93669770064426,73.39940416635332,73.91151306701252,1823900,DE,1556
2015-04-15,75.00286865234375,75.33867862700242,73.50013038469669,73.97026050619331,3320300,DE,1556
2015-04-16,74.66706848144531,75.01966608861743,74.41520938772648,74.84336728503136,1709600,DE,1556
2015-04-17,73.46656036376953,74.20533730080513,73.42458170840828,73.97866921496764,2248500,DE,1556
2015-04-20,74.63349914550781,74.70066243557729,73.81916186728613,74.07941161000048,2524100,DE,1556
2015-04-21,73.8107681274414,74.84338294165175,73.64286629986705,74.73424098918869,2215200,DE,1556
2015-04-22,73.9618911743164,73.98707581095826,73.55892417795705,73.79398932667416,2026300,DE,1556
2015-04-23,74.37325286865234,74.62511203731796,74.07942144190561,74.40683451814408,1981500,DE,1556
2015-04-24,74.20533752441406,74.44040262304084,73.80237061392346,74.28928843034598,1482500,DE,1556
2015-04-27,74.6586685180664,74.76780403833949,74.11297810661583,74.18014138295737,2081200,DE,1556
2015-04-28,74.62510681152344,74.96931389092624,74.10460088841832,74.63350382456953,2746600,DE,1556
2015-04-29,75.44780731201172,75.7752202184625,74.19691553604193,74.22210656388087,2287000,DE,1556
2015-04-30,75.9935531616211,76.3965266699689,75.070079944422,75.27156990111922,2728500,DE,1556
2015-05-01,76.72391510009766,76.93379560018657,76.18662153227362,76.39650203236253,2674700,DE,1556
2015-05-04,76.30413055419922,76.87500559448377,76.0606684806176,76.71549441402345,2504700,DE,1556
2015-05-05,75.67448425292969,76.76586500659214,75.51497308299876,76.2705438813003,1752300,DE,1556
2015-05-06,75.53177642822266,76.186602399244,75.26312971177691,75.95993433429159,1415900,DE,1556
2015-05-07,75.246337890625,75.44782773763647,74.74262608318261,75.34708281413073,1667200,DE,1556
2015-05-08,75.46461486816406,75.93474503140062,74.77620724126349,75.64091367937777,2212500,DE,1556
2015-05-11,76.51403045654297,76.76588960502855,75.60734520804795,75.73327478229074,2845200,DE,1556
2015-05-12,75.90116119384766,76.27054639236805,75.56535122743081,76.0270843268419,1585200,DE,1556
2015-05-13,76.0942611694336,76.81625048420226,75.92635935880793,76.25377237305842,1778200,DE,1556
2015-05-14,77.4123306274414,77.5382602210999,76.32934637005059,76.33774338430655,1949200,DE,1556
2015-05-15,74.82658386230469,76.10266072384636,73.98706197104337,75.80882934291365,6658500,DE,1556
2015-05-18,74.86854553222656,75.1791708673323,74.40680603477779,74.71743136988354,2517400,DE,1556
2015-05-19,74.86018371582031,75.06167363036565,74.26412379664228,74.78462980164977,2122200,DE,1556
2015-05-20,74.7006607055664,75.06165537502461,74.36485066804002,74.87695953413291,1939700,DE,1556
2015-05-21,75.10364532470703,75.38068915132985,74.75944459878843,74.86858016455868,3037500,DE,1556
2015-05-22,78.3693618774414,78.52887307542275,77.03452523657631,77.076497485226,8558100,DE,1556
2015-05-26,78.74716186523438,79.11654716964883,77.655780762767,77.72294405631297,5536000,DE,1556
2015-05-27,79.2172622680664,79.65381070157486,78.66317491260843,78.8226860734297,3954000,DE,1556
2015-05-28,78.49530029296875,78.84789796563034,78.14270262030715,78.84789796563034,3210800,DE,1556
2015-05-29,78.64639282226562,79.00738740813648,78.16786571123144,78.4281153876585,5466300,DE,1556
2015-06-01,77.77332305908203,78.78074696819726,77.72295378513977,78.76395934523151,2902200,DE,1556
2015-06-02,77.86565399169922,78.26862731036063,77.52144694815055,77.84886637239998,2574300,DE,1556
2015-06-03,77.85725402832031,78.2854119622229,77.48786877234629,78.1426947859365,2149000,DE,1556
2015-06-04,77.12688446044922,77.63059635341207,76.95058561816442,77.43750348517013,2484100,DE,1556
2015-06-05,77.34513092041016,77.6221746150571,76.59795712942332,76.89178843963575,1742900,DE,1556
2015-06-08,76.90862274169922,77.36196545991521,76.80787778041382,77.17726956674808,1678400,DE,1556
2015-06-09,77.11006164550781,77.98316492302493,76.78264871706912,77.13524626999666,1789300,DE,1556
2015-06-10,78.02515411376953,78.3021914256355,77.19402296304352,77.32834951852992,2038300,DE,1556
2015-06-11,78.25183868408203,78.57085471312317,77.8572623503729,78.00837655466482,2245900,DE,1556
2015-06-12,77.70613861083984,78.41134027934892,77.52144278325311,77.93281309198476,1367300,DE,1556
2015-06-15,77.62218475341797,77.84885922593259,76.8834078762421,77.03452205623752,1801700,DE,1556
2015-06-16,77.33675384521484,77.48786803191041,76.97575919950006,77.36193847549022,2311000,DE,1556
2015-06-17,77.44590759277344,77.7565330509942,77.05133121220905,77.39553832037622,2089300,DE,1556
2015-06-18,77.73973083496094,77.89084504128014,76.78267632995404,76.94218754913658,1754000,DE,1556
2015-06-19,77.70613861083984,78.03355161245514,77.4542859046206,77.58860606692888,3666400,DE,1556
2015-06-22,78.53726196289062,79.04097372988343,78.15107632298543,78.2686152601583,2088500,DE,1556
2015-06-23,78.64639282226562,78.90664249869268,78.22663197381311,78.4029307615581,1719200,DE,1556
2015-06-24,78.9150619506836,79.1585240806261,78.4533223240609,78.51208860335433,2227800,DE,1556
2015-06-25,78.9150619506836,79.24247499318183,78.14270330710023,79.07457316807034,3679700,DE,1556
2015-06-26,81.48358917236328,81.86379827160778,79.0417858022569,79.42199490150138,7168000,DE,1556
2015-06-29,80.23311614990234,81.6525734047106,80.19087427365855,80.74851474187486,3868700,DE,1556
2015-06-30,81.9990005493164,82.99600047337309,80.45280460463545,80.79921639087591,6559600,DE,1556
2015-07-01,81.27235412597656,82.54817079270973,80.6978118221474,82.40453682829947,3733000,DE,1556
2015-07-02,81.40756225585938,81.96520927260214,80.85836619439183,81.24703278277082,2899800,DE,1556
2015-07-06,80.74852752685547,81.50050137265849,80.47815498056887,80.93440986108813,2404000,DE,1556
2015-07-07,81.3484115600586,81.45825463074758,79.94585607429359,80.74852271021197,2867400,DE,1556
2015-07-08,80.23311614990234,81.2047695501549,79.78531229534664,81.02733819907748,2795800,DE,1556
2015-07-09,79.87825775146484,81.62723138767585,79.85291133511515,81.12872823010449,2608500,DE,1556
2015-07-10,80.41055297851562,81.06958559775019,80.07258571459832,80.60488625027962,2963300,DE,1556
2015-07-13,81.33995056152344,81.50048644735975,80.4105455067534,80.81610747500714,2327700,DE,1556
2015-07-14,81.44981384277344,81.66949356538227,80.70628445738679,81.22168316455148,2272700,DE,1556
2015-07-15,81.55118560791016,81.80466266352295,81.02734248072137,81.28926404431576,2085500,DE,1556
2015-07-16,82.2355728149414,82.42989964164788,81.79621343543302,81.93140292026312,2993400,DE,1556
2015-07-17,81.93141174316406,82.03279742151506,81.53430064644897,81.99900649285814,1810900,DE,1556
2015-07-20,81.29771423339844,82.1510801033286,81.28081232521569,81.8469102179315,1995500,DE,1556
2015-07-21,80.69783020019531,81.52584325693321,80.59643808365635,81.27237263487022,2030600,DE,1556
2015-07-22,80.11483001708984,80.72316977235644,79.95429412439753,80.67247694148058,1961400,DE,1556
2015-07-23,78.79676818847656,80.07258509171038,78.0785917871074,79.60788574785472,3396100,DE,1556
2015-07-24,78.08702850341797,78.9234988420337,77.98564284748058,78.9234988420337,2256800,DE,1556
2015-07-27,77.09846496582031,78.15460832151649,76.58306649254558,77.58006607817028,2775100,DE,1556
2015-07-28,78.1292724609375,78.3235992547575,77.55473014001987,77.7152660145403,3436000,DE,1556
2015-07-29,79.1093978881836,79.22768548558494,77.58010363164439,77.94341737971726,2438700,DE,1556
2015-07-30,79.00798797607422,79.40509897966454,78.50948487171976,78.81365472782349,1470500,DE,1556
2015-07-31,79.90361022949219,79.96275402085801,79.12628998691555,79.29527040619229,1914000,DE,1556
2015-08-03,78.93194580078125,79.84445540969163,78.45879553520797,79.84445540969163,2619800,DE,1556
2015-08-04,78.67003631591797,79.1431866540407,78.33206902603463,79.07559190682606,1673800,DE,1556
2015-08-05,80.70625305175781,80.98507646277785,79.16850848426711,79.16850848426711,2447500,DE,1556
2015-08-06,80.77388763427734,81.09495951915905,80.13175031070502,80.40212934900164,1561100,DE,1556
2015-08-07,80.9850845336914,81.10337209327238,80.51193429536751,80.63867280811527,1756200,DE,1556
2015-08-10,82.07504272460938,82.37076168587691,81.02734992775154,81.32306888901908,2155200,DE,1556
2015-08-11,81.31461334228516,81.78777009978425,80.79921470481315,81.48360020074539,1975300,DE,1556
2015-08-12,79.11783599853516,81.07803843945962,77.48714987489876,81.00199918755754,4867800,DE,1556
2015-08-13,78.66158294677734,79.35441296898918,77.36041311068395,79.04179855354816,2144100,DE,1556
2015-08-14,79.70925903320312,79.83599754227444,78.47568420036492,78.47568420036492,2235200,DE,1556
2015-08-17,79.57406616210938,79.64166088473421,78.63621033579926,79.30369371779756,1598800,DE,1556
2015-08-18,79.34596252441406,79.71772070249307,78.88125674407878,79.31216515437248,1786300,DE,1556
2015-08-19,77.71529388427734,78.81367964868232,77.07315660210494,78.7714377613152,4093000,DE,1556
2015-08-20,76.5915298461914,78.1123726569396,76.35495472759871,77.14917027627585,4497600,DE,1556
2015-08-21,70.37295532226562,72.99218994491461,69.19007329862751,72.58663444584285,15208000,DE,1556
2015-08-24,68.24378204345703,68.24378204345703,64.85567751834111,66.10614811451754,8039200,DE,1556
2015-08-25,66.8243408203125,70.13641334041662,66.76519701349947,70.13641334041662,6505500,DE,1556
2015-08-26,68.6324462890625,68.77608028779706,67.45800854274492,68.44656396308145,5223000,DE,1556
2015-08-27,69.612548828125,69.68014357763211,68.32828081844056,69.29148343725142,3664200,DE,1556
2015-08-28,69.68013000488281,69.85756135313515,69.10558763836575,69.11403859195553,2647200,DE,1556
2015-08-31,69.09713745117188,69.7308236074683,68.96195442318022,69.53649679606986,2674100,DE,1556
2015-09-01,67.59320831298828,68.53106459402625,67.31438478161144,67.82133255472071,4790200,DE,1556
2015-09-02,68.25222778320312,68.59019504824984,67.28057431351485,68.4212146388212,2853100,DE,1556
2015-09-03,68.4296646118164,69.24078224499148,67.71148814510629,68.20154039625058,3022000,DE,1556
2015-09-04,66.93414306640625,67.72836494126547,66.75671175427148,67.43263964151998,3130600,DE,1556
2015-09-08,67.67768096923828,67.97339988961929,67.00175292925154,67.94805347447077,3079200,DE,1556
2015-09-09,67.2298812866211,68.99575685716339,67.08624729440079,68.42965895020731,2898800,DE,1556
2015-09-10,67.65235900878906,68.09171207128655,66.77364643760276,67.21300594629157,2912900,DE,1556
2015-09-11,66.95951843261719,67.80443349170383,66.66379945117492,67.60165568245634,3856000,DE,1556
2015-09-14,67.32283782958984,67.39043258708905,66.57086387943608,66.9595240657702,3128300,DE,1556
2015-09-15,68.78453826904297,69.08870176076813,66.9088258006274,66.9088258006274,3469800,DE,1556
2015-09-16,68.73381042480469,69.1900651421159,68.54792815706445,68.80985610078372,2980400,DE,1556
2015-09-17,67.95650482177734,68.78452424982812,67.66923040732294,68.38741322036444,3837000,DE,1556
2015-09-18,67.20452880859375,67.82131304717643,66.93415631095706,67.16228048707382,7779000,DE,1556
2015-09-21,66.88347625732422,67.33972469670455,66.5201625398991,67.26368543887118,3292200,DE,1556
2015-09-22,66.61309814453125,66.97641186677056,65.98786282469737,66.07235303880624,3322800,DE,1556
2015-09-23,65.64144134521484,66.71448044335797,65.42176166393443,66.58774191776584,3195400,DE,1556
2015-09-24,64.0107421875,64.2304153775471,62.77716744680616,63.68122595624148,7835000,DE,1556
2015-09-25,64.05300903320312,64.44166918967153,63.148950171241964,64.2980351756661,3728700,DE,1556
2015-09-28,62.81809616088867,63.8826652759503,62.76699242498804,63.439800885420695,5479600,DE,1556
2015-09-29,62.69887161254883,63.39722876644747,62.52853663744251,62.77551747813549,2953900,DE,1556
2015-09-30,63.02250671386719,63.49091983578684,62.48596609044486,63.20135358834129,3247000,DE,1556
2015-10-01,62.077178955078125,62.70740230807928,61.481022607322544,62.48597652040828,4883800,DE,1556
2015-10-02,62.656288146972656,62.73294051250184,61.19143980465166,61.361774784930326,3853000,DE,1556
2015-10-05,66.60796356201172,66.77829852909277,63.1928238190085,63.42277440016426,6261500,DE,1556
2015-10-06,66.80384063720703,67.24669851321538,66.3609762635847,66.6420240586588,3354300,DE,1556
2015-10-07,67.1871109008789,68.07283351957777,66.25880940002962,67.22969628064601,4082800,DE,1556
2015-10-08,68.90743255615234,69.24808947368227,66.9401044200617,66.98268978356005,3707100,DE,1556
2015-10-09,68.02169799804688,69.37582654436929,67.90246679890954,68.97554759114553,4061400,DE,1556
2015-10-12,66.79534912109375,68.11541790316784,66.51430121302121,68.03024714487924,2754200,DE,1556
2015-10-13,65.5178451538086,66.28433625450808,65.14311472733006,66.18213527520996,3077800,DE,1556
2015-10-14,64.9642562866211,65.89256381437849,64.87909206788703,65.49228483895368,3181700,DE,1556
2015-10-15,64.92169952392578,65.47527038292675,64.09559267602937,65.11757664392488,2828600,DE,1556
2015-10-16,64.72582244873047,65.2538512341646,64.51290855909649,65.12610160086096,4967400,DE,1556
2015-10-19,64.70024871826172,64.78541294154883,64.12112290325018,64.47881653962426,3041900,DE,1556
2015-10-20,65.05795288085938,65.3815795807579,64.38514436208906,64.6321251979122,2771300,DE,1556
2015-10-21,65.27935791015625,66.84640001196216,65.10902300934337,65.41561933319447,3104200,DE,1556
2015-10-22,67.57887268066406,67.79178658734392,65.20275270240282,65.36456935071688,5754600,DE,1556
2015-10-23,68.3538589477539,69.07776468235956,67.87692754218543,67.97912852143894,4249300,DE,1556
2015-10-26,66.0118179321289,68.32832187236419,65.59450206954335,67.94507300861923,4490900,DE,1556
2015-10-27,64.82801055908203,65.55191634031245,64.56399297007614,65.18570426308554,4159500,DE,1556
2015-10-28,67.23817443847656,67.25521118088614,65.10903647022064,65.36453562545672,3392700,DE,1556
2015-10-29,66.63353729248047,67.24673040981527,66.36952611603462,66.80387232374962,2187800,DE,1556
2015-10-30,66.42914581298828,66.94013794279547,66.19068325225275,66.59947435705152,2668800,DE,1556
2015-11-02,68.29424285888672,68.5667723040512,66.59093220220508,66.84642490213862,3252500,DE,1556
2015-11-03,67.74065399169922,68.36235863622342,67.527740196087,68.24312743048965,2384200,DE,1556
2015-11-04,66.63353729248047,67.90250890937162,66.2077094607332,67.74921063003792,2412100,DE,1556
2015-11-05,66.36949157714844,67.0167513639011,65.61151895089893,66.65905123319267,2216900,DE,1556
2015-11-06,66.0118179321289,66.28434742523802,64.81949896317067,66.02884818274138,3137500,DE,1556
2015-11-09,64.93020629882812,65.96070855981439,64.5895428370902,65.96070855981439,2307900,DE,1556
2015-11-10,64.95574951171875,65.73927735774657,64.18074653598364,64.88762202313704,2433800,DE,1556
2015-11-11,63.916725158691406,65.296402419894,63.82304256717598,65.21123819968366,2791100,DE,1556
2015-11-12,62.40079116821289,63.678274326951055,62.29859667398766,63.678274326951055,3902400,DE,1556
2015-11-13,63.576080322265625,63.80602443365832,62.25601178235877,62.47744401757739,3463100,DE,1556
2015-11-16,63.62717819213867,63.70383056176294,62.5626088745799,62.98843660160341,3143000,DE,1556
2015-11-17,62.85216522216797,64.07003258981055,62.59666602709324,63.942282992273185,4486400,DE,1556
2015-11-18,63.465335845947266,63.55901842772004,62.818082641569866,63.0650634028242,3710100,DE,1556
2015-11-19,63.82307434082031,63.84010459429531,62.681852429493276,63.04806460656475,2528600,DE,1556
2015-11-20,64.28294372558594,64.674704376697,63.87414633012291,64.05299316013355,3472100,DE,1556
2015-11-23,63.54201889038086,64.68323416874495,63.31206826123134,64.47883866320224,4011400,DE,1556
2015-11-24,65.015380859375,65.47527563107538,62.85218150385951,63.073607266161964,8007300,DE,1556
2015-11-25,68.1324462890625,68.5412438257481,65.74780806989874,68.29426292823628,11169800,DE,1556
2015-11-27,67.35743713378906,68.27722672549488,67.15304161261548,68.20058084166097,2013400,DE,1556
2015-11-30,67.76622009277344,68.09836517982039,67.17006391028278,67.56182461557879,5095900,DE,1556
2015-12-01,67.69810485839844,68.01321978366154,67.12749714025598,67.63848922363157,2954400,DE,1556
2015-12-02,67.56182098388672,67.98764866209459,67.27225478394573,67.77473482299065,3012800,DE,1556
2015-12-03,66.68462371826172,67.6980892760246,66.38653911542197,67.6469920287334,2913400,DE,1556
2015-12-04,67.78326416015625,67.80881928542843,66.42913491346835,66.77831681840783,2400700,DE,1556
2015-12-07,67.36592864990234,67.49367823630772,66.5909257549071,67.40851401124209,2699500,DE,1556
2015-12-08,67.49369812011719,67.57886237027242,66.01181937504577,66.4802259997074,3388600,DE,1556
2015-12-09,67.48518371582031,68.60085690061842,66.99974031400062,67.40853783545644,3911600,DE,1556
2015-12-10,66.94010162353516,67.59587980737395,66.5824079765034,67.45109347609677,2817800,DE,1556
2015-12-11,65.71375274658203,66.42062199438348,65.26236979632493,66.21622645873107,3965500,DE,1556
2015-12-14,67.22966003417969,67.27223889337397,65.2623322071896,65.71371489746387,5027300,DE,1556
2015-12-15,65.79039001464844,67.93655910180628,65.35604387288913,67.58738371155687,6291300,DE,1556
2015-12-16,66.5909194946289,66.93157636286593,65.52635053735507,65.96068999364125,2912100,DE,1556
2015-12-17,65.5008316040039,66.88050943936571,65.36456359686801,66.71869280529589,3403200,DE,1556
2015-12-18,63.848594665527344,65.68816661332494,63.83155792198806,65.1260775311918,5292900,DE,1556
2015-12-21,64.47882080078125,64.75135023187865,63.559031534222235,64.41068681860337,3778300,DE,1556
2015-12-22,66.0799560546875,66.352492089223,64.70879649222672,64.70879649222672,2583600,DE,1556
2015-12-23,67.46813201904297,67.61291185656714,66.55686113342892,66.64202536152466,3375900,DE,1556
2015-12-24,67.1019287109375,67.5873720215469,66.87197811781913,67.17857457690032,750200,DE,1556
2015-12-28,66.40357971191406,67.08490020654503,65.57747284554004,66.99973595691813,2726300,DE,1556
2015-12-29,66.63529968261719,67.05584521008764,66.1975852898602,66.56663731747814,1746500,DE,1556
2015-12-30,66.51515197753906,67.21892493654252,66.24050903129391,66.45507403767307,1643800,DE,1556
2015-12-31,65.45948791503906,66.25766998422854,65.45091002952393,66.09460503538627,2162600,DE,1556
2016-01-04,65.29641723632812,65.33932630415109,64.06052083816304,65.03893663737585,3586900,DE,1556
2016-01-05,65.67406463623047,65.69123350633286,64.38667439477688,65.18485660639831,2578300,DE,1556
2016-01-06,64.93596649169922,65.40800564830127,64.38667396815366,64.50683641405809,3157600,DE,1556
2016-01-07,64.3609390258789,65.25353053698565,63.72582822782457,63.84598414778062,3720500,DE,1556
2016-01-08,63.30524826049805,64.84153417511459,63.090683298367296,64.67846270853425,3530800,DE,1556
2016-01-11,63.63996505737305,63.82878325980072,62.8331987553648,63.41681567741282,3753000,DE,1556
2016-01-12,63.95751190185547,64.43814180106781,62.73878466242821,64.36947945146575,2915900,DE,1556
2016-01-13,62.84178161621094,64.78145053630662,62.7817036940311,64.20641151201113,3004300,DE,1556
2016-01-14,63.16791534423828,64.137753037933,62.378317957585814,62.97909715438614,3143800,DE,1556
2016-01-15,62.755985260009766,63.04779057138359,61.717491252112026,61.79473152347379,4708600,DE,1556
2016-01-19,62.18952560424805,63.28809747651222,61.42567464468921,63.14219483210319,3913800,DE,1556
2016-01-20,61.794715881347656,62.66156025701316,60.215520729643885,61.2540144746672,4230200,DE,1556
2016-01-21,62.67873001098633,63.21943802982039,61.09953467192596,61.78613877882001,2731200,DE,1556
2016-01-22,64.03478240966797,65.42516603829445,63.21085355315006,63.67431476269223,3177400,DE,1556
2016-01-25,61.605918884277344,63.425432947546554,61.537256493662056,63.33960823328044,2633300,DE,1556
2016-01-26,63.142189025878906,63.150773459467956,61.485746935421936,61.811883383759046,2338800,DE,1556
2016-01-27,63.193687438964844,64.39525286257836,62.79888858726414,63.16794068420248,2665700,DE,1556
2016-01-28,64.20645141601562,64.57550360962807,62.96197659113992,64.11204225848641,2208700,DE,1556
2016-01-29,66.0946044921875,66.0946044921875,64.6613053144304,64.69563650022141,4369100,DE,1556
2016-02-01,65.91436004638672,66.1975808244743,64.98743782354617,65.42515218677694,2248300,DE,1556
2016-02-02,64.00902557373047,64.97027248092292,63.65713586805934,64.88444779963837,2647800,DE,1556
2016-02-03,64.72140502929688,64.9960480322434,62.53283889318771,64.36951520314362,2818900,DE,1556
2016-02-04,67.54507446289062,67.83688633301125,64.41243000180796,64.4295923245183,4976300,DE,1556
2016-02-05,67.30474090576172,68.52346841250842,67.03009799511452,67.2875785885978,4154200,DE,1556
2016-02-08,66.14608001708984,67.67378135550831,65.1676644060128,66.60095664616924,3622300,DE,1556
2016-02-09,67.01293182373047,67.45922407236255,65.14192505630552,65.14192505630552,2978700,DE,1556
2016-02-10,66.43790435791016,67.65663188760506,66.14609257660084,67.4334824722513,2314100,DE,1556
2016-02-11,65.57964324951172,66.20616932059237,64.52398067291892,65.202006791543,3681900,DE,1556
2016-02-12,67.17599487304688,67.35623520189704,65.87144279586569,66.3520662114583,3154100,DE,1556
2016-02-16,68.49775695800781,68.60933499507901,66.72115828194443,67.79398372758673,3703300,DE,1556
2016-02-17,69.88812255859375,70.5747332809192,68.66081031234046,69.06419362060628,4992800,DE,1556
2016-02-18,68.94401550292969,70.10266499386938,67.95701536323921,69.87093771488266,5238200,DE,1556
2016-02-19,66.08600616455078,67.25324004402462,65.65687625439136,65.78561653703974,8955200,DE,1556
2016-02-22,67.28756713867188,67.62228792444058,66.2576514879969,66.3434827032216,3372600,DE,1556
2016-02-23,66.20616149902344,67.36481093781369,66.01734329234598,67.14166810083373,2911600,DE,1556
2016-02-24,67.80255126953125,68.06003193152904,64.99604348418056,65.81997243536613,2922300,DE,1556
2016-02-25,68.31747436523438,68.36038997166818,67.42488344502902,67.98275358865764,1955200,DE,1556
2016-02-26,68.20591735839844,69.16716428467632,67.98276794422524,68.54922263835635,2603000,DE,1556
2016-02-29,68.81529998779297,69.81946280488818,67.84546836290683,68.30892308771587,4582600,DE,1556
2016-03-01,69.56197357177734,70.50605823438919,68.2316679917307,69.21008383909256,3424900,DE,1556
2016-03-02,70.239990234375,70.42880846855402,68.79811982356141,69.21008092722138,2508200,DE,1556
2016-03-03,71.81060028076172,71.93934056822587,69.90526236070085,70.17990525155628,2860100,DE,1556
2016-03-04,72.84911346435547,73.8704450581589,71.63038571840814,71.81061955001965,4250300,DE,1556
2016-03-07,73.53572082519531,73.7674481559324,72.31699313434652,72.608798406238,3512800,DE,1556
2016-03-08,71.9651107788086,73.06368270039627,71.0210259429445,72.81478647628576,3212300,DE,1556
2016-03-09,71.26988983154297,72.6945975997032,70.9180001939358,72.22255866994021,2677200,DE,1556
2016-03-10,70.70346069335938,71.14975958707286,69.85378507571865,71.08109721142394,2774200,DE,1556
2016-03-11,71.19265747070312,71.60462511183859,70.69487169550231,71.40722244987704,2779500,DE,1556
2016-03-14,70.24857330322266,71.51021643619156,69.9653459574534,70.90085267735694,2822300,DE,1556
2016-03-15,69.21867370605469,69.53622573091383,68.7122968762454,69.49331665761083,3149700,DE,1556
2016-03-16,69.87094116210938,70.008259340283,68.8753565413363,69.19291505961806,2592000,DE,1556
2016-03-17,71.28707885742188,71.68187770130592,69.75079255630516,70.05118881726455,3513100,DE,1556
2016-03-18,70.9179916381836,71.97365387564477,70.77208907102272,71.4672772834963,7184800,DE,1556
2016-03-21,70.9952621459961,71.26132062776838,70.31723601850852,71.04675564620916,2373000,DE,1556
2016-03-22,70.60047912597656,70.85795323252195,70.36874522728016,70.71205058401239,1548300,DE,1556
2016-03-23,69.38172149658203,70.38589047390981,69.12424747644897,70.30006580053212,1911600,DE,1556
2016-03-24,68.86678314208984,69.15859495796539,68.66080256782759,69.0899325838765,3263800,DE,1556
2016-03-28,68.80671691894531,69.15002229984724,68.23168417103777,68.93545725528422,3158600,DE,1556
2016-03-29,69.6108627319336,69.7838063357956,68.43482775302019,68.43482775302019,2301300,DE,1556
2016-03-30,69.28227996826172,70.12106385813532,69.18715898945743,70.04324120131916,2566300,DE,1556
2016-03-31,66.57568359375,69.489831441416,66.50651008021796,69.33417949055654,6598000,DE,1556
2016-04-01,66.1519775390625,66.22980022824862,64.77705725107123,65.94444377051995,6396600,DE,1556
2016-04-04,65.63312530517578,66.45461763047244,65.52935514516204,65.96172091581883,2930800,DE,1556
2016-04-05,65.7801284790039,66.26437603388764,65.08834060284588,65.20075992621399,2494200,DE,1556
2016-04-06,66.01360321044922,66.17790431573738,65.15752082515787,65.8233678116786,2564100,DE,1556
2016-04-07,65.87525939941406,65.96173124761415,65.28724159532261,65.71960743370224,2444600,DE,1556
2016-04-08,65.9876480102539,66.8004976003049,65.64176074394658,66.33354187393795,2076200,DE,1556
2016-04-11,65.50341796875,66.72269267788027,65.50341796875,66.11737660621063,1668900,DE,1556
2016-04-12,66.23844146728516,66.53245365180591,65.53801095889968,65.64178112944442,2011500,DE,1556
2016-04-13,67.84684753417969,67.9073784885207,66.00497141147821,66.36815713752426,3187100,DE,1556
2016-04-14,67.15505981445312,68.14085331934879,66.99940786118651,67.83819197877916,2356000,DE,1556
2016-04-15,66.96484375,67.63068444299302,66.8956636112165,67.15508583296405,2536900,DE,1556
2016-04-18,67.72577667236328,67.86413689106865,66.42003014718941,66.96481526161884,2243100,DE,1556
2016-04-19,71.21928405761719,71.45275865055852,68.02842283736142,68.09760293800237,7015500,DE,1556
2016-04-20,72.86229705810547,73.45031489550374,70.64857935399341,71.14147617376995,6474400,DE,1556
2016-04-21,71.59977722167969,73.45030226885365,71.25388327136957,73.06116910073789,4038200,DE,1556
2016-04-22,71.59977722167969,72.17049663191976,71.51329878606839,71.7294816803399,2087400,DE,1556
2016-04-25,71.26254272460938,71.556548336531,70.354571798608,71.43548642604806,2153500,DE,1556
2016-04-26,72.13593292236328,72.62882983742116,71.55656413749153,71.7122161421088,2096200,DE,1556
2016-04-27,73.25142669677734,73.70973347461513,72.25698385195926,72.6979988974208,2876700,DE,1556
2016-04-28,72.57695007324219,73.79621864583511,72.20511508495736,72.74989381772683,2167000,DE,1556
2016-04-29,72.73258209228516,73.19088882685051,72.11862339151088,72.23103613479209,2111900,DE,1556
2016-05-02,72.88825225830078,73.44168014359175,72.18782153415646,72.78448205579093,1829300,DE,1556
2016-05-03,72.11862182617188,72.50774843455856,71.36630290626141,72.24833289476044,1957400,DE,1556
2016-05-04,71.06364440917969,72.1964407140604,70.70045871412492,71.96296608077624,1697300,DE,1556
2016-05-05,70.21621704101562,71.167427265323,69.84438211625361,71.10689630535614,2868500,DE,1556
2016-05-06,70.43240356445312,70.64858651780918,69.68873367711785,69.81844476860752,1258800,DE,1556
2016-05-09,69.6800765991211,70.14703247281827,69.19582239822468,70.07785235877896,1649200,DE,1556
2016-05-10,72.47315216064453,72.96604890110363,69.70601372251944,69.96543583744673,5948000,DE,1556
2016-05-11,72.55099487304688,73.45895924872217,71.79002671357082,72.33481193635566,3344400,DE,1556
2016-05-12,72.76716613769531,73.44165573640126,71.4008886135902,72.86228714237217,3936300,DE,1556
2016-05-13,71.31442260742188,72.88823399896931,71.15012147728578,72.4645173236163,2425200,DE,1556
2016-05-16,72.31751251220703,72.7585275436477,71.52196090059687,71.52196090059687,2302900,DE,1556
2016-05-17,71.94568634033203,72.85365740991216,71.4095568226656,72.34346879182567,2537400,DE,1556
2016-05-18,71.42679595947266,71.86781071971919,70.8387784782691,71.64297875995373,2672600,DE,1556
2016-05-19,71.12417602539062,72.06673032816465,70.63127926394264,71.06364507564714,5062000,DE,1556
2016-05-20,67.22425079345703,70.00003918336031,67.01671700097856,69.87033468642396,12350200,DE,1556
2016-05-23,67.34529876708984,68.46080339125308,66.80052020070363,67.01670311397451,4604000,DE,1556
2016-05-24,68.86723327636719,68.94506256137885,67.80361696111672,68.30515634196536,3377600,DE,1556
2016-05-25,69.60224914550781,69.93949396356396,69.13529325957339,69.33418444330394,2923600,DE,1556
2016-05-26,69.41200256347656,70.11243964503123,69.28229810150212,69.90489931111505,2501000,DE,1556
2016-05-27,69.6108627319336,69.6108627319336,69.02284524247689,69.35144072876497,1743800,DE,1556
2016-05-31,71.15876770019531,71.87649654731716,70.78693282977859,70.99446657685013,6380000,DE,1556
2016-06-01,71.625732421875,71.78138440073978,70.34592652927803,70.87341342446533,2452000,DE,1556
2016-06-02,72.6893539428711,72.75853407114268,71.27119430020453,71.53926564791185,2830800,DE,1556
2016-06-03,73.99507141113281,74.53984986060965,73.32923108399444,73.38976202282521,4244400,DE,1556
2016-06-06,75.64674377441406,75.93210026575044,74.1075155674181,74.15075479808924,4967700,DE,1556
2016-06-07,75.49971008300781,75.9666659151794,75.27488462844158,75.47376919189465,2455800,DE,1556
2016-06-08,75.38731384277344,76.2693373204088,74.73011586887318,76.07045271346007,3511300,DE,1556
2016-06-09,75.18843841552734,75.37003792589708,74.3323556550432,74.61771877433159,1802200,DE,1556
2016-06-10,74.08157348632812,74.79065331531436,73.58867661248867,74.41881836856669,3538300,DE,1556
2016-06-13,73.77889251708984,75.11922900285917,73.7616007896546,74.05560633769913,2771500,DE,1556
2016-06-14,73.63190460205078,73.83943836004377,72.32615790502902,73.50219352928796,3168100,DE,1556
2016-06-15,73.3552017211914,74.17669430952836,73.27737242691579,73.98645225394375,1466000,DE,1556
2016-06-16,73.60594177246094,73.77023625811361,71.90241979802616,72.90550482722306,2075500,DE,1556
2016-06-17,74.36692810058594,74.83388402220538,73.89132301447924,74.05562415283964,3526100,DE,1556
2016-06-20,74.01235961914062,75.22298493558107,73.89994690876397,75.0241004020395,3069700,DE,1556
2016-06-21,72.71527099609375,73.84807378357507,72.6720383781364,73.8394246210324,3536100,DE,1556
2016-06-22,72.56828308105469,73.37248383038737,72.54234218549223,73.12171084431812,2177600,DE,1556
2016-06-23,72.88825225830078,73.458971878653,72.23105417049996,73.44168014359175,2285000,DE,1556
2016-06-24,70.6658935546875,71.91110963059137,70.38917960419563,70.54483161368361,4897600,DE,1556
2016-06-27,69.6800765991211,70.36321538115703,68.98828865348553,70.32862532413738,3361800,DE,1556
2016-06-28,70.89979553222656,71.3092695009216,69.73236533344529,70.50774966472493,2537900,DE,1556
2016-06-29,71.01304626464844,71.68388181617144,70.17667701409023,71.46607711612381,2821400,DE,1556
2016-06-30,70.60357666015625,71.39638236018568,69.54940264542083,71.34411135599342,4921400,DE,1556
2016-07-01,70.4815902709961,70.89977150167772,69.99370330603979,70.76037997374078,2734300,DE,1556
2016-07-05,68.97438049316406,70.1592384158477,68.48650016507231,69.92401229962374,2990700,DE,1556
2016-07-06,69.23575592041016,69.25317737098656,68.17286796971514,68.86984563646088,2387300,DE,1556
2016-07-07,69.14864349365234,69.84561459536917,68.86113967384385,69.39258371159686,2167500,DE,1556
2016-07-08,70.54257202148438,70.64711400084477,69.69748890501182,69.88915806299988,1974900,DE,1556
2016-07-11,70.55998992919922,70.91719273241492,70.12438064539676,70.54256848247,2314700,DE,1556
2016-07-12,71.80584716796875,71.99751635483518,70.02856013548656,70.82137238173019,3866600,DE,1556
2016-07-13,72.27632141113281,72.76420188342114,71.8145764431638,72.03238117498864,2772600,DE,1556
2016-07-14,72.86872863769531,73.74866135081749,72.65092397135909,72.81645764477331,3588100,DE,1556
2016-07-15,72.66836547851562,73.14753184476722,72.20661391729085,73.14753184476722,2774600,DE,1556
2016-07-18,73.02555847167969,73.11267902101869,71.40509099586109,72.49411447977833,2489100,DE,1556
2016-07-19,72.53768157958984,72.58995258234222,71.84941790690407,72.15434316774659,2487600,DE,1556
2016-07-20,72.14559936523438,72.7118927000418,72.09332838403873,72.34598253793341,2297600,DE,1556
2016-07-21,71.63162231445312,72.85133015989845,71.53578769929773,72.36344303359651,3083900,DE,1556
2016-07-22,69.80203247070312,71.61416199923525,69.55808569385012,71.61416199923525,4753500,DE,1556
2016-07-25,67.88538360595703,68.91342230275374,66.97060763436264,68.85243723798078,7436300,DE,1556
2016-07-26,68.81758880615234,69.68880782966515,68.44296436016688,68.54751303586295,4139800,DE,1556
2016-07-27,68.34709930419922,69.2618815303292,68.29482831306174,69.13991145309463,2496500,DE,1556
2016-07-28,68.10319519042969,68.442970106376,67.78955578388322,68.37327763026782,4712400,DE,1556
2016-07-29,67.70240783691406,68.11188171032514,67.19709936985905,67.31906946233832,3753900,DE,1556
2016-08-01,67.68497467041016,67.93762886020335,67.24065132650695,67.73724565903275,1898600,DE,1556
2016-08-02,67.69367980957031,67.90277705081742,67.3974686881088,67.3974686881088,3483400,DE,1556
2016-08-03,68.22512817382812,68.48649641922236,67.70239832991025,67.74596191976616,1865300,DE,1556
2016-08-04,67.72855377197266,68.61720075053411,67.44105659361223,68.3035614224386,2235500,DE,1556
2016-08-05,68.25127410888672,68.67817608478872,67.70240868584764,68.01604796954757,2460100,DE,1556
2016-08-08,68.75659942626953,68.817584488214,68.31228253790556,68.43425266179447,2698600,DE,1556
2016-08-09,68.73045349121094,69.26189751331445,68.2948440728882,68.82628809499171,3067900,DE,1556
2016-08-10,68.08576965332031,68.99183825717553,67.94637141570851,68.80888305546542,1780500,DE,1556
2016-08-11,67.94635772705078,68.36454570876307,67.88537267210029,68.20772604648002,2773000,DE,1556
2016-08-12,67.08383178710938,68.15543358313681,66.93572622126985,67.94633633467707,3812300,DE,1556
2016-08-15,68.19900512695312,68.52135846886208,67.04899660167575,67.21453029709816,2667300,DE,1556
2016-08-16,68.08576965332031,68.32099587069794,67.72856665459544,68.12061921272326,1947400,DE,1556
2016-08-17,67.4584732055664,68.22514337096352,67.29293950348608,67.95506766493527,2764600,DE,1556
2016-08-18,67.03158569335938,67.66757178139707,66.84863051816197,67.22325491886318,4041200,DE,1556
2016-08-19,76.07481384277344,76.74564929267679,67.03156645956167,67.03156645956167,23735600,DE,1556
2016-08-22,76.63241577148438,77.04188972933922,75.447557502877,75.70892583887415,7998100,DE,1556
2016-08-23,76.74566650390625,77.21612548787421,76.02255989874241,77.01574887149509,5280000,DE,1556
2016-08-24,76.16194152832031,77.04187432692783,76.10095648169633,76.54527990531201,3796000,DE,1556
2016-08-25,76.04869842529297,76.40589471719896,75.73505909017551,76.04869842529297,3044600,DE,1556
2016-08-26,75.56949615478516,76.6585193565362,75.438812041201,76.08351856238411,3031600,DE,1556
2016-08-29,75.73503875732422,75.83958738991906,75.22973033675551,75.49981264257447,2007600,DE,1556
2016-08-30,74.68087768554688,75.83960030164688,74.49792253251088,75.79603670226457,2918900,DE,1556
2016-08-31,73.66154479980469,74.4804858696731,73.11267275693817,74.4804858696731,4440300,DE,1556
2016-09-01,72.79032135009766,73.89676611832923,72.64220912699132,73.61797641435089,2996600,DE,1556
2016-09-02,73.2259292602539,73.34789933795352,72.95584696231559,73.138802078865,2071200,DE,1556
2016-09-06,73.59185028076172,73.73995587583966,73.02555675307768,73.12139134915674,2906700,DE,1556
2016-09-07,73.19979858398438,73.53086597263204,72.98199389013587,73.35661822943018,2186600,DE,1556
2016-09-08,72.81645965576172,73.16494846089815,72.52895589300883,73.06911387331385,2234600,DE,1556
2016-09-09,71.64031982421875,72.62479460629993,71.62289172719275,72.48539641757792,3112100,DE,1556
2016-09-12,72.3895492553711,72.8861502313136,71.2395409855792,71.45734563248577,3635300,DE,1556
2016-09-13,70.64712524414062,72.05850201195723,70.43803460527313,71.78842632646708,3166300,DE,1556
2016-09-14,70.19409942626953,70.93463408719329,70.0024302241046,70.51645277962619,2452900,DE,1556
2016-09-15,71.10015869140625,71.24826427526686,70.07212035877005,70.37704557462163,2149400,DE,1556
2016-09-16,71.39636993408203,71.50091857114285,70.29863915586387,70.74295590791213,3596000,DE,1556
2016-09-19,71.5357894897461,72.05851953748505,71.34412025463807,71.6926091687551,2073700,DE,1556
2016-09-20,71.84941101074219,72.62479516255068,71.66645587179686,71.96266705479266,1918200,DE,1556
2016-09-21,72.35472869873047,72.47669880690358,71.72745005848451,72.17176688959842,2020100,DE,1556
2016-09-22,73.32177734375,73.39146979607528,72.4766940448815,72.65093514600262,2790600,DE,1556
2016-09-23,72.60737609863281,73.31306789021464,72.46798453837263,72.98200047171105,2561300,DE,1556
2016-09-26,72.81645965576172,73.0342643281131,72.48539229979012,72.54637734217366,3409600,DE,1556
2016-09-27,72.35472869873047,72.79033812702657,72.13692398458242,72.50283430910177,2797900,DE,1556
2016-09-28,73.79391479492188,73.86412110436879,72.5741086230611,72.5916635480439,3389500,DE,1556
2016-09-29,73.59210968017578,74.51354945106867,73.24986215275725,73.79394453211755,2725500,DE,1556
2016-09-30,74.89965057373047,75.02250828377933,73.87290827036091,73.90801142969529,3157800,DE,1556
2016-10-03,74.89965057373047,75.29455609481012,73.92555966174096,74.25025886415182,2679600,DE,1556
2016-10-04,74.3292236328125,75.6806649146217,74.28534971234792,75.07515392837173,2126300,DE,1556
2016-10-05,74.69778442382812,75.27696957163752,74.16247318533931,74.5924749900263,1782800,DE,1556
2016-10-06,74.84697723388672,75.48759129196448,74.63636503488428,74.70656463772437,2029200,DE,1556
2016-10-07,75.73333740234375,76.05802991748045,74.69781760991512,74.83822355545561,2922700,DE,1556
2016-10-10,76.7776107788086,78.40109307684942,76.6108791742503,76.7161819360257,3719800,DE,1556
2016-10-11,76.3914794921875,77.04087098733542,75.9702484145094,76.50555970092242,2008100,DE,1556
2016-10-12,76.29493713378906,76.89167717378744,75.99656376616991,76.46166869384336,2167700,DE,1556
2016-10-13,75.76841735839844,76.14576787923114,75.5753600622502,75.86494935409344,2437100,DE,1556
2016-10-14,75.82109832763672,76.6021252957191,75.76844023529554,76.24232289490347,1800700,DE,1556
2016-10-17,75.88250732421875,76.11067447731574,75.73332394133465,75.84740417026214,1118700,DE,1556
2016-10-18,76.00536346435547,76.4529202991162,75.30331379003438,76.4529202991162,1882000,DE,1556
2016-10-19,75.96150207519531,76.28620130341899,75.42619056946515,75.9088506796296,1915300,DE,1556
2016-10-20,75.56658935546875,75.86495613593137,74.88209455770877,75.8123047500244,1951800,DE,1556
2016-10-21,75.847412109375,75.90884096141846,74.82944062380595,74.9874014855238,1394900,DE,1556
2016-10-24,76.0843276977539,76.51433623094739,75.62800017312418,76.1808596790634,1323400,DE,1556
2016-10-25,75.9263687133789,76.77760164441295,75.6631051450197,75.75963712865702,2039000,DE,1556
2016-10-26,76.3827133178711,76.76006384281783,75.1365815174393,75.36474196862247,2192600,DE,1556
2016-10-27,76.34760284423828,76.87413669721927,76.07556180416702,76.77760470972795,1998000,DE,1556
2016-10-28,76.49678039550781,76.8741308555971,76.05800110215938,76.50555785604217,2483100,DE,1556
2016-10-31,77.48844146728516,77.9710947698914,77.04966208569293,77.15496485232016,2536400,DE,1556
2016-11-01,77.30414581298828,77.60251926464774,76.68107991407923,77.33047819906203,2998300,DE,1556
2016-11-02,77.36557006835938,77.8306750592007,77.09352234720926,77.10229980795367,3101700,DE,1556
2016-11-03,77.48844146728516,77.73415684973808,77.11109093130617,77.33925138915986,2201100,DE,1556
2016-11-04,77.27781677246094,77.69027043159444,76.94434687764141,77.46210329553816,1974200,DE,1556
2016-11-07,78.10271453857422,78.78720916778613,77.42699736993292,78.10271453857422,2572300,DE,1556
2016-11-08,78.09393310546875,78.59414120869721,77.76046326839658,77.91842407442874,1915300,DE,1556
2016-11-09,79.07682037353516,81.60418719122714,78.25191299692564,78.5766121483073,7834700,DE,1556
2016-11-10,79.59457397460938,80.58621962249197,78.94518239036854,79.49804197888201,3479300,DE,1556
2016-11-11,79.94561004638672,79.98949066706636,78.70825554708456,79.39275038013376,3176800,DE,1556
2016-11-14,80.40190887451172,80.73537868051449,79.83149453391665,79.83149453391665,2727800,DE,1556
2016-11-15,80.07723999023438,80.34928107402504,79.71743767080854,80.1562170680153,2368400,DE,1556
2016-11-16,80.07723999023438,80.31417791881942,79.6384605930276,79.73499259603247,1725500,DE,1556
2016-11-17,80.53356170654297,80.77050631297939,79.84906696837868,80.09478234154106,1954200,DE,1556
2016-11-18,80.70030212402344,80.90214358312383,80.3229515924164,80.46336420661528,2398500,DE,1556
2016-11-21,80.99867248535156,81.08642701825042,80.14743945622516,80.95479187128129,2756100,DE,1556
2016-11-22,80.74418640136719,81.73582542695836,80.5949963182049,81.39357803338078,5414000,DE,1556
2016-11-23,89.66019439697266,89.94979045113715,86.50098358359114,87.34343935414331,20485400,DE,1556
2016-11-25,91.19590759277344,91.99448930313774,88.45792846064944,89.23017778338453,6584700,DE,1556
2016-11-28,89.24771118164062,91.01160592610235,89.23894041579733,90.81854195369226,4903500,DE,1556
2016-11-29,88.06302642822266,88.72997300745584,87.61546955443859,88.37894813968877,5902400,DE,1556
2016-11-30,87.93138122558594,89.58119590713667,87.93138122558594,88.24730290097898,5146400,DE,1556
2016-12-01,90.1252670288086,90.42364043925643,87.88749657903388,88.58953945347186,6152300,DE,1556
2016-12-02,89.07218933105469,89.90586724275668,88.7211645857759,89.54607173289503,3282400,DE,1556
2016-12-05,88.8879165649414,90.00241310582689,88.66852690218715,89.79180090425034,3462100,DE,1556
2016-12-06,89.96730041503906,90.38853146876045,88.3350476568749,88.49300176987491,3039300,DE,1556
2016-12-07,90.26567077636719,90.59036984219593,89.53729559086068,89.90586856596991,4921100,DE,1556
2016-12-08,91.19590759277344,91.94183122312151,89.77426664193743,90.01120456866269,4334100,DE,1556
2016-12-09,90.9326400756836,91.10814914756828,90.17793901514393,90.59039269883908,3164300,DE,1556
2016-12-12,89.87955474853516,90.95895482700456,89.80057768425846,90.39731783023319,1712500,DE,1556
2016-12-13,88.92303466796875,89.87079977730396,88.80017697178556,89.67773577037542,2605900,DE,1556
2016-12-14,88.2385482788086,89.0546783070227,88.06303248523177,88.88793997693546,2140800,DE,1556
2016-12-15,88.98443603515625,89.36178646982313,87.799733361978,88.23851262576552,2751000,DE,1556
2016-12-16,89.3003921508789,89.9410063742398,88.54569098989056,88.54569098989056,3717800,DE,1556
2016-12-19,89.73037719726562,90.38854622316244,88.98445364029755,89.07220817136881,1849000,DE,1556
2016-12-20,90.95020294189453,91.35387922838872,89.75672231432777,90.1779535279808,2093100,DE,1556
2016-12-21,90.467529296875,90.86243475576786,90.12528191631306,90.86243475576786,1907500,DE,1556
2016-12-22,90.467529296875,90.67814821971466,90.16038507011966,90.39732968450379,1858600,DE,1556
2016-12-23,90.49386596679688,90.66059758621729,90.169166800149,90.38855650039268,1003800,DE,1556
2016-12-27,91.17835235595703,91.37141634561458,90.4850801636603,90.4850801636603,1752700,DE,1556
2016-12-28,91.27544403076172,92.08748579078672,91.04595162583999,91.31074433847614,2745300,DE,1556
2016-12-29,91.09892272949219,91.74326455679068,90.94004438400289,91.12540133138529,2130300,DE,1556
2016-12-30,90.9488525390625,91.33722323786607,90.71936015030319,90.92237394307665,1793900,DE,1556
2017-01-03,91.84033203125,92.47583850454882,91.31073320230772,91.51374698461944,3379100,DE,1556
2017-01-04,93.40264129638672,94.0028475406594,91.88447216474819,92.0963076821004,4439000,DE,1556
2017-01-05,92.98780059814453,93.78219227957405,92.7141794155917,93.24377162516795,2328300,DE,1556
2017-01-06,93.9940185546875,94.22351095873816,93.04075536503412,93.38499060404527,2633300,DE,1556
2017-01-09,92.84657287597656,93.83514313793287,92.5464663792185,93.5085647767351,2195000,DE,1556
2017-01-10,92.581787109375,92.98780806043774,92.35229466429404,92.67887980790422,1745100,DE,1556
2017-01-11,93.30555725097656,93.41147838652152,92.65239375044173,92.76713659668437,1235300,DE,1556
2017-01-12,92.82893371582031,93.05842617080104,91.78739932368457,92.82011200403227,2166000,DE,1556
2017-01-13,93.37616729736328,93.56152422594171,92.64356129336517,93.17315347989356,1360500,DE,1556
2017-01-17,92.09632110595703,93.30556221477086,91.8844855577279,93.30556221477086,2438800,DE,1556
2017-01-18,92.89071655273438,93.25260874900643,92.19341749714485,92.6435739475393,1941200,DE,1556
2017-01-19,92.69651794433594,93.29672421462477,92.6082537027908,93.05841008903992,1526100,DE,1556
2017-01-20,94.2146987915039,94.47066983752678,92.71418629730722,93.09372864359896,2843900,DE,1556
2017-01-23,94.55010223388672,94.70898056491853,93.95871766418878,94.2588241713067,2073100,DE,1556
2017-01-24,95.03556060791016,95.3268386756102,93.8881119606263,93.8881119606263,2277800,DE,1556
2017-01-25,95.37980651855469,95.74169871592112,94.95613540383358,95.16797096119414,2181200,DE,1556
2017-01-26,95.0002670288086,95.39746628673497,94.38241049532023,95.28271669185058,1560000,DE,1556
2017-01-27,95.31800842285156,95.31800842285156,94.53244521332303,95.15030838164517,1220700,DE,1556
2017-01-30,94.49710845947266,95.08849284241684,93.95868799290027,95.08849284241684,2420700,DE,1556
2017-01-31,94.48831939697266,94.57658364258315,93.24377131123485,93.83514916436843,1645800,DE,1556
2017-02-01,94.57656860351562,95.20325340206735,94.13524071151055,94.70896831794299,1375100,DE,1556
2017-02-02,94.82373809814453,94.95613785020501,94.10878886480147,94.57659548583489,1167600,DE,1556
2017-02-03,95.31800842285156,95.39745095532201,94.69132354413385,94.89433736344273,1895100,DE,1556
2017-02-06,95.37980651855469,95.45924906139675,94.84138581240963,95.11501375538674,2022300,DE,1556
2017-02-07,95.99765014648438,96.12122142419875,95.38861546765669,95.7593293007998,1755900,DE,1556
2017-02-08,95.68875122070312,95.8123225362145,95.10619496117954,95.57400161763425,1605900,DE,1556
2017-02-09,96.31539154052734,96.37717716960553,95.4062505210503,95.68870680726891,2715500,DE,1556
2017-02-10,97.3039779663086,97.43637768920291,96.34188633259383,96.43015056981349,2757800,DE,1556
2017-02-13,97.75413513183594,99.0163332634,96.66846547615829,97.0656646480973,2704100,DE,1556
2017-02-14,97.13627624511719,97.46285459055863,96.26244212970204,96.98621963691298,3521100,DE,1556
2017-02-15,96.31539154052734,96.80084813067644,95.60043585076134,96.28008450475001,5231900,DE,1556
2017-02-16,96.35955047607422,96.56256431187012,95.29153756216164,96.34190031971966,4757900,DE,1556
2017-02-17,97.33045959472656,98.99868538053262,95.13264836911232,98.65444339663657,6717800,DE,1556
2017-02-21,96.7479019165039,97.33045123757695,95.81228893174422,97.30397264127308,3355000,DE,1556
2017-02-22,96.7832260131836,97.02154015604779,95.9446988223812,96.03296980445653,4206300,DE,1556
2017-02-23,95.0885009765625,96.82732703888354,94.19701683913905,96.69493407194862,4170700,DE,1556
2017-02-24,95.87410736083984,95.91823612506379,94.51481616789512,94.68251624655662,2166400,DE,1556
2017-02-27,96.65961456298828,96.86262157551126,95.82108772054328,95.9005302245814,1835200,DE,1556
2017-02-28,96.64199829101562,97.63940382653752,96.13006295683668,96.13006295683668,2812500,DE,1556
2017-03-01,98.16897583007812,98.66326090642336,97.71881950176137,97.7276479450187,2859800,DE,1556
2017-03-02,96.68611907958984,98.17780956643409,96.54489091637477,97.77178196425548,2348400,DE,1556
2017-03-03,97.82473754882812,97.98361585182926,96.08590465879604,96.58018971963115,1886800,DE,1556
2017-03-06,97.83358001708984,98.02776539908773,96.83618124080022,97.01271646722117,1688700,DE,1556
2017-03-07,97.3039779663086,97.93066280493677,97.10979260394754,97.82474841392502,1640000,DE,1556
2017-03-08,97.50700378417969,98.24843154911439,97.22455414980499,97.48052518316496,1892600,DE,1556
2017-03-09,96.721435546875,97.8865410704328,96.04178672989038,97.56878440635974,2125600,DE,1556
2017-03-10,97.02153778076172,97.09215187104103,96.1035748095217,96.94210197979523,1876800,DE,1556
2017-03-13,96.9862289428711,97.68352791969673,96.51842238814595,97.24219996480431,1450700,DE,1556
2017-03-14,96.39485168457031,96.73025850803742,95.89173808230454,96.47429421868081,1504100,DE,1556
2017-03-15,97.7894515991211,98.25725816602565,96.359546563755,96.73026043932498,2580000,DE,1556
2017-03-16,97.73649597167969,98.21312425701198,97.46286804890839,98.15133861008887,1378900,DE,1556
2017-03-17,97.48934173583984,98.07189786386255,97.2951630939624,97.74531275565617,4122200,DE,1556
2017-03-20,97.86888122558594,98.14250912668697,97.00388223716699,97.49816737340639,1360200,DE,1556
2017-03-21,96.7479019165039,98.407292381463,96.3330526167318,98.20428532038045,2261800,DE,1556
2017-03-22,96.88914489746094,97.30399428952899,96.29776700134002,96.82735924762936,1650600,DE,1556
2017-03-23,96.67729949951172,97.71883372926062,96.43898536989879,96.96857756225093,1046500,DE,1556
2017-03-24,96.19183349609375,97.30397497227442,95.62692758018476,96.67729015292927,1844700,DE,1556
2017-03-27,94.58539581298828,95.31799498622132,94.38238202229752,94.98258821695956,3473100,DE,1556
2017-03-28,95.61811065673828,95.803467578713,94.71779791099847,94.71779791099847,1864900,DE,1556
2017-03-29,96.01753997802734,96.15067713339074,95.28973120322937,95.54712789782873,1615000,DE,1556
2017-03-30,96.89622497558594,97.12699557106889,96.07966043358331,96.1506678124452,1091300,DE,1556
2017-03-31,96.62105560302734,97.51750491422293,96.19501820839307,96.56780346806106,2257900,DE,1556
2017-04-03,96.550048828125,96.9760862253457,95.83111791517695,96.71868961872158,1642000,DE,1556
2017-04-04,97.1891098022461,97.30449169572947,96.30153802323015,96.68319415907241,1266700,DE,1556
2017-04-05,96.96721649169922,98.55597078274067,96.68319379435096,97.63289532345001,1322800,DE,1556
2017-04-06,98.02344512939453,98.42284978521946,96.92285107169516,97.2956364249863,1616300,DE,1556
2017-04-07,97.02934265136719,98.37844872089457,97.00271658254498,97.97016653180556,1334700,DE,1556
2017-04-10,97.3044662475586,97.81925936994575,96.90506176011233,97.14470309825339,1040200,DE,1556
2017-04-11,98.66248321533203,98.85774332053985,97.0737289020408,97.65064514699607,2846700,DE,1556
2017-04-12,97.05596923828125,98.69797561688817,96.99383948681943,98.51158636250268,2088200,DE,1556
2017-04-13,95.85775756835938,97.25124506955251,95.82225388258964,96.83408522630258,2341200,DE,1556
2017-04-17,96.56781005859375,96.73644408804077,95.63585700327208,96.20390238712915,1981400,DE,1556
2017-04-18,96.2749252319336,96.63882619027042,95.70687975674717,95.87551381330687,1690500,DE,1556
2017-04-19,96.05302429199219,96.73645161990706,95.76012396361338,96.56781757733026,1458200,DE,1556
2017-04-20,96.56781005859375,96.8784588198226,95.2009487375517,95.85774994295485,2014000,DE,1556
2017-04-21,95.449462890625,97.16247656869325,95.00567703383669,96.78082046098991,2025100,DE,1556
2017-04-24,97.85479736328125,98.15656854467395,96.69208039600157,96.75421015520806,2711400,DE,1556
2017-04-25,100.42874908447266,101.29856564388619,99.02638403538597,99.12401747371703,3326100,DE,1556
2017-04-26,99.89620208740234,100.987911535943,99.8518207917298,100.37548486816385,2208100,DE,1556
2017-04-27,98.68020629882812,100.01156363865493,98.11216104223271,99.85180048701037,2635100,DE,1556
2017-04-28,99.0619125366211,99.28380553902878,97.49090628745789,98.52049306901536,2297700,DE,1556
2017-05-01,99.38142395019531,100.10923261699818,99.34592026259078,99.62994299179103,1808400,DE,1556
2017-05-02,98.4583511352539,100.24237255026473,98.00568757020778,99.65657184589489,2653300,DE,1556
2017-05-03,98.33407592773438,98.52046518440595,97.4465041693163,97.93466457346517,2013100,DE,1556
2017-05-04,99.4346694946289,99.48792163668246,98.00567832868377,98.53822006412597,3691000,DE,1556
2017-05-05,100.39323425292969,100.41986032012977,98.85773225192365,99.05299910690374,1505800,DE,1556
2017-05-08,99.97608947753906,100.41099777421407,99.60331093753192,100.24236373276452,1460400,DE,1556
2017-05-09,100.81041717529297,101.21869943324643,100.15360909926527,100.26012016415423,2059700,DE,1556
2017-05-10,100.78376770019531,101.33405781192168,100.5885008457242,100.73938640722113,2164900,DE,1556
2017-05-11,100.71278381347656,101.29857774178785,99.66544870854557,100.6950285834948,1627000,DE,1556
2017-05-12,100.39323425292969,100.45536400027476,99.73643309933405,100.33110450558462,1421400,DE,1556
2017-05-15,101.00567626953125,101.15656185440328,100.53525751468541,100.84591307036216,2527900,DE,1556
2017-05-16,101.89328002929688,102.03528804438064,101.03233400680155,101.2719754948469,3202000,DE,1556
2017-05-17,100.49976348876953,101.89325102148551,100.34000028500942,101.89325102148551,2769900,DE,1556
2017-05-18,100.00272369384766,100.75715844958685,98.62699132082587,99.57669297674992,3278700,DE,1556
2017-05-19,107.30743408203125,108.496777067007,105.62104627458058,106.83702210225321,11097700,DE,1556
2017-05-22,108.0263671875,108.72754974950122,106.61513122072834,108.35477120412408,4423500,DE,1556
2017-05-23,108.39915466308594,108.86069584726361,107.42282691882184,108.15951322749711,3719400,DE,1556
2017-05-24,108.97605895996094,109.01156264274559,108.09736481885483,108.24825039196328,1990100,DE,1556
2017-05-25,108.6654281616211,109.55300006304032,108.33702412030694,109.1713438745646,2792200,DE,1556
2017-05-26,108.98495483398438,109.69500829374155,108.60329864464677,108.99383244907676,2132000,DE,1556
2017-05-30,108.51453399658203,108.86068646907664,108.15062629534451,108.28376342437375,3261600,DE,1556
2017-05-31,108.69204711914062,109.35772600162309,108.3813983283093,109.2157180279441,2341900,DE,1556
2017-06-01,110.68019104003906,111.81628853252931,110.16540458765041,111.16835819586045,4198000,DE,1556
2017-06-02,110.86661529541016,111.83406546852214,110.44945539631175,111.7364320124933,2428400,DE,1556
2017-06-05,111.23938751220703,112.2245928599268,110.61808312112423,110.61808312112423,2098400,DE,1556
2017-06-06,110.99087524414062,111.61217290153829,110.62696749363872,110.7689822562648,2051300,DE,1556
2017-06-07,111.203857421875,111.54113222497989,110.7600715785943,110.99084211315795,2144800,DE,1556
2017-06-08,111.83403015136719,112.09142674764504,111.0884732007426,111.20385507977704,2267000,DE,1556
2017-06-09,111.78965759277344,112.75711430758103,111.23048983612058,112.07368027781482,2395400,DE,1556
2017-06-12,111.83403015136719,112.18906017284128,110.40503922436896,111.73639672617095,1997300,DE,1556
2017-06-13,112.20682525634766,112.41096974973178,111.83404672578753,111.83404672578753,1171200,DE,1556
2017-06-14,112.2156982421875,112.32220929151265,111.78078997447133,112.20682062850162,1836700,DE,1556
2017-06-15,112.1624526977539,112.32221589531707,111.3103845679622,111.56777443526929,3859900,DE,1556
2017-06-16,113.52046203613281,113.79561396540709,112.30448593818653,112.348867247577,4207100,DE,1556
2017-06-19,112.7127456665039,113.9375923635787,112.27783736250163,113.9375923635787,2089800,DE,1556
2017-06-20,111.86954498291016,112.79262042211005,111.86954498291016,112.39320906877163,2204300,DE,1556
2017-06-21,110.751220703125,112.18908962027187,110.17429761325295,112.10033378451529,1850600,DE,1556
2017-06-22,109.93463897705078,111.1861116401522,109.62399021469477,110.92872178822518,1979900,DE,1556
2017-06-23,109.70388793945312,110.47607794751397,109.48199495948998,109.8902772300258,7209800,DE,1556
2017-06-26,109.48197174072266,110.52042904152304,108.49676657689615,110.20978028978381,1714400,DE,1556
2017-06-27,108.28376007080078,110.29854508604116,108.23050792949259,110.00565153721064,1465800,DE,1556
2017-06-28,110.13009643554688,110.30848538005945,108.38185891993596,109.05082766951115,2375100,DE,1556
2017-06-29,108.73866271972656,110.07660045395605,107.8556189154608,110.04983598298475,1817800,DE,1556
2017-06-30,110.23714447021484,110.90611332532042,109.05084487237264,109.34518599674074,2305600,DE,1556
2017-07-03,111.45022583007812,111.94080578864373,110.41555737897271,110.77234218473822,1681900,DE,1556
2017-07-05,112.02998352050781,112.27081612052173,110.70096729318608,111.27182017492575,2293000,DE,1556
2017-07-06,111.57510375976562,111.9140524005066,111.21832574545532,111.7534995720252,1851900,DE,1556
2017-07-07,112.95762634277344,113.11817914845588,111.53941556349805,111.61076707316533,1584600,DE,1556
2017-07-10,114.29554748535156,114.6166530499776,112.984367563979,113.02004671617107,3103800,DE,1556
2017-07-11,114.22422790527344,114.88428223694443,113.56418037870722,114.17962724863725,1834800,DE,1556
2017-07-12,110.13904571533203,115.06265396031863,110.1212027333173,114.88426497079374,4848200,DE,1556
2017-07-13,110.97747039794922,111.53940858523283,109.9338806288554,110.2371432400028,2894800,DE,1556
2017-07-14,111.91403198242188,112.19053693459692,110.8436777194578,111.06666734027075,1777000,DE,1556
2017-07-17,112.27973937988281,112.4046130319804,111.50373979971972,111.90511842359003,1573400,DE,1556
2017-07-18,112.46703338623047,112.77922427585497,111.79806457435396,112.28864442510447,1869400,DE,1556
2017-07-19,112.66327667236328,113.04681910200149,112.2529765763718,112.69895582920212,1474300,DE,1556
2017-07-20,112.02998352050781,113.0289794661038,111.80699390091878,112.60975789245992,2074100,DE,1556
2017-07-21,112.16378784179688,112.47597197377517,111.14695563757974,111.26290779942775,1455800,DE,1556
2017-07-24,112.87733459472656,112.96652907082398,112.11916453514267,112.31539646561839,1291200,DE,1556
2017-07-25,114.08151245117188,114.83967594102377,113.10927398610424,114.10827012179774,2128000,DE,1556
2017-07-26,114.0101547241211,114.33125357842012,113.27874890105859,114.21530820850283,1959300,DE,1556
2017-07-27,114.56314086914062,114.64341385994949,113.5641449956468,114.29555062290576,1472900,DE,1556
2017-07-28,114.98238372802734,115.08049971616208,114.22421349151274,114.56316210692508,1261200,DE,1556
2017-07-31,114.42044067382812,115.54430353702328,114.30448170810699,114.99129359627432,1273300,DE,1556
2017-08-01,115.08050537109375,115.47296934291796,114.33124978388004,114.6255977627482,1592200,DE,1556
2017-08-02,115.0447998046875,115.42834902461126,114.43827457716957,115.10724343057055,1513000,DE,1556
2017-08-03,115.51754760742188,115.65134955685315,114.91993700854303,115.00913830816388,1657600,DE,1556
2017-08-04,115.73162841796875,115.91001741603189,115.1518607717115,115.60675475830374,1214800,DE,1556
2017-08-07,115.9189224243164,116.40057398334332,115.65133217587685,116.11514075561966,1535200,DE,1556
2017-08-08,117.75634765625,117.93473660796364,115.73159834827833,115.73159834827833,3955100,DE,1556
2017-08-09,118.1042251586914,118.18449815513974,117.00710643307255,117.11415070520991,1394200,DE,1556
2017-08-10,113.97447204589844,117.97044287616951,113.93879288427584,117.97044287616951,2991500,DE,1556
2017-08-11,113.01115417480469,114.62559709569773,112.82384368164342,114.1082662691541,2305700,DE,1556
2017-08-14,114.67913055419922,115.2142975798976,114.063670100864,114.26882358530908,2146500,DE,1556
2017-08-15,113.43926239013672,114.24202626024771,112.5027034074902,113.09139918060565,2158300,DE,1556
2017-08-16,112.94869995117188,114.15284934409246,112.8149116231613,114.00121123050853,1919400,DE,1556
2017-08-17,110.58501434326172,113.31440508971319,110.246065768665,112.82382520811429,4123300,DE,1556
2017-08-18,104.63566589355469,105.6168258417581,100.67537415894165,102.95878609998732,11364600,DE,1556
2017-08-21,103.93099212646484,105.59895682205986,103.49393440599978,104.77835670870836,4809100,DE,1556
2017-08-22,104.78728485107422,104.82295720165627,103.81504657268665,104.33238412246708,3052600,DE,1556
2017-08-23,103.86856842041016,104.47510049490599,103.4225891540192,104.40374898416214,2778200,DE,1556
2017-08-24,102.96768188476562,104.0380292636303,102.78928611821974,104.0380292636303,2738700,DE,1556
2017-08-25,103.32447052001953,103.69909826605483,102.6287439711164,103.53854546206924,1861100,DE,1556
2017-08-28,103.43148803710938,103.93990401746326,102.67332481098195,103.85963103350836,1471500,DE,1556
2017-08-29,103.36907196044922,103.41367260832753,102.1560078332762,102.57522942495999,2578300,DE,1556
2017-08-30,103.01227569580078,103.14607081939977,102.53953882350672,102.94983887880161,1809800,DE,1556
2017-08-31,103.40475463867188,103.85965540312702,102.6019905852521,103.42259081536847,2067700,DE,1556
2017-09-01,103.59204864501953,104.05587082662352,102.94092282002127,103.44933883882779,1815500,DE,1556
2017-09-05,103.04795837402344,104.4929335091353,102.84281174190994,103.48501610796787,3225100,DE,1556
2017-09-06,103.6634521484375,104.17186838891598,102.69121352412621,103.33342494475284,3147900,DE,1556
2017-09-07,103.76152038574219,104.14506276285115,102.36114599585179,103.63664675646042,2881400,DE,1556
2017-09-08,104.62673950195312,105.1797494416872,103.37799618447993,103.60990731039297,3000600,DE,1556
2017-09-11,105.18867492675781,105.77736404707103,104.33239551214521,105.67033337343437,2759600,DE,1556
2017-09-12,104.591064453125,106.36606011267898,104.13616367425804,105.70601267233546,3726300,DE,1556
2017-09-13,104.68917846679688,105.2154307498913,104.10940404271892,104.50186798611392,2562100,DE,1556
2017-09-14,105.58113861083984,105.90224424114797,104.49294806425164,104.68918003889591,1802800,DE,1556
2017-09-15,106.15199279785156,106.54444994664058,105.58113984951851,106.19658664390963,6627100,DE,1556
2017-09-18,106.93689727783203,107.08852858004634,106.03601734420685,106.14305480729494,2009700,DE,1556
2017-09-19,109.78227996826172,110.04094881150057,106.94585099029365,107.03504550052311,3947000,DE,1556
2017-09-20,110.5582504272461,110.70096704991896,109.63061960028497,109.8000870833301,2173300,DE,1556
2017-09-21,111.298583984375,111.35209931839752,110.16579964857604,110.43338312379217,1742400,DE,1556
2017-09-22,110.37987518310547,111.3342705993532,109.96065355823987,111.12020244382114,1864300,DE,1556
2017-09-25,110.3976821899414,110.52256261986693,109.80899321650305,110.31740920474161,1605200,DE,1556
2017-09-26,109.96064758300781,110.98640126372838,109.87145309014159,110.60285881981038,1057900,DE,1556
2017-09-27,109.996337890625,110.51367552883252,109.44332109063376,110.1568907160996,2517800,DE,1556
2017-09-28,110.83887481689453,111.34977666833647,109.70054520017504,110.15767006884685,2861100,DE,1556
2017-09-29,112.56876373291016,112.61358244366245,110.96435783128032,111.1436189975392,3093400,DE,1556
2017-10-02,114.0925064086914,114.11042978924601,112.1116411962249,112.66735489229136,2628100,DE,1556
2017-10-03,114.81852722167969,114.98881642901566,113.81464697406386,114.01183150918285,1590000,DE,1556
2017-10-04,115.02470397949219,115.23085367246543,113.85052057101437,114.64825136228998,1400300,DE,1556
2017-10-05,114.7378921508789,115.11434482395077,114.38833481592133,114.93508360011961,1415700,DE,1556
2017-10-06,114.84542846679688,115.00675942116537,114.07458626735306,114.38830358095973,1496400,DE,1556
2017-10-09,115.30253601074219,115.37424320951297,114.49584712050789,114.9260834747578,988100,DE,1556
2017-10-10,114.95296478271484,115.60727412508778,114.69303133219188,115.60727412508778,1123200,DE,1556
2017-10-11,114.5227279663086,114.93503407415783,113.76982294459461,114.73784270988767,1868000,DE,1556
2017-10-12,115.17704010009766,115.87616812096228,114.13730633895344,114.37035129203304,2751500,DE,1556
2017-10-13,114.64822387695312,115.6431390113105,114.17316882527484,115.6431390113105,2023200,DE,1556
2017-10-16,114.47789764404297,115.28457951201418,114.46893253664656,114.99776445906203,1249300,DE,1556
2017-10-17,115.34736633300781,115.82241460553728,114.5317122512115,114.5317122512115,1777100,DE,1556
2017-10-18,115.37422943115234,115.912026519333,114.96191650664744,115.20392656400354,1701000,DE,1556
2017-10-19,115.19499206542969,115.25772732183944,114.30763078984184,114.94402368628884,1637600,DE,1556
2017-10-20,115.75965118408203,115.77758140252344,114.84541519481138,115.625208737645,1384900,DE,1556
2017-10-23,116.15406036376953,116.70978784793097,115.3115177030189,115.87620346006507,1337400,DE,1556
2017-10-24,117.43580627441406,118.63687134244523,116.77252479904105,117.86603588389113,3153800,DE,1556
2017-10-25,117.02346801757812,117.99149468806449,115.92995716814443,117.77637309126204,1498300,DE,1556
2017-10-26,118.43963623046875,119.01328005707545,117.00551982557822,117.3371672792984,1786900,DE,1556
2017-10-27,119.4345932006836,119.48837019133035,117.71366111622551,118.22455620412202,1658300,DE,1556
2017-10-30,118.58307647705078,119.89169533101739,118.58307647705078,119.09397149690741,2708100,DE,1556
2017-10-31,119.10292053222656,119.64967588705504,118.48445798762982,119.4704010742604,1319800,DE,1556
2017-11-01,120.34882354736328,120.76112285993466,119.4345738244329,119.990287539964,1558000,DE,1556
2017-11-02,120.50118255615234,121.03896599113797,119.37181135686002,120.16954875407377,1641000,DE,1556
2017-11-03,121.03001403808594,121.03001403808594,120.27710898375788,120.6356312924619,1056500,DE,1556
2017-11-06,121.28099822998047,121.74708823357098,120.69839598305572,121.01209962495705,2432000,DE,1556
2017-11-07,121.63953399658203,122.5179233394389,121.4871476352257,121.4871476352257,1234200,DE,1556
2017-11-08,120.68045806884766,121.79189918293928,120.57290410439535,121.6753732702824,1271200,DE,1556
2017-11-09,117.66881561279297,120.28606675025644,117.21169761959963,120.10680559665607,2879200,DE,1556
2017-11-10,118.52033996582031,118.79819686077788,117.61506206986954,117.9646261759052,2990800,DE,1556
2017-11-13,118.23350524902344,119.37182113519992,117.53437715254898,117.86601098179334,1820300,DE,1556
2017-11-14,119.10292053222656,119.21047447850495,117.92874436286081,118.35897382472237,1591300,DE,1556
2017-11-15,118.55621337890625,119.22845316995533,117.74055915001252,118.57412992607166,1764800,DE,1556
2017-11-16,120.653564453125,121.24513858598694,118.87885573128897,119.0043399100703,2065800,DE,1556
2017-11-17,121.69328308105469,122.35655065294264,119.89167241812049,120.11575225764977,1965000,DE,1556
2017-11-20,122.72406005859375,123.530755786772,122.0249319668891,122.06077872788049,2564500,DE,1556
2017-11-21,124.7945327758789,125.80737796522307,123.64724516173116,124.19400048384432,5917200,DE,1556
2017-11-22,130.1904296875,130.86266942771084,127.60006643562433,130.44139809637184,8094200,DE,1556
2017-11-24,130.41448974609375,132.5746230648581,130.40553147455236,130.97917541846172,1964900,DE,1556
2017-11-27,133.34544372558594,133.39922070241846,130.25314446697504,130.63855525210747,3880800,DE,1556
2017-11-28,133.8921661376953,134.2775768278935,131.95611338811844,132.70005996346728,3992800,DE,1556
2017-11-29,133.0496826171875,133.73088058446214,131.9113529042107,133.4799121924793,2421800,DE,1556
2017-11-30,134.3224334716797,135.12015723598634,132.65527874577762,133.5067794888635,3726400,DE,1556
2017-12-01,134.3941192626953,134.88709761756542,131.6961893918367,134.67197605996375,2022500,DE,1556
2017-12-04,135.3173828125,136.85008180211344,135.27256409327236,136.2316327130826,1893800,DE,1556
2017-12-05,135.04849243164062,136.72460595456994,134.68099805895713,135.04849243164062,1802600,DE,1556
2017-12-06,133.95492553710938,135.68482901279117,133.92803705046518,134.92295208654434,1411100,DE,1556
2017-12-07,135.44281005859375,135.77444382325143,133.55157578728776,133.69499015780082,1434300,DE,1556
2017-12-08,135.8640899658203,136.65285537764592,135.3890418000839,136.07023958873,1084000,DE,1556
2017-12-11,135.6400146484375,135.8640944954725,134.94984489008013,135.16496646686318,1537200,DE,1556
2017-12-12,135.40701293945312,135.98065695503448,134.79750847972485,135.55938563519715,1699200,DE,1556
2017-12-13,136.19573974609375,137.4416232533127,135.57727712798692,135.9537296614542,1608200,DE,1556
2017-12-14,133.9459686279297,136.7604108981811,133.8294427334557,136.57217781301142,1420300,DE,1556
2017-12-15,135.2277374267578,136.24058297941545,134.94092225871222,134.98574097530587,2555900,DE,1556
2017-12-18,138.06907653808594,138.633762309156,136.6170430430519,136.68875025816814,1985100,DE,1556
2017-12-19,138.46340942382812,138.91156909903953,136.25847148076681,138.33792526183885,1841200,DE,1556
2017-12-20,138.3648223876953,139.1446295714428,138.03318858389102,138.87573101417638,1430000,DE,1556
2017-12-21,139.70034790039062,140.09473064067524,138.2572730607578,138.91158241982137,2315600,DE,1556
2017-12-22,141.19715881347656,141.70806730904076,139.02806804704028,139.87956852956867,1714700,DE,1556
2017-12-26,142.29074096679688,142.29969923944748,140.55187869993017,141.57368252893662,2407200,DE,1556
2017-12-27,142.1383514404297,142.60444142136134,141.8156758654386,142.17419820353956,1781500,DE,1556
2017-12-28,141.88641357421875,142.75015429884598,141.52652961402836,142.58819690667517,1237600,DE,1556
2017-12-29,140.8157501220703,142.14735107116877,140.77976721500815,142.11135443541258,1258200,DE,1556
2018-01-02,142.1653289794922,142.21031790772622,140.85174013869613,140.9597025835031,1897600,DE,1556
2018-01-03,142.81314086914062,143.14604797787695,141.83244531858304,142.05737624643723,1392300,DE,1556
2018-01-04,143.6318817138672,144.0457606299682,141.57152061353565,143.23600111464705,1747000,DE,1556
2018-01-05,144.24368286132812,144.3786358992972,140.88770421112065,143.77582278188277,1574400,DE,1556
2018-01-08,144.9545135498047,145.01748708191485,142.9661177522949,144.00080844218974,2711800,DE,1556
2018-01-09,148.9942626953125,149.33614839444618,145.32338804429634,145.76424390787022,4345200,DE,1556
2018-01-10,148.40040588378906,151.54943833744005,147.64464138979892,150.01991103426226,5473700,DE,1556
2018-01-11,150.66770935058594,150.74868117392458,147.34772730678546,148.57135186466087,1958200,DE,1556
2018-01-12,152.32321166992188,153.60980985724072,151.11758531354766,151.55844110115257,2316500,DE,1556
2018-01-16,150.73973083496094,153.50188970006099,149.67806326027795,153.08801068006966,2046100,DE,1556
2018-01-17,150.6407012939453,151.72937278603754,149.70499488041511,151.69338988611733,1960400,DE,1556
2018-01-18,151.06358337402344,151.55843408805268,149.58803725408583,150.21785474213706,2185900,DE,1556
2018-01-19,153.240966796875,153.240966796875,151.23457280428866,151.6304534795738,1613900,DE,1556
2018-01-22,153.294921875,153.3129064635748,151.80137730167817,152.953022490369,1401000,DE,1556
2018-01-23,151.7473907470703,153.03398894833654,151.54044442748895,152.86303926202717,1365000,DE,1556
2018-01-24,152.59310913085938,153.33986754501635,151.20752727059522,152.69207926373537,1448700,DE,1556
2018-01-25,152.1702880859375,154.21265119236384,150.1729001857858,153.85276716999408,1651300,DE,1556
2018-01-26,154.29360961914062,154.71648082180425,152.17925360582245,152.5031546604437,1554500,DE,1556
2018-01-29,152.21524047851562,154.70747883241594,151.83735819305494,154.2936136415895,1487600,DE,1556
2018-01-30,151.61245727539062,152.41321093295912,150.09193553856207,150.92867210861513,1712700,DE,1556
2018-01-31,149.73202514648438,153.4748792493434,149.49810191331628,152.43119640223358,1969800,DE,1556
2018-02-01,151.01861572265625,151.50446043880726,147.78859747991342,149.3451292335026,1721300,DE,1556
2018-02-02,148.4184112548828,151.09057771933493,148.2024726483232,149.9479386307752,2568700,DE,1556
2018-02-05,141.2746124267578,149.4081082431434,141.22962349818167,146.74493390723478,3549600,DE,1556
2018-02-06,145.6472930908203,145.98917879919844,136.26316672088572,138.5124762201697,3377400,DE,1556
2018-02-07,145.25137329101562,147.69862246523292,144.77452090392916,145.00844408650434,2378800,DE,1556
2018-02-08,138.2515106201172,145.05341780383876,138.20652170122887,145.03541949054534,3051300,DE,1556
2018-02-09,139.3942108154297,141.39159887970715,133.69897087205902,139.82608815219538,3895300,DE,1556
2018-02-12,143.24497985839844,144.2796563585712,140.2758896583631,141.02266178673528,2343100,DE,1556
2018-02-13,145.12542724609375,145.40433938053263,141.76045585843661,142.174334777364,1795900,DE,1556
2018-02-14,146.9069061279297,148.34646974999342,143.7398743966072,143.9198301458873,2854000,DE,1556
2018-02-15,150.08290100097656,150.631732980797,146.64596377076637,148.45440337868618,3026200,DE,1556
2018-02-16,152.44915771484375,157.68554154096324,145.76420472193084,149.1381679726004,6626900,DE,1556
2018-02-20,148.24746704101562,152.91703489878475,147.23976723526928,152.08927707412747,3750400,DE,1556
2018-02-21,145.836181640625,150.0558871338258,145.7282192117181,148.27443841340562,2753300,DE,1556
2018-02-22,147.69866943359375,149.17421598768348,146.43904781556338,146.65498648031908,1908800,DE,1556
2018-02-23,149.57008361816406,149.58806820880142,146.53800519496153,148.47241952669884,2038800,DE,1556
2018-02-26,150.66770935058594,151.4324661188258,149.02121363257547,150.29881940600995,1770000,DE,1556
2018-02-27,147.17678833007812,150.73069380903948,147.17678833007812,150.73069380903948,2281800,DE,1556
2018-02-28,144.73855590820312,148.38243985752646,144.73855590820312,147.48271610355502,2781400,DE,1556
2018-03-01,141.08566284179688,146.5200013559085,140.12296567875276,144.63057620636974,3697000,DE,1556
2018-03-02,137.9365997314453,140.5907811595231,136.56002395315133,139.95198519897636,4169500,DE,1556
2018-03-05,141.742431640625,142.3722490624305,135.89422899413447,137.24381422024769,3093400,DE,1556
2018-03-06,142.61520385742188,143.56892254571576,141.67050492150977,142.69618942713277,2394000,DE,1556
2018-03-07,142.06640625,142.44430239035125,139.43921396276914,140.39291915342235,2589100,DE,1556
2018-03-08,144.90948486328125,145.1704124026306,140.1049640000916,141.8774206398495,3508000,DE,1556
2018-03-09,151.090576171875,151.16255570665766,145.51229264879782,145.75522186260275,3828000,DE,1556
2018-03-12,147.58168029785156,151.19857348659434,146.47502396925137,151.11760164689798,2260900,DE,1556
2018-03-13,145.14344787597656,149.6330607857319,144.55861917734077,148.41844191077232,2732300,DE,1556
2018-03-14,144.1447296142578,146.2050906979298,142.96608012022148,146.13311115968148,2243000,DE,1556
2018-03-15,143.595947265625,145.4673609919537,143.1910605069877,144.78357573536044,1320700,DE,1556
2018-03-16,147.4467315673828,147.5366957045705,143.38896869537226,143.70387749726618,3818700,DE,1556
2018-03-19,143.53292846679688,146.5919837195132,142.0034008404387,146.34006216828692,2798600,DE,1556
2018-03-20,143.94677734375,145.80020568123595,143.21798972786127,144.13571160333106,1499400,DE,1556
2018-03-21,142.20132446289062,144.35166341962073,140.1139590222239,142.95708902781067,2901100,DE,1556
2018-03-22,136.380126953125,140.68979765226845,136.04723356056317,138.32353353776153,3768800,DE,1556
2018-03-23,133.1590576171875,138.31446863900922,132.79917376375178,136.54201251702585,2940600,DE,1556
2018-03-26,137.96363830566406,138.26954108971415,133.9688626076613,136.2091797163237,2463800,DE,1556
2018-03-27,136.9019317626953,141.24759793760617,135.76827136047177,138.77335829981388,2691400,DE,1556
2018-03-28,136.82968139648438,138.77175345888875,134.39984123676177,136.82968139648438,2655000,DE,1556
2018-03-29,140.29830932617188,140.75897996550142,136.86582169769116,137.66070355870824,3526700,DE,1556
2018-04-02,137.1368408203125,139.90089284151455,134.85151533173442,139.44924999404896,2150600,DE,1556
2018-04-03,138.23876953125,138.39234015386398,135.27599499383706,137.9226279614334,1957400,DE,1556
2018-04-04,134.20115661621094,134.73409184567123,129.68472833323491,131.26547823227654,4478100,DE,1556
2018-04-05,136.70321655273438,138.41042550013515,134.86954819378695,135.42055286903494,2963400,DE,1556
2018-04-06,131.3286895751953,135.31218228031923,129.19693506074967,134.88763695620614,3294000,DE,1556
2018-04-09,129.13368225097656,133.18039683964932,128.92591669258388,132.48486324716092,3629600,DE,1556
2018-04-10,133.6952667236328,135.0321390357381,131.37383041921237,131.92483506301542,2597400,DE,1556
2018-04-11,130.44346618652344,132.04227164459715,130.29893719435668,131.2202922906157,2309000,DE,1556
2018-04-12,135.72767639160156,136.55869741063796,131.56352962013062,131.56352962013062,3258100,DE,1556
2018-04-13,135.47479248046875,137.2994335487246,134.57150673343767,137.03748674662612,2634900,DE,1556
2018-04-16,134.5714874267578,136.64904710347565,133.94821814543798,136.5496851342356,2608100,DE,1556
2018-04-17,134.72503662109375,137.43489331839803,134.72503662109375,136.1161041108812,1957800,DE,1556
2018-04-18,135.2850799560547,137.03745611892862,134.9598966084797,136.0257669358933,2022000,DE,1556
2018-04-19,133.77659606933594,135.96254545619317,132.33133366962426,135.33927621860553,2290300,DE,1556
2018-04-20,132.74685668945312,135.37540728754644,132.15068489069205,133.98435354014822,1896700,DE,1556
2018-04-23,131.91580200195312,133.52366279491264,131.26544915367577,133.00878346885034,1245200,DE,1556
2018-04-24,124.75272369384766,134.72498657068695,124.12042678931742,133.96623028525065,5467900,DE,1556
2018-04-25,124.65336608886719,126.3696025725272,122.93712960520719,124.71660267303199,3067300,DE,1556
2018-04-26,123.14490509033203,124.87018358027237,120.76925998411096,124.69855714222024,4071600,DE,1556
2018-04-27,124.25596618652344,126.39674866958534,123.14492874654702,123.47914001135055,2602000,DE,1556
2018-04-30,122.24161529541016,125.05083345129026,122.14225334971505,124.41853642552205,2533400,DE,1556
2018-05-01,122.27775573730469,123.04555393816098,119.39627273958422,121.72675102191259,2378800,DE,1556
2018-05-02,121.71772766113281,124.54501583852938,121.57319866544144,122.31389943107699,2585000,DE,1556
2018-05-03,123.63267517089844,124.12948492516749,118.56524324343839,122.84682123971784,3716900,DE,1556
2018-05-04,124.02108764648438,124.8792060162081,122.07901577496087,122.95520371185894,1934700,DE,1556
2018-05-07,126.6587142944336,128.0588098013441,125.80059568795461,126.4599903498117,1840900,DE,1556
2018-05-08,128.3297576904297,128.89881809467047,126.65867426148202,127.04708035036,2189300,DE,1556
2018-05-09,131.1208953857422,131.45510653089278,128.3478029426657,129.35949183515987,2332600,DE,1556
2018-05-10,132.43067932128906,133.23460281406582,130.5699135143929,131.40093446781052,2413800,DE,1556
2018-05-11,133.072021484375,134.589534451593,132.01516535993954,132.61133707550766,2487000,DE,1556
2018-05-14,132.55714416503906,134.24628360174736,131.68998403986362,134.00240644598395,3483900,DE,1556
2018-05-15,131.45516967773438,132.286190885845,129.44987427747205,131.27451529041403,3135000,DE,1556
2018-05-16,133.09912109375,133.32494246392397,131.5364272883555,131.5364272883555,1887400,DE,1556
2018-05-17,132.61131286621094,133.7765586232817,131.3467189577247,133.05392762570105,4095700,DE,1556
2018-05-18,140.23504638671875,141.9061297473772,131.97901908635205,132.33129981097775,7788800,DE,1556
2018-05-21,143.01719665527344,145.78124811451002,141.00287382436622,144.07403904950843,4922000,DE,1556
2018-05-22,140.0905303955078,143.99272996770824,139.91890396297472,143.0262079668288,2462000,DE,1556
2018-05-23,141.43641662597656,141.53577856219357,138.24782055879476,138.8620479586525,2005000,DE,1556
2018-05-24,142.88172912597656,143.30627451866113,140.8583779265059,143.20691253775524,2426800,DE,1556
2018-05-25,143.62240600585938,143.9746868277595,142.33071425324013,142.4481320051775,2096700,DE,1556
2018-05-29,140.0182647705078,143.52301653003738,138.66333667168448,141.85193302827207,3350500,DE,1556
2018-05-30,140.0814971923828,141.04800537357724,139.29564332904295,140.71379419639425,2870600,DE,1556
2018-05-31,135.05020141601562,140.07248004922664,135.0050481703678,139.93697896315712,4754600,DE,1556
2018-06-01,138.55496215820312,139.1420922194119,135.97156507940738,136.1251219602921,2655900,DE,1556
2018-06-04,136.88385009765625,139.21432785626973,136.55866683405807,138.8620471359584,1737000,DE,1556
2018-06-05,139.5124053955078,139.62080899897646,137.21806690383676,137.59744505837892,1872200,DE,1556
2018-06-06,143.21591186523438,143.22493975790294,139.81052183544,140.13570515105752,2468100,DE,1556
2018-06-07,143.3062286376953,144.80568576655517,142.42101277133787,143.1165464149968,2192300,DE,1556
2018-06-08,141.92422485351562,143.27012531950703,140.95771645735473,142.83655210361448,1390300,DE,1556
2018-06-11,141.52676391601562,142.49328600589394,140.36153169879466,141.69839036435235,1925100,DE,1556
2018-06-12,142.34877014160156,143.2610973914827,141.40935921021787,141.40935921021787,2548600,DE,1556
2018-06-13,138.5098114013672,142.6378332332289,138.13946099528332,142.6378332332289,2386100,DE,1556
2018-06-14,135.6554412841797,139.0156652273358,135.50188436747666,138.21174149692214,3072100,DE,1556
2018-06-15,134.36370849609375,135.67346962062376,131.5996572694608,134.20112373360564,5991000,DE,1556
2018-06-18,133.49652099609375,133.81267634672207,132.4667763626997,133.13521240940918,2947200,DE,1556
2018-06-19,128.51947021484375,130.97640807587612,127.85103392897446,130.97640807587612,3752500,DE,1556
2018-06-20,130.38925170898438,130.8408944045014,127.25485029945285,128.85365551779347,2609600,DE,1556
2018-06-21,128.2755584716797,129.90147499619476,127.09225676810091,129.59436125907575,2784400,DE,1556
2018-06-22,129.3233642578125,131.30156141558066,129.05237589127535,129.78403483279706,2315000,DE,1556
2018-06-25,126.14382934570312,128.1942915302671,125.24054373983903,128.02266505986577,3705200,DE,1556
2018-06-26,126.14382934570312,127.48070196617404,125.30378034811088,126.48708228650572,1832500,DE,1556
2018-06-27,125.89995574951172,129.47695913232806,125.67413434160001,127.3000374521284,2433700,DE,1556
2018-06-28,126.56262969970703,127.52487385587412,124.65630085775828,125.80917097231155,1619900,DE,1556
2018-06-29,126.90755462646484,129.55826863966416,126.70784206334041,127.18896400588196,1906200,DE,1556
2018-07-02,128.14215087890625,128.29647172368513,125.16463538191488,125.32802903464011,1867400,DE,1556
2018-07-03,127.30699157714844,128.90467837892564,126.9620309630543,128.72312526420785,1580700,DE,1556
2018-07-05,126.8167953491211,127.9878386792121,125.34619696880003,127.59748628530973,3014900,DE,1556
2018-07-06,127.07097625732422,127.3614723591895,125.18279315004939,127.02558450995569,2059600,DE,1556
2018-07-09,131.1015167236328,132.32702461728348,127.42500689429697,127.8788966546689,2149800,DE,1556
2018-07-10,131.21951293945312,132.79904020513115,130.5295917414658,131.93665255926115,1531900,DE,1556
2018-07-11,128.378173828125,129.41304189277741,127.70641201886735,129.059008445702,2396600,DE,1556
2018-07-12,127.81533813476562,129.62181021700005,127.61562556512956,128.73219031237556,1681700,DE,1556
2018-07-13,124.89230346679688,127.84258679914868,124.80151997746285,127.72457103333758,5103500,DE,1556
2018-07-16,123.70316314697266,125.21915382335908,122.9315447393818,124.93774428814535,3726400,DE,1556
2018-07-17,125.27355194091797,125.37340822479051,121.97830842473829,122.30510954908348,2704800,DE,1556
2018-07-18,126.37195587158203,126.62613295422616,124.71071817683577,125.09198380080197,2397700,DE,1556
2018-07-19,127.36148834228516,128.26926799711026,125.40975377344023,125.60946640563121,2303400,DE,1556
2018-07-20,124.52010345458984,126.35382179200464,124.00267637940549,125.41881008194991,2832100,DE,1556
2018-07-23,123.0313491821289,124.20239244316122,122.813477125012,123.91189636700534,2789900,DE,1556
2018-07-24,126.94387817382812,128.89561235165357,122.84979773737656,124.24777203101853,5146300,DE,1556
2018-07-25,128.2873992919922,129.33134012510564,123.59416731793004,126.70785805293974,4371300,DE,1556
2018-07-26,129.5673370361328,130.9108603880764,128.28737873627566,128.85927028247124,3585300,DE,1556
2018-07-27,127.81533813476562,130.58406798507102,126.76231074061441,130.58406798507102,2321400,DE,1556
2018-07-30,125.45513153076172,129.46751549527391,125.13741699798805,128.62328715924525,2994500,DE,1556
2018-07-31,131.43736267089844,132.3088369195898,127.08910578897132,127.21619434069576,4856500,DE,1556
2018-08-01,128.822998046875,131.59172841852015,128.19662794703862,130.35714768812838,2198500,DE,1556
2018-08-02,128.9863739013672,130.7020764436266,127.40684658248323,127.90611418001596,1343200,DE,1556
2018-08-03,130.1392822265625,130.72026060853574,128.9137742427106,129.0408628309042,1873700,DE,1556
2018-08-06,130.65664672851562,131.50088854290652,129.61270624412074,129.75795423286056,1472900,DE,1556
2018-08-07,132.64471435546875,133.78852520293276,131.1831890460753,131.1831890460753,1549900,DE,1556
2018-08-08,131.45558166503906,132.82633793467994,130.87460318668874,132.47229053924724,2329000,DE,1556
2018-08-09,126.93478393554688,130.6839169584153,125.86359713546454,130.311724112952,3782500,DE,1556
2018-08-10,124.41119384765625,126.47185736671862,123.34000674352932,126.18136125318689,2413100,DE,1556
2018-08-13,124.28409576416016,124.66536149532467,123.10397963344177,124.36579259549198,2155200,DE,1556
2018-08-14,125.86359405517578,126.75322773986895,124.80149393931586,124.90135021610335,2808800,DE,1556
2018-08-15,123.1856689453125,124.74705071188602,120.58034634891355,124.60180267508495,2563100,DE,1556
2018-08-16,124.68352508544922,125.38250535654817,123.78481835624366,124.76522191948159,2996000,DE,1556
2018-08-17,127.62470245361328,129.25870814306555,120.11737679277559,121.80583317832615,8811200,DE,1556
2018-08-20,127.57027435302734,129.0590324395112,126.85313451723123,128.55067804680235,3509600,DE,1556
2018-08-21,130.56593322753906,131.07428755495417,127.7245788277025,127.75181110584141,1945200,DE,1556
2018-08-22,129.4584197998047,130.91087236936272,129.42211471879216,130.49328775384015,1277900,DE,1556
2018-08-23,128.16030883789062,129.18610415084376,126.99835213455279,129.0953345077928,1414700,DE,1556
2018-08-24,131.4102020263672,131.49191273756674,128.25113212473627,128.7413409854502,1945400,DE,1556
2018-08-27,132.7173309326172,133.69773423912793,131.86401617408305,131.86401617408305,1902500,DE,1556
2018-08-28,132.9897003173828,134.8052593660843,132.32702514305933,133.57067865890264,1535200,DE,1556
2018-08-29,132.52676391601562,133.43454361962156,132.2362677620846,133.31652782563472,1687800,DE,1556
2018-08-30,130.10296630859375,132.68105679828545,129.73984619282416,132.19993476505482,1491800,DE,1556
2018-08-31,130.53871154785156,130.86551276366808,129.07718581206348,129.4766110593523,1181300,DE,1556
2018-09-04,128.63233947753906,130.42973882880307,127.98782385409045,130.14832942828764,1698900,DE,1556
2018-09-05,131.51905822753906,131.70968410741838,128.02410267922707,128.02410267922707,2232100,DE,1556
2018-09-06,131.71878051757812,132.671937690773,130.8654657687335,131.6189242416152,1446700,DE,1556
2018-09-07,134.01548767089844,134.66908999782896,130.7384032281218,131.71880671851758,3136300,DE,1556
2018-09-10,134.9051055908203,136.75696958745596,134.35135956826488,134.80524929653603,1872100,DE,1556
2018-09-11,134.8960418701172,135.8673587512104,133.33465999155257,133.89747886000626,1152200,DE,1556
2018-09-12,134.1516571044922,136.07614526509147,133.0532516360808,134.76895438437003,1949800,DE,1556
2018-09-13,135.14112854003906,136.31217184161105,134.6690931773676,135.11389626340863,1502100,DE,1556
2018-09-14,134.13351440429688,136.2123375334628,133.3074454604539,135.16838263816936,2002200,DE,1556
2018-09-17,135.2954559326172,136.56635559381692,134.39676305713203,134.60554847193148,2131000,DE,1556
2018-09-18,135.2954559326172,136.9566941454688,134.25151500700352,135.70396780505567,1529700,DE,1556
2018-09-19,138.33653259277344,139.57111340197102,135.53149695513176,135.5678020443946,2373000,DE,1556
2018-09-20,139.86155700683594,142.31255823448043,139.0899390964607,140.01587781858854,2762200,DE,1556
2018-09-21,138.7177734375,140.7693638284644,138.58161206270807,140.13390714179565,2514000,DE,1556
2018-09-24,137.57398986816406,138.30021625893121,135.89459220524105,138.06418471725254,1713500,DE,1556
2018-09-25,137.33795166015625,138.3092823541278,136.31217026516936,137.71014457195557,1400000,DE,1556
2018-09-26,138.27294921875,139.28965759924844,136.8386562667681,137.10190616828547,1784900,DE,1556
2018-09-27,137.89907836914062,140.4341879210369,137.69845698751024,138.97512585729717,1494500,DE,1556
2018-09-28,137.0874786376953,138.756276175552,136.82301685546634,137.28810001916312,1737000,DE,1556
2018-10-01,137.57081604003906,139.03899247444792,136.95070967589976,138.35505961210808,2670300,DE,1556
2018-10-02,141.1819610595703,141.30962794655295,137.15130523916102,137.81700978488553,2149200,DE,1556
2018-10-03,144.2733917236328,144.90259839108498,141.455577207484,141.93888874438846,2973700,DE,1556
2018-10-04,144.36453247070312,145.2673287714305,141.97533168742154,144.0362441717703,3882500,DE,1556
2018-10-05,142.62269592285156,144.72009137473117,141.09980813297832,144.53771218644602,1948300,DE,1556
2018-10-08,140.27008056640625,141.72001492992578,138.6742371825621,140.26095255597969,2863700,DE,1556
2018-10-09,137.19691467285156,140.18797962318894,136.8868684813936,139.48581864511914,2107400,DE,1556
2018-10-10,134.47030639648438,137.43401503537376,133.64957873231103,136.78655256412526,2861400,DE,1556
2018-10-11,133.56752014160156,137.6984732251852,132.6829659222811,133.85021014505782,3309500,DE,1556
2018-10-12,135.34573364257812,136.7865536777414,133.00213125851633,135.95671191258097,1881000,DE,1556
2018-10-15,135.37307739257812,136.8868517869356,134.56147780530276,135.00831884883618,1678300,DE,1556
2018-10-16,138.5739288330078,138.90221717701027,135.15426438075323,136.7683359836692,2124500,DE,1556
2018-10-17,138.28211975097656,139.04812129841855,136.266791247366,137.80792235342386,1516000,DE,1556
2018-10-18,134.2332305908203,137.75320588125604,132.87449277250872,137.22429609086768,2491800,DE,1556
2018-10-19,133.05682373046875,135.87462297479345,132.5643844187612,134.5249997433594,1901500,DE,1556
2018-10-22,132.62826538085938,134.00524522694374,131.61604416900997,133.91406252571,1702300,DE,1556
2018-10-23,127.33002471923828,128.86202716466465,124.63076442513359,127.32089671193403,5166900,DE,1556
2018-10-24,122.095703125,127.99576550353812,121.7947709733917,127.34830288983834,3731500,DE,1556
2018-10-25,124.73109436035156,126.12631605807675,122.49691682517802,123.68240304220299,1854400,DE,1556
2018-10-26,121.28407287597656,123.39058349432102,120.0074039905094,122.65193835954021,4771000,DE,1556
2018-10-29,119.05902862548828,123.82831648302523,117.01635807997468,123.4726719566439,3274800,DE,1556
2018-10-30,121.06521606445312,121.24760927070261,117.90088595816715,119.00430363152527,2347600,DE,1556
2018-10-31,123.50914001464844,124.96818822567442,122.76136684871258,122.76136684871258,2018200,DE,1556
2018-11-01,128.2601776123047,128.707018666777,123.65504174757905,124.2113075849234,2954000,DE,1556
2018-11-02,129.2359619140625,131.28776061433067,128.73440833773353,129.97460721981497,2938000,DE,1556
2018-11-05,130.08399963378906,130.87737106226632,129.37271070801427,129.6006882845997,1576800,DE,1556
2018-11-06,132.65560913085938,132.69207942499958,129.57334747668844,129.88339367815038,1729500,DE,1556
2018-11-07,135.3548126220703,136.58589685165154,132.92001426801886,133.64954514796904,2161700,DE,1556
2018-11-08,133.74989318847656,135.12687284706945,132.26347482279456,134.76211426250055,1899400,DE,1556
2018-11-09,132.0537872314453,132.84714509370886,130.4397013842321,132.7194781513371,2581600,DE,1556
2018-11-12,131.8349151611328,133.08422816448993,130.9047625021355,132.22703001939936,1562800,DE,1556
2018-11-13,134.26055908203125,136.8503950925905,132.26347315724223,132.40938215509163,3540500,DE,1556
2018-11-14,134.25146484375,137.00543844822278,132.3729314412053,135.31839845836083,1824100,DE,1556
2018-11-15,133.7772216796875,134.73473015917924,129.94720167636575,130.04751235354385,3015400,DE,1556
2018-11-16,134.84414672851562,135.17243493252977,132.41847635320238,132.88354551112062,2327300,DE,1556
2018-11-19,130.0110626220703,135.1177521289389,129.58246365315588,134.30615249060787,2912400,DE,1556
2018-11-20,126.31781768798828,128.09603997648674,123.90124706264446,128.09603997648674,3701400,DE,1556
2018-11-21,129.38186645507812,133.57664641479528,124.53049590620742,124.53049590620742,4987600,DE,1556
2018-11-23,130.2572479248047,130.80439960350645,127.4303346905661,127.44856287578301,1192500,DE,1556
2018-11-26,135.80169677734375,136.01143227583543,131.64338752827265,132.2087675305757,4361700,DE,1556
2018-11-27,134.7894744873047,135.81993769573555,133.73165507994634,134.94449758611003,1753800,DE,1556
2018-11-28,138.61949157714844,138.62861958630498,134.08729588444552,135.20895566814775,2421700,DE,1556
2018-11-29,136.75917053222656,139.0571880772971,135.956685122757,138.4735661198588,2236700,DE,1556
2018-11-30,141.23667907714844,141.63792185640244,136.5950448331209,136.68624143373233,2534900,DE,1556
2018-12-03,147.9209747314453,149.890690388947,146.93610994537104,147.7203533538387,5132000,DE,1556
2018-12-04,138.2364959716797,146.8175762853912,137.98116216957263,146.76286388703235,3549300,DE,1556
2018-12-06,140.78981018066406,140.88100676325706,133.65867990759818,134.68912893474575,4595900,DE,1556
2018-12-07,134.28790283203125,141.09075964370658,133.4215908489057,140.0694245827288,3005600,DE,1556
2018-12-10,134.0781707763672,135.09950586334065,131.17830269100452,132.9382828972818,1791400,DE,1556
2018-12-11,134.05079650878906,138.49179463431898,133.08417394398046,137.05097487963718,1818800,DE,1556
2018-12-12,135.0903778076172,138.2364652458066,134.96271093494022,136.91419822565692,1863500,DE,1556
2018-12-13,135.2454071044922,137.21513658624045,134.7529816913782,136.19380155776926,1733900,DE,1556
2018-12-14,135.88377380371094,136.33972903763143,133.4216183234702,133.4216183234702,1967900,DE,1556
2018-12-17,133.2118682861328,136.83215356186633,132.22700341849935,135.2363104171603,2504000,DE,1556
2018-12-18,136.0843505859375,137.56165452126535,134.80768191555038,135.27275109233892,2846200,DE,1556
2018-12-19,133.2118682861328,138.61037599732344,131.5977830379573,136.12086458768349,3173200,DE,1556
2018-12-20,131.89869689941406,135.28189002104082,130.0384061274291,132.33640991964944,2822800,DE,1556
2018-12-21,130.3940887451172,134.1237993889538,129.91989138413902,131.80753890293173,3931500,DE,1556
2018-12-24,125.27827453613281,129.80134302587552,125.27827453613281,129.26331914636975,1444700,DE,1556
2018-12-26,130.64942932128906,130.69502763204264,124.13838850469274,126.22665755655837,2267400,DE,1556
2018-12-27,133.79547119140625,133.79547119140625,127.82245635141301,128.76172278309264,2457300,DE,1556
2018-12-28,133.1721649169922,135.6288173236572,132.4480107521507,134.18965655783578,1597100,DE,1556
2018-12-31,136.73794555664062,136.8021183648802,134.0338058029876,134.0338058029876,1954600,DE,1556
2019-01-02,135.7571258544922,137.1871108387378,134.0429649935992,134.0429649935992,1987700,DE,1556
2019-01-03,132.044677734375,135.35381593025198,130.8071829957313,135.13381282488626,2047200,DE,1556
2019-01-04,139.03875732421875,139.1120916841253,134.61130899004104,134.75796372275514,2549100,DE,1556
2019-01-07,141.31211853027344,142.94377001255455,138.3146404531626,139.2587978618836,2947400,DE,1556
2019-01-08,143.84207153320312,144.73123152940357,141.1837670827095,142.1095872700385,3124800,DE,1556
2019-01-09,141.4679412841797,144.74040562620738,140.70711287163329,144.7037454319012,3134300,DE,1556
2019-01-10,145.85870361328125,146.14286552509168,138.86460840655863,140.84458023911176,2693600,DE,1556
2019-01-11,145.08872985839844,146.47287938316228,143.55791159287656,144.6212389827208,2039000,DE,1556
2019-01-14,144.29124450683594,145.1437303555674,142.85208368207253,143.19125690097866,1364900,DE,1556
2019-01-15,143.9612579345703,145.51957499536795,142.77876032702747,144.15374843721995,1369100,DE,1556
2019-01-16,144.29124450683594,145.4645664846972,143.8420767234745,144.14457576282797,1457300,DE,1556
2019-01-17,146.72950744628906,148.16865376923815,143.22786586774816,143.67703349046405,2155100,DE,1556
2019-01-18,150.8911590576172,152.33948119307078,148.35201104889106,148.49867976852914,3879800,DE,1556
2019-01-22,145.60206604003906,149.41536962793876,144.26375215713028,149.31453661042354,2076500,DE,1556
2019-01-23,144.47457885742188,147.30705089510298,143.22792246083867,146.24372344184928,1780800,DE,1556
2019-01-24,145.22618103027344,145.83117892047906,143.9795390559301,144.60286004310177,1602100,DE,1556
2019-01-25,148.04037475585938,149.25037091039698,146.5462166524201,147.2428861912513,1826400,DE,1556
2019-01-28,143.4479217529297,145.21706629009498,142.26542422390602,143.9979085682255,2199400,DE,1556
2019-01-29,147.1053924560547,147.52706163587408,143.74125651806338,144.35541620283104,2199700,DE,1556
2019-01-30,149.33282470703125,150.03864161096732,146.72951818342167,148.41616629839993,1988800,DE,1556
2019-01-31,150.33204650878906,151.13871074641668,146.83040310190876,148.89288544730374,3118800,DE,1556
2019-02-01,150.22203063964844,150.66202289459642,149.37870632303915,150.40535958028497,1704300,DE,1556
2019-02-04,150.7995147705078,151.1386879941444,148.81036710862367,150.38702116094592,1907900,DE,1556
2019-02-05,150.52450561523438,151.2394981603521,149.42450417311537,150.90950052513628,1574600,DE,1556
2019-02-06,150.03866577148438,151.1661658663707,149.41534466704925,150.4419977741657,1660500,DE,1556
2019-02-07,148.31536865234375,150.14868590642192,146.7662133347116,149.1311942709245,2488100,DE,1556
2019-02-08,149.18618774414062,149.22284793396253,146.89454123501406,146.89454123501406,1628300,DE,1556
2019-02-11,148.44369506835938,150.55201263365623,148.434519530668,149.9928503313875,1843900,DE,1556
2019-02-12,151.42282104492188,152.0828162890852,149.33284076743766,149.81866865729415,1894400,DE,1556
2019-02-13,149.14036560058594,150.79035403486188,148.56288013891552,150.2311916762212,2777700,DE,1556
2019-02-14,148.88368225097656,149.79117926447637,147.17869676285855,147.91202641130388,2029700,DE,1556
2019-02-15,145.7395782470703,149.78203266413118,144.19958428910712,146.17957052630163,7578600,DE,1556
2019-02-19,144.15374755859375,145.5654098425645,143.05375987456475,143.80542675069765,2971500,DE,1556
2019-02-20,146.55535888671875,147.23367719457084,141.00957241288165,144.7312035181286,3349200,DE,1556
2019-02-21,149.27786254882812,150.60701475652488,146.63788123520658,146.63788123520658,2838500,DE,1556
2019-02-22,152.13784790039062,152.16534654284587,149.41537040050528,149.41537040050528,1967200,DE,1556
2019-02-25,151.12033081054688,153.8336463033588,151.0469964472709,153.06364248251106,2502700,DE,1556
2019-02-26,150.148681640625,151.29450489187045,149.2411845902825,149.8370210731903,1623700,DE,1556
2019-02-27,149.9562225341797,150.11205286502775,148.81957447691045,149.88288814546806,1850500,DE,1556
2019-02-28,150.36866760253906,151.27616463386732,148.95701954090615,149.626176389225,1778000,DE,1556
2019-03-01,149.6995391845703,152.12869327990973,149.17705096701297,151.11120150140056,1668900,DE,1556
2019-03-04,152.00033569335938,153.10032321541505,150.46950352344084,150.8820110829244,2663100,DE,1556
2019-03-05,147.9945526123047,151.9453495928007,147.94871687731535,151.5970287785074,1965900,DE,1556
2019-03-06,145.05206298828125,147.86619763811524,144.66706805184307,147.81120035963838,2229700,DE,1556
2019-03-07,144.8504180908203,145.13458006244016,142.57709434365685,144.72208642663387,2051300,DE,1556
2019-03-08,145.75787353515625,146.64703346308843,142.88874173498414,142.88874173498414,1757300,DE,1556
2019-03-11,147.0503387451172,147.27034179631593,145.4095263646052,145.85868002854403,1340300,DE,1556
2019-03-12,145.8770294189453,147.58201474504907,145.49203453719264,147.17868277737531,1553100,DE,1556
2019-03-13,146.37200927734375,147.56366801657495,145.57452093061787,146.4453436291377,1661800,DE,1556
2019-03-14,144.61203002929688,145.96869458717563,143.87871446915432,145.80368879517513,1596800,DE,1556
2019-03-15,144.9695587158203,146.06038473832606,144.2820647339487,144.48373075426576,2386300,DE,1556
2019-03-18,146.9403839111328,147.1145512919985,144.4379097212177,144.81372913628996,1962400,DE,1556
2019-03-19,147.5545654296875,149.56205040254648,146.72957811976602,147.97622063712183,1685400,DE,1556
2019-03-20,146.3537139892578,148.04036243971652,144.8503944595707,147.14204093696569,2017100,DE,1556
2019-03-21,146.41787719726562,147.28870008730544,145.29039101304778,145.3087281018035,1082200,DE,1556
2019-03-22,142.94374084472656,145.70287812825248,142.32040573859751,145.12539273552838,2177400,DE,1556
2019-03-25,144.21791076660156,145.06123506768984,142.98959150113177,143.32875073442233,1137200,DE,1556
2019-03-26,144.4653778076172,145.62952397237763,143.46620946351456,145.23536755134015,1036700,DE,1556
2019-03-27,145.07958984375,145.34541473712122,143.0721048663119,144.95125817331163,1068200,DE,1556
2019-03-28,145.60459899902344,145.99145163225506,144.36113306359977,145.53091077537098,1123300,DE,1556
2019-03-29,147.22569274902344,148.47836439933326,145.9730210987136,146.36909353055265,1862600,DE,1556
2019-04-01,149.13232421875,150.2099879968982,147.99938373912084,148.88362825314974,1371400,DE,1556
2019-04-02,149.32577514648438,149.8692240835259,148.13758582260547,149.12313602852166,1184300,DE,1556
2019-04-03,150.4955291748047,151.11265218942148,149.3718084453262,150.17314497773165,1356100,DE,1556
2019-04-04,151.2784423828125,151.7758202474689,150.44946053559926,150.5692056373787,1197200,DE,1556
2019-04-05,152.00608825683594,152.3929408243003,151.25080868833578,151.83108051223772,1294600,DE,1556
2019-04-08,151.9784393310547,152.01527640505583,150.31128415439957,151.03893231626913,1133300,DE,1556
2019-04-09,146.29541015625,149.59288437520368,145.95461441992347,149.38102546191658,2451000,DE,1556
2019-04-10,146.1111602783203,147.04144751734262,143.46764686259206,146.45195592987133,2746800,DE,1556
2019-04-11,147.5204315185547,147.64938237957517,145.43877812046588,146.12038355991112,1162200,DE,1556
2019-04-12,148.7178192138672,149.50994983430456,147.28092032559948,148.92966401509236,1220200,DE,1556
2019-04-15,149.6665496826172,149.75864940705657,148.6441485755909,149.05863247204167,1062500,DE,1556
2019-04-16,151.57318115234375,152.19952392932973,149.55601026209047,149.66654960778766,1310200,DE,1556
2019-04-17,152.3929443359375,152.7061086994932,150.91922224324566,151.84950957778094,1350700,DE,1556
2019-04-18,155.7088623046875,156.57468134090593,152.6416585943906,152.89035458565556,2215500,DE,1556
2019-04-22,155.80091857910156,156.54700634477018,154.64956678926313,154.96274515758552,1376600,DE,1556
2019-04-23,154.5206298828125,155.93910328635417,154.26272818300285,155.41408007664901,1891200,DE,1556
2019-04-24,152.26402282714844,154.483833232087,152.21796592843256,154.0969805811396,1463400,DE,1556
2019-04-25,149.0402069091797,151.54554990926235,148.51519772155228,151.05737780049375,1256600,DE,1556
2019-04-26,151.98773193359375,152.0061575084167,148.8560588342815,149.97977997035608,988500,DE,1556
2019-04-29,153.16661071777344,153.4797890566441,152.03368459839876,152.356068691071,889700,DE,1556
2019-04-30,152.55873107910156,153.51664964087098,150.44944660482554,153.51664964087098,1573700,DE,1556
2019-05-01,151.55474853515625,154.11536811494219,151.55474853515625,152.5403125169825,1327400,DE,1556
2019-05-02,151.1678924560547,153.4982275447781,149.35336076260134,151.96924292439567,1702400,DE,1556
2019-05-03,153.73770141601562,154.03244015863834,151.47183496487395,152.08895782262135,1050800,DE,1556
2019-05-06,147.53887939453125,148.75471414489238,145.65067290447809,148.52444368955975,2913100,DE,1556
2019-05-07,145.30982971191406,146.34145067207882,143.04397682222802,145.84405873218384,2182200,DE,1556
2019-05-08,143.31109619140625,145.3374730902503,143.09004558164324,144.74798137323037,1806400,DE,1556
2019-05-09,143.20973205566406,143.96502554943825,139.81093944285377,141.6162651698502,2026000,DE,1556
2019-05-10,143.73480224609375,144.0019097553526,139.97678721961637,142.60187568919565,1753700,DE,1556
2019-05-13,134.73580932617188,138.6596117078603,133.72261398943604,138.1622338500195,3172500,DE,1556
2019-05-14,135.50030517578125,137.17666626109192,133.97130645458276,134.68054317181634,2325400,DE,1556
2019-05-15,133.40940856933594,135.03972636224267,132.65412923181563,134.29365277782676,2330500,DE,1556
2019-05-16,134.46873474121094,136.37536672620465,133.55685871515755,134.6529482871409,2893400,DE,1556
2019-05-17,124.18022918701172,130.21330247818096,122.66043610044277,128.95142517217914,7817500,DE,1556
2019-05-20,124.68681335449219,125.26709926768632,122.20910156877193,123.39730471916084,3715300,DE,1556
2019-05-21,127.92903137207031,128.49089174763068,125.78290941475254,126.24345024538921,3567300,DE,1556
2019-05-22,127.82772827148438,129.02513739609802,126.8513838336678,127.03559737870238,2626800,DE,1556
2019-05-23,125.69999694824219,126.93424281969276,124.76048985665668,125.88421044248143,2584400,DE,1556
2019-05-24,127.98424530029297,128.3987290791567,126.58419777286052,127.27500875582855,2597200,DE,1556
2019-05-28,126.71320343017578,129.38433446882914,126.69477786274928,129.38433446882914,2054400,DE,1556
2019-05-29,129.9922332763672,130.21328383579166,125.76445861773057,126.3539502005091,3013000,DE,1556
2019-05-30,130.4988250732422,132.3594137083808,130.15802940291562,130.15802940291562,3110600,DE,1556
2019-05-31,129.10800170898438,129.6514364610407,126.92504289014121,128.4908787449322,2206600,DE,1556
2019-06-03,131.9817657470703,132.4515263205182,128.527710022724,128.527710022724,2213600,DE,1556
2019-06-04,134.12789916992188,135.01214369703095,132.53443192443115,133.55683307081202,1872000,DE,1556
2019-06-05,134.6805419921875,135.35292757156213,132.78311629544427,134.7450103906865,1634100,DE,1556
2019-06-06,134.92922973632812,135.55555839035898,133.4094368765393,134.42263211639852,1391300,DE,1556
2019-06-07,136.97402954101562,137.42535045963564,134.99369597735358,135.666081505122,1555800,DE,1556
2019-06-10,137.9872589111328,139.2951933493198,137.83988245355306,137.85830802439867,1708500,DE,1556
2019-06-11,138.16224670410156,140.52021346578374,137.10300843453967,139.49781227798977,2019800,DE,1556
2019-06-12,137.0477294921875,138.0240878254765,136.0529737002007,137.47143322584802,1344100,DE,1556
2019-06-13,139.57150268554688,140.2254768475582,137.24116721228276,137.80302758654352,1192500,DE,1556
2019-06-14,139.55300903320312,140.09645762845352,137.72006642068663,139.69117964741955,1013500,DE,1556
2019-06-17,142.1873779296875,142.95187742937924,140.24389497506166,141.20182781631524,1742200,DE,1556
2019-06-18,146.8019561767578,147.34539082279858,143.23736164662566,143.58737707167606,2617000,DE,1556
2019-06-19,147.31777954101562,148.71782737703987,146.51644312161335,146.79275633203582,1671100,DE,1556
2019-06-20,149.91522216796875,150.2560318852894,148.15596715761066,149.4454756554525,1945100,DE,1556
2019-06-21,151.3153076171875,151.70216026270032,149.31656192140852,150.5600278963078,2380800,DE,1556
2019-06-24,153.7101287841797,155.09175142577882,151.88637677796237,152.098235702314,2582200,DE,1556
2019-06-25,153.18505859375,154.1798282780751,152.81663162381685,154.1798282780751,2084800,DE,1556
2019-06-26,153.0100860595703,153.4337898215837,152.55876502577675,153.00088030231026,2025700,DE,1556
2019-06-27,152.5103759765625,153.11182488525174,151.47401390917204,152.88974427384338,2072100,DE,1556
2019-06-28,153.33396911621094,154.58313601082037,152.51968732237648,152.51968732237648,6514900,DE,1556
2019-07-01,152.80648803710938,156.25790834488004,150.7800463324901,155.73048624212333,2409200,DE,1556
2019-07-02,152.7972412109375,153.2969050028212,151.83490588845848,153.0748243624375,1371000,DE,1556
2019-07-03,152.94528198242188,153.44495989718237,150.63199490826642,153.43571183179193,918600,DE,1556
2019-07-05,151.21495056152344,151.75163486694032,149.49386438180176,151.38151457591408,1291700,DE,1556
2019-07-08,151.64987182617188,152.37161638255395,149.910275141976,150.8633484438443,1384000,DE,1556
2019-07-09,151.15020751953125,151.39078433124735,149.07749688294834,149.90102664977536,1486000,DE,1556
2019-07-10,148.79989624023438,150.9466337214942,148.62408413902259,150.09534565384538,1753200,DE,1556
2019-07-11,149.21627807617188,149.25329857950715,147.46743345198567,148.71661423462658,2012800,DE,1556
2019-07-12,153.01931762695312,153.0563381290028,150.0027961923957,150.01204425831583,2268500,DE,1556
2019-07-15,153.60227966308594,155.27709744130655,152.94529984485644,154.43505745936827,1983700,DE,1556
2019-07-16,153.7410888671875,154.15749193221328,152.44565345364774,152.8713045862034,1345100,DE,1556
2019-07-17,150.9003448486328,154.13894676818248,150.9003448486328,153.66704128566857,1368200,DE,1556
2019-07-18,151.0484161376953,151.6221068833024,149.92877884600662,150.59500673344056,1404400,DE,1556
2019-07-19,153.2414093017578,154.12971786543136,151.3167525131198,151.7979202400757,2690300,DE,1556
2019-07-22,152.80648803710938,154.13894363023894,152.26980374992198,153.23213906459716,970300,DE,1556
2019-07-23,155.7767791748047,156.3227116126391,153.10261950498105,153.67631026208258,2176800,DE,1556
2019-07-24,154.69412231445312,155.89703438472574,152.7417216304232,153.41719748466588,1775600,DE,1556
2019-07-25,154.44430541992188,154.84218402928988,153.00081650908626,154.52758036804298,1180600,DE,1556
2019-07-26,157.66439819335938,158.2288408218773,154.37952762146602,154.54609163799117,1950000,DE,1556
2019-07-29,157.5441131591797,158.43242169461192,156.49851690087195,157.57187147723835,1459600,DE,1556
2019-07-30,157.331298828125,157.97901646520867,155.14755499511034,156.52627934483425,1400700,DE,1556
2019-07-31,153.2783966064453,157.6181254370319,152.33458564156527,157.39605891314665,2000300,DE,1556
2019-08-01,149.1700439453125,154.67566561443817,148.66111784901634,153.50051155920647,2193800,DE,1556
2019-08-02,146.84751892089844,147.9023776805732,145.3670230774053,147.9023776805732,2270200,DE,1556
2019-08-05,139.778076171875,143.8124499787907,136.67827951467166,143.05369905045507,3243300,DE,1556
2019-08-06,141.36962890625,142.82238027801515,139.1766368071309,141.036514931266,1824800,DE,1556
2019-08-07,139.9446563720703,140.25926010749544,137.501825150251,139.20440149169136,1747100,DE,1556
2019-08-08,143.4793243408203,143.60886786043307,140.13893702882217,140.7404001778122,1661300,DE,1556
2019-08-09,143.27577209472656,144.35838895709878,141.98958480156435,142.4244839837805,1742900,DE,1556
2019-08-12,136.06753540039062,142.81307364550275,135.85471696346855,142.4522014615121,3738300,DE,1556
2019-08-13,136.17861938476562,138.85277941603337,134.62409681895178,135.09600242946217,2890500,DE,1556
2019-08-14,132.47731018066406,133.96706748300693,131.25590206077575,133.34710829893888,3001000,DE,1556
2019-08-15,132.97702026367188,134.47602599369182,130.70073922995093,133.07880547491928,2402700,DE,1556
2019-08-16,138.084716796875,139.71327980031958,132.7734191447755,133.04175421101615,3493000,DE,1556
2019-08-19,141.00872802734375,141.80449935521378,138.2050251892028,138.97303820138302,1993600,DE,1556
2019-08-20,140.74041748046875,141.19381279526155,139.8335986125103,140.69414890652206,1582900,DE,1556
2019-08-21,143.29425048828125,143.65512269550263,142.13760698831746,142.82234502320205,1855200,DE,1556
2019-08-22,143.7661895751953,144.5527129867841,141.61946607919504,143.89573311271957,1716400,DE,1556
2019-08-23,136.03976440429688,142.33190687625103,135.37353672378518,139.7225127743834,2983000,DE,1556
2019-08-26,139.5467529296875,140.5553428913629,137.20570710857223,139.1118537500318,1864100,DE,1556
2019-08-27,138.88978576660156,141.27708601797903,138.473382725393,140.26849606661284,1240700,DE,1556
2019-08-28,141.3140869140625,142.00807306085662,137.84415618009197,138.3253238619075,1477800,DE,1556
2019-08-29,144.7932586669922,145.98692268812835,143.42379669067202,143.65512539501182,1611800,DE,1556
2019-08-30,143.3405303955078,146.65315933585418,143.2017246930176,146.40332036671944,1629100,DE,1556
2019-09-03,139.55601501464844,142.27642925331233,138.8527665786844,142.27642925331233,2030600,DE,1556
2019-09-04,140.38876342773438,140.64785044375398,139.76880420231723,140.1111661622324,1562300,DE,1556
2019-09-05,144.62677001953125,145.45954806012236,140.95326750952964,141.3696565298252,1672900,DE,1556
2019-09-06,144.83029174804688,146.03320393894924,144.46015731743893,145.30219726298907,1083200,DE,1556
2019-09-09,146.5328826904297,147.2916336418542,144.97834616197193,144.99685641518315,1725700,DE,1556
2019-09-10,151.78863525390625,151.78863525390625,146.49584752917136,147.0232696290139,2702900,DE,1556
2019-09-11,152.81578063964844,152.85280114979344,150.62278840634463,151.8442110957513,2213300,DE,1556
2019-09-12,151.06692504882812,151.46481784931706,147.7172891953099,150.00281842373852,2732800,DE,1556
2019-09-13,153.06561279296875,154.1482296995012,150.965143690968,152.6122033387716,1789300,DE,1556
2019-09-16,152.29757690429688,153.1211066054064,150.73379245496662,151.881188020668,1164700,DE,1556
2019-09-17,151.7423858642578,151.9829626400207,150.178601523839,150.81707102322267,1347800,DE,1556
2019-09-18,153.02857971191406,153.2599084324271,150.65977587293025,151.26122489859026,1215900,DE,1556
2019-09-19,152.1588134765625,153.6023027371914,151.4740752368747,152.8157792742958,986000,DE,1556
2019-09-20,151.81643676757812,154.25000558351616,150.71530967344685,152.51967107513053,2942700,DE,1556
2019-09-23,152.87124633789062,153.67626560105595,150.60421404921948,150.72450947720756,1412300,DE,1556
2019-09-24,153.56524658203125,153.88909828242646,151.70535484424246,153.24138076245302,3124800,DE,1556
2019-09-25,152.852783203125,153.82436675213478,152.14953478481627,153.30617850525982,2814000,DE,1556
2019-09-26,153.98167419433594,154.4535797665031,152.44564788921463,152.83427849909114,1808800,DE,1556
2019-09-27,154.5487060546875,155.52474730552473,153.37746506406242,154.7718056555539,1591200,DE,1556
2019-09-30,156.79827880859375,157.12363069966975,154.92057656583395,155.03211930153114,1828700,DE,1556
2019-10-01,153.84222412109375,158.2204592176896,153.05209222090434,157.6534268877095,2299500,DE,1556
2019-10-02,151.75071716308594,153.35885249137462,149.73357303824653,152.44788737976168,2646300,DE,1556
2019-10-03,153.2194366455078,153.55407894422382,149.29669077099027,151.7135533932686,1367500,DE,1556
2019-10-04,155.87796020507812,155.9616172232192,152.58730898522512,153.19153165660381,1217300,DE,1556
2019-10-07,154.81825256347656,156.79820612413286,154.688114704166,156.11034066090394,1221600,DE,1556
2019-10-08,153.34957885742188,154.48364366930286,151.38820586480466,152.71747041579948,1848600,DE,1556
2019-10-09,154.70668029785156,155.80356858912324,153.05206445817112,154.67879462962918,2089100,DE,1556
2019-10-10,155.98020935058594,157.97875817047287,154.3348837728222,154.78106871148302,1996800,DE,1556
2019-10-11,158.9083251953125,161.05560714789735,157.54187046476505,158.0252457762966,5006800,DE,1556
2019-10-14,157.0305938720703,158.90830940087787,156.6959658249976,158.7688810479309,1769000,DE,1556
2019-10-15,160.47927856445312,160.84180648910922,156.30554799887827,157.61623133569782,1898500,DE,1556
2019-10-16,159.01058959960938,161.83646097816063,158.9548182486057,159.9401499402445,1824100,DE,1556
2019-10-17,160.0144805908203,160.81390287187713,159.24294397901275,159.91222840891902,1203400,DE,1556
2019-10-18,161.66909790039062,161.9758544487679,159.41956406291933,159.91222980256592,1616200,DE,1556
2019-10-21,161.77137756347656,163.34233673689266,161.7434918892473,162.35700509022007,1375200,DE,1556
2019-10-22,162.81246948242188,163.96512928001872,161.36235778529385,162.440651062017,1486600,DE,1556
2019-10-23,162.6730499267578,163.4352961690032,161.27870949881418,161.44602354186455,1227100,DE,1556
2019-10-24,159.98658752441406,162.67301561492494,158.87111825413254,162.67301561492494,2478700,DE,1556
2019-10-25,160.9161834716797,161.83645327131154,160.01450884948525,160.07028019783303,2102400,DE,1556
2019-10-28,161.13926696777344,163.0355635421752,160.80462472711866,162.1524841855471,1433100,DE,1556
2019-10-29,161.8457489013672,162.33841473935132,159.651985964999,160.16324698101033,1586500,DE,1556
2019-10-30,161.576171875,162.31980873892857,160.4513977147675,162.31980873892857,1624700,DE,1556
2019-10-31,161.87362670898438,162.09672628257294,158.35059948617914,161.22293734930633,2181800,DE,1556
2019-11-01,163.70486450195312,163.84429287294282,162.47783810138588,163.50965059860306,3090800,DE,1556
2019-11-04,166.48423767089844,166.68874204983328,165.22932572597668,165.22932572597668,1990200,DE,1556
2019-11-05,166.31690979003906,167.04196561353714,165.6383348134756,166.59578068768366,1314300,DE,1556
2019-11-06,163.5747528076172,166.0566774962137,162.8961776535882,166.00090613889168,1929200,DE,1556
2019-11-07,165.35948181152344,166.5400273684019,165.02483953492657,165.29441996594426,1652800,DE,1556
2019-11-08,165.79635620117188,166.30761714291285,164.7831389973343,165.91720356484598,1713600,DE,1556
2019-11-11,167.1349639892578,167.76705825761522,164.14177834446858,164.7924677924736,1410200,DE,1556
2019-11-12,163.9651336669922,167.1349375572206,163.64908658279566,167.1349375572206,1436200,DE,1556
2019-11-13,163.2958221435547,163.4073648174238,160.5350274936017,162.70090424298348,1835500,DE,1556
2019-11-14,162.0967254638672,164.26260260897104,160.81392774414937,161.01843213958162,1307500,DE,1556
2019-11-15,162.18968200683594,163.4445941228266,161.79926837127474,163.16572318772145,1611100,DE,1556
2019-11-18,162.5894012451172,162.59869174221953,160.2376147374032,161.74349793795673,1418100,DE,1556
2019-11-19,161.4181365966797,163.90936551731264,161.17645603063346,163.90936551731264,1192800,DE,1556
2019-11-20,159.9494171142578,161.1950242744702,157.78354032638663,160.73024421314065,2013300,DE,1556
2019-11-21,163.6304931640625,163.88147840842745,160.09816130190262,160.56294143681933,1627600,DE,1556
2019-11-22,163.02627563476562,164.51356347376293,162.31051029511903,163.7606219663258,1292800,DE,1556
2019-11-25,164.16964721679688,164.4670991408794,162.85896377314754,163.67698138631275,1556800,DE,1556
2019-11-26,164.20680236816406,165.7777613632735,164.16033570569903,164.49497794243217,2786900,DE,1556
2019-11-27,157.15145874023438,160.22830099902677,155.28304768279514,156.63090725262728,7626000,DE,1556
2019-11-29,156.2126007080078,157.39314618083534,155.88724895138208,156.44499076732234,1394400,DE,1556
2019-12-02,153.6470184326172,155.4596723964836,153.16365728061996,153.6563231135172,2694400,DE,1556
2019-12-03,151.9830780029297,152.72672892780975,150.62591400122645,151.82505448628643,1966500,DE,1556
2019-12-04,153.62840270996094,155.10639987454095,152.16898653505098,152.51293341940925,1756400,DE,1556
2019-12-05,152.98699951171875,154.19543045127278,152.30842462552317,153.88867392311175,1234000,DE,1556
2019-12-06,153.5726318359375,155.68272307073795,152.86615707542137,155.3016142058908,1523400,DE,1556
2019-12-09,156.07318115234375,156.3148759273703,153.47971394930804,153.74928021687725,1730800,DE,1556
2019-12-10,157.93226623535156,158.02522792536323,154.92979087627916,155.7385036803233,1643100,DE,1556
2019-12-11,157.7463836669922,158.65734881023576,156.50077624076619,158.6015774603995,1245800,DE,1556
2019-12-12,161.576171875,161.89221896056603,156.74244715568048,157.56046472675865,2168500,DE,1556
2019-12-13,160.34915161132812,163.97443110460713,159.08494903706284,161.50181148855853,1775600,DE,1556
2019-12-16,160.67445373535156,162.66371159351922,160.50712555754524,161.9572369067194,1408700,DE,1556
2019-12-17,161.59478759765625,161.98520129031536,159.5590479128168,160.31200380290974,1247000,DE,1556
2019-12-18,160.45138549804688,161.36235051577353,159.15929739699882,160.5536376866462,2209000,DE,1556
2019-12-19,160.5908203125,161.39954735811781,159.80999312304317,161.0927907799819,1249000,DE,1556
2019-12-20,162.3477020263672,164.14176079544941,161.11139929931855,163.02629126327616,2593600,DE,1556
2019-12-23,162.71951293945312,163.2772405391103,161.2322109724418,163.2772405391103,1005700,DE,1556
2019-12-24,162.208251953125,163.13781213623744,161.76206703674058,162.62655119873304,332300,DE,1556
2019-12-26,162.48712158203125,162.79387814214985,161.34376653719843,162.48712158203125,518100,DE,1556
2019-12-27,163.426025390625,163.47250625132494,162.0223941748767,162.68237417132744,719500,DE,1556
2019-12-30,162.5950927734375,163.49133701102357,161.98824678880882,163.27661390657727,953000,DE,1556
2019-12-31,161.7548370361328,163.07121080858988,161.0453092080181,162.55773016200615,748200,DE,1556
2020-01-02,165.11581420898438,165.13449012057347,162.19365372656813,162.66979687603714,1591100,DE,1556
2020-01-03,163.89280700683594,164.08885422085996,162.02561470654854,162.6417915845746,1301100,DE,1556
2020-01-06,165.06912231445312,165.13448087858376,162.20298972721142,162.8938417163308,1234200,DE,1556
2020-01-07,162.20297241210938,164.723678735707,161.96957341463656,164.32222505237073,1234200,DE,1556
2020-01-08,164.2195281982422,165.04109722429152,162.43637069204036,162.91249951638574,1713900,DE,1556
2020-01-09,165.806640625,166.54417513169162,164.41557757970747,164.80768615554211,1459100,DE,1556
2020-01-10,161.91357421875,166.55354824573368,161.8949125524558,166.2734807958528,2560900,DE,1556
2020-01-13,163.13658142089844,163.41664884378082,162.04427573502093,162.5204045994664,1300900,DE,1556
2020-01-14,162.1376190185547,163.42598608420948,161.91355084544892,163.26727647033886,1039800,DE,1556
2020-01-15,161.43743896484375,163.51935431858277,160.71856596545456,161.62415533927637,1139200,DE,1556
2020-01-16,163.81805419921875,163.90207440128026,161.5587540998037,162.44566725004918,1410400,DE,1556
2020-01-17,164.49961853027344,165.25582903939318,163.87411089624175,164.0421655902378,1653400,DE,1556
2020-01-21,161.101318359375,163.78073423562336,160.94260875388565,163.47266010149602,1655100,DE,1556
2020-01-22,159.79429626464844,162.12828628634915,159.29014644245612,161.57746806015848,1285700,DE,1556
2020-01-23,160.634521484375,160.74654844301372,157.46030086156247,158.97272178536156,1245100,DE,1556
2020-01-24,158.82333374023438,160.62518127792333,157.81504843470339,160.62518127792333,1103300,DE,1556
2020-01-27,152.43756103515625,156.834804673623,152.1107967213014,155.14498386650044,1586800,DE,1556
2020-01-28,152.157470703125,154.668846199501,151.61598331859963,153.85662224548508,1750700,DE,1556
2020-01-29,149.5247344970703,153.02571939681448,149.37535572241734,153.02571939681448,1959200,DE,1556
2020-01-30,150.41168212890625,151.09320335608083,148.01233309250313,148.44179360619708,2496400,DE,1556
2020-01-31,148.04966735839844,150.5143604278324,146.88267226405384,149.1139663146189,1693300,DE,1556
2020-02-03,147.7789306640625,150.71042205182988,146.8360036659737,148.85257480095362,1813400,DE,1556
2020-02-04,153.51121520996094,154.1553988625563,149.98222273930992,150.61707555837035,1412200,DE,1556
2020-02-05,157.17086791992188,157.56297646963776,155.45304071975505,156.31194719706735,1476900,DE,1556
2020-02-06,157.6470184326172,157.91775499994557,155.02361599678846,157.54432230455245,1805100,DE,1556
2020-02-07,156.3306427001953,157.68435401081473,155.59310815017585,156.30263596067203,1711100,DE,1556
2020-02-10,157.0682373046875,157.11490572047444,155.09834865895039,155.40643712910432,807700,DE,1556
2020-02-11,158.9540252685547,159.70090480224883,157.40426697465148,157.87106490251753,1315700,DE,1556
2020-02-12,160.4197998046875,161.69882174550492,158.9073788676307,160.57850941266494,1008200,DE,1556
2020-02-13,159.42083740234375,160.49448127943296,158.58060675552915,159.5142026944536,831100,DE,1556
2020-02-14,156.90945434570312,160.8678914559217,156.07854040055994,159.48617364832887,1152400,DE,1556
2020-02-18,155.257080078125,156.32137937625896,153.3058670724711,156.28402754373488,1177400,DE,1556
2020-02-19,153.97796630859375,156.13458482289033,153.90329117201222,155.44371872239532,1244600,DE,1556
2020-02-20,154.81820678710938,155.67711328889334,153.5765225548603,153.81925235573098,2048500,DE,1556
2020-02-21,165.64793395996094,169.90514375092715,164.31289849752994,166.09607030356452,5917100,DE,1556
2020-02-24,160.4478302001953,164.64901275190414,160.11173502623674,161.05466198166806,2292900,DE,1556
2020-02-25,155.58377075195312,161.46542851637005,154.79022268372253,160.74655559352433,2358500,DE,1556
2020-02-26,155.83583068847656,158.13248294081313,154.61282230132866,157.10552172116195,2545200,DE,1556
2020-02-27,149.3660430908203,155.49043114238805,149.33803634785338,153.48319100796633,2957500,DE,1556
2020-02-28,146.08909606933594,148.36707255709527,142.52276680637797,144.9781145654251,3048300,DE,1556
2020-03-02,153.03506469726562,153.10975409165383,146.15446628233107,147.4334883280588,2532100,DE,1556
2020-03-03,147.30276489257812,156.7227444199344,146.5745612058486,153.42715192227442,2443100,DE,1556
2020-03-04,152.24151611328125,152.4468941402709,149.86084331474973,150.53303361658323,2513800,DE,1556
2020-03-05,148.5071258544922,151.419940880578,147.43348188333226,148.28305768112222,1878400,DE,1556
2020-03-06,153.14710998535156,153.98735508856893,143.46572222773742,143.960527059895,2973400,DE,1556
2020-03-09,140.03941345214844,147.7415811920166,137.35999723333865,141.91593646401074,2886400,DE,1556
2020-03-10,144.69810485839844,145.94912056094657,138.1815920135942,145.28626087779202,2797700,DE,1556
2020-03-11,136.1930389404297,141.12242648694001,134.29783950566207,140.8330139001848,2397300,DE,1556
2020-03-12,121.73157501220703,127.47318439052518,119.58430148406873,126.03545289956197,3288700,DE,1556
2020-03-13,129.73251342773438,130.04058758827736,121.86229131541484,128.77089638994963,2525500,DE,1556
2020-03-16,112.07820892333984,124.04690290567414,111.8821474843246,115.67255229999972,2617700,DE,1556
2020-03-17,118.29595184326172,120.86334804281961,111.16327875975956,114.64559507792843,2909600,DE,1556
2020-03-18,106.62600708007812,112.54500991102533,99.09188702496695,109.99628948725804,2635000,DE,1556
2020-03-19,111.71410369873047,112.7223819917763,99.19457759258499,105.4029925794048,2455700,DE,1556
2020-03-20,104.21732330322266,112.60101887018567,103.01298355778877,111.7141054819566,4155200,DE,1556
2020-03-23,103.76921081542969,107.89570398232641,99.44665619405907,102.9476416660859,3130900,DE,1556
2020-03-24,117.63310241699219,118.24927922953584,105.21627209053396,109.57617106167729,3488000,DE,1556
2020-03-25,119.95775604248047,127.65057802138656,113.7493340499155,117.52106277213126,3962200,DE,1556
2020-03-26,129.85391235351562,130.84352220104336,118.69743886729775,120.76069306011573,2227500,DE,1556
2020-03-27,126.13818359375,129.92858189974214,123.38407764321042,126.0354874415683,2302600,DE,1556
2020-03-30,132.59767150878906,133.03894510049653,126.33536001034315,128.36333894336462,2251100,DE,1556
2020-03-31,129.7152862548828,136.13720330347914,128.86090450622424,133.3111878957586,2240100,DE,1556
2020-04-01,125.49971771240234,126.49492528479429,121.7535924043872,124.10078548120956,2040600,DE,1556
2020-04-02,130.86070251464844,131.3583062609606,124.73921944962696,125.16171130436561,2863800,DE,1556
2020-04-03,127.23667907714844,130.83258151575117,124.05388501860311,130.01574837295286,2053100,DE,1556
2020-04-06,134.71949768066406,136.01513850466432,131.17992654402423,132.92623874919192,2079300,DE,1556
2020-04-07,134.09048461914062,142.38075991626857,133.82758575244424,138.95386294569616,2067500,DE,1556
2020-04-08,137.7990264892578,138.7848505277608,133.89329345019445,136.21232154675513,1210100,DE,1556
2020-04-09,136.8413543701172,141.02875306120058,135.32037786302345,138.27783536595672,1596100,DE,1556
2020-04-13,131.2550506591797,134.02473585541392,128.50413269431067,133.1140237196229,1655900,DE,1556
2020-04-14,129.6871337890625,133.5365223535897,126.89866689521291,131.73387954892164,2479800,DE,1556
2020-04-15,127.03946685791016,127.05824841251936,119.75378521755795,124.98332357512506,2938200,DE,1556
2020-04-16,122.00711059570312,127.20849921528605,120.6551248992609,126.04428612643154,3642700,DE,1556
2020-04-17,129.99696350097656,130.08145902376074,124.88007050947593,125.37767435626903,2468300,DE,1556
2020-04-20,128.90786743164062,131.6869364601108,125.58423347626744,127.53710015023314,1974900,DE,1556
2020-04-21,125.86588287353516,126.92681875908472,124.40123664372194,125.80016891508457,1958500,DE,1556
2020-04-22,127.8844985961914,129.45242215514668,125.92223391718676,128.97358550628633,1280400,DE,1556
2020-04-23,128.72947692871094,131.52732748336211,128.5510879360151,129.26462958066665,1377000,DE,1556
2020-04-24,130.15655517578125,130.89826188510412,127.15213657434127,130.44760482533997,1498500,DE,1556
2020-04-27,131.1611328125,132.17512183680319,129.66832160705147,130.15654172826297,1528900,DE,1556
2020-04-28,132.90748596191406,135.78044858960803,132.25027462978352,134.3158020991078,1752100,DE,1556
2020-04-29,138.10888671875,139.35758119342754,134.76647076692993,136.13723822775654,1563200,DE,1556
2020-04-30,136.1935272216797,136.88830152178764,134.00594158025478,135.72408861174634,2054600,DE,1556
2020-05-01,129.7434844970703,134.30642973699287,128.75766025319726,134.16558951579168,1603100,DE,1556
2020-05-04,124.81436920166016,128.1567705968397,122.24183985791285,128.02532832824724,2277200,DE,1556
2020-05-05,126.88923645019531,129.9875337970793,126.48552616700545,126.86107128281591,1125500,DE,1556
2020-05-06,124.05384826660156,127.71546359390167,123.35907398541657,127.32113689143313,1150800,DE,1556
2020-05-07,127.68732452392578,128.5980367346355,125.86590010250632,126.42923226468231,1059000,DE,1556
2020-05-08,128.6261749267578,130.4569825805625,128.36329045985914,129.5650521160042,1727400,DE,1556
2020-05-11,126.6451644897461,128.41025848264877,124.45757855683388,126.89866538420435,1356000,DE,1556
2020-05-12,122.10099792480469,128.4572013713643,121.9977208469032,127.49954249683526,1392500,DE,1556
2020-05-13,118.12953186035156,123.11497478321382,116.89021421304905,122.94596943355943,2027400,DE,1556
2020-05-14,119.04962921142578,119.19984583533412,110.64667415807854,115.48189306453156,2720600,DE,1556
2020-05-15,118.30792999267578,119.8946277509324,117.06861224933678,118.28914843545222,1649600,DE,1556
2020-05-18,129.4711456298828,130.38185755784048,122.5328444730304,123.91299494834243,2450900,DE,1556
2020-05-19,127.82814025878906,130.91705463694643,127.16154539010863,130.58844184739579,1859400,DE,1556
2020-05-20,133.61163330078125,134.33457287113524,129.668351298532,130.01573133344755,2399400,DE,1556
2020-05-21,134.0810546875,135.6677594955806,132.44741747890592,132.44741747890592,2100200,DE,1556
2020-05-22,132.1094207763672,139.33877255147317,130.27859872473016,138.95382945053507,3427600,DE,1556
2020-05-26,138.9820098876953,141.7704767013555,135.63022527222498,135.63022527222498,2500300,DE,1556
2020-05-27,143.98623657226562,144.84061843228542,141.3292118492318,142.70936275353085,1936400,DE,1556
2020-05-28,143.79844665527344,146.78406950862166,142.8314042096068,146.6432436480412,1914700,DE,1556
2020-05-29,142.82199096679688,143.58247918471645,138.83176298170338,142.02395396545543,2249000,DE,1556
2020-06-01,140.02415466308594,141.7235202197545,138.39050306534875,140.21192725077145,1464600,DE,1556
2020-06-02,143.60128784179688,144.68100539016012,140.94426322170736,141.43248345510753,1335400,DE,1556
2020-06-03,148.6712188720703,149.13125955771653,145.58230468438592,145.64803296869536,1678800,DE,1556
2020-06-04,151.29067993164062,151.5066176884518,146.53996332501472,147.20655815181925,1469900,DE,1556
2020-06-05,156.52963256835938,159.71242620429618,155.5250269296892,157.63750096219943,2061200,DE,1556
2020-06-08,158.49183654785156,159.9940455964948,156.61408240011113,156.79247133632683,1373000,DE,1556
2020-06-09,154.73634338378906,155.7315508872309,153.15903662198588,153.54396537205753,1977400,DE,1556
2020-06-10,151.15927124023438,154.99927661794104,151.12172244528816,154.37023043812698,1311700,DE,1556
2020-06-11,141.85499572753906,147.29110438668218,141.47945046410587,145.7419479412199,1576200,DE,1556
2020-06-12,145.49781799316406,147.6572386731174,141.31981682554854,146.88735240175882,1598000,DE,1556
2020-06-15,145.9672393798828,146.09868161479244,139.06648623180476,139.31060347244346,1321200,DE,1556
2020-06-16,148.624267578125,153.80687387128083,146.051738824298,151.825842353547,2105600,DE,1556
2020-06-17,146.0048065185547,149.21576522596254,145.39454199250025,149.21576522596254,1131600,DE,1556
2020-06-18,145.4039306640625,147.29108330698648,144.22095036003108,145.09409941931182,883800,DE,1556
2020-06-19,145.4039306640625,149.1500564493591,144.15522206896364,149.04677936777554,2046200,DE,1556
2020-06-22,145.11285400390625,145.27246140466167,142.47461143200815,143.64820790179405,1188500,DE,1556
2020-06-23,144.54954528808594,147.04694784332304,144.29604442352306,146.97183594544774,940400,DE,1556
2020-06-24,141.29164123535156,143.33838674534604,140.00536967268636,142.60606364304255,1985600,DE,1556
2020-06-25,145.00958251953125,145.38514199998647,139.2260954556849,140.09925871238013,1671100,DE,1556
2020-06-26,139.9302215576172,144.46499917965875,139.1321847045412,143.81717175849195,2302800,DE,1556
2020-06-29,145.05450439453125,145.290426745157,141.8553978960286,142.35555212739055,1094100,DE,1556
2020-06-30,148.30079650878906,149.3388607000187,143.55403956077845,144.2334971405726,1836600,DE,1556
2020-07-01,148.01766967773438,151.16014231595418,146.59268964585013,150.65998814833625,1111100,DE,1556
2020-07-02,149.008544921875,152.8021801997321,148.6499527549984,149.9239247575713,1044900,DE,1556
2020-07-06,151.19789123535156,152.4907408867265,149.4898160143089,152.0472057918137,947500,DE,1556
2020-07-07,149.76351928710938,151.53766013740048,148.77264244200938,149.46154613787024,1118600,DE,1556
2020-07-08,149.46153259277344,150.81100153032554,148.01768895488502,150.30141558735923,1042600,DE,1556
2020-07-09,148.77261352539062,150.7166255939168,147.309906618825,148.9330533792295,1283400,DE,1556
2020-07-10,150.13153076171875,150.46182778419868,148.19696477195706,149.35771300554785,982700,DE,1556
2020-07-13,154.60464477539062,157.89812614940178,152.55684039082493,153.50052984359576,1829700,DE,1556
2020-07-14,160.01199340820312,160.25736190019595,153.16081264683288,154.28380548448163,1651500,DE,1556
2020-07-15,162.68258666992188,164.2019269144806,160.26674453189048,161.0783178500937,1992300,DE,1556
2020-07-16,163.65460205078125,165.4098647823882,161.27650090483328,162.2768236913006,1142400,DE,1556
2020-07-17,166.57061767578125,166.96696551217082,163.59800170308048,165.14565180688845,1140400,DE,1556
2020-07-20,164.0226593017578,166.21202571487012,162.9751634471246,165.96665724469415,1314500,DE,1556
2020-07-21,165.75904846191406,166.85373169519048,163.6074376376444,165.09846871754328,1079300,DE,1556
2020-07-22,165.6080322265625,166.11761808748204,164.30573644929942,164.38123331750143,1246300,DE,1556
2020-07-23,166.77821350097656,168.35417297531498,165.53255105640082,165.80621462997476,943800,DE,1556
2020-07-24,165.47592163085938,167.75964796911123,164.9663213539895,167.1368095860728,910800,DE,1556
2020-07-27,166.08935546875,166.74050354127857,163.173358308744,164.85312450186095,887100,DE,1556
2020-07-28,165.8911590576172,167.165145551732,164.81535368019772,165.05127603839986,850000,DE,1556
2020-07-29,170.10000610351562,170.58128249034255,166.09875805765628,166.75935212527654,1886900,DE,1556
2020-07-30,168.01446533203125,169.15633591586032,166.35357706420191,168.17490521204266,1235700,DE,1556
2020-07-31,166.38185119628906,166.95750222111215,163.5979707580353,166.8536958264865,1409600,DE,1556
2020-08-03,167.6180877685547,168.79769938588672,165.92889026833979,167.39161155374268,840600,DE,1556
2020-08-04,168.08053588867188,168.80718082892392,166.68387947328105,166.95754308998022,672800,DE,1556
2020-08-05,172.52532958984375,173.25196017206835,169.8169308030331,169.86411816021177,1366100,DE,1556
2020-08-06,171.05311584472656,172.9216310101369,170.09999484386594,171.75145110448602,968100,DE,1556
2020-08-07,173.16700744628906,173.36518855900846,169.73197855576188,171.1947000271816,1254600,DE,1556
2020-08-10,179.21607971191406,180.57499492094948,174.01634125513104,174.58256072541556,2631100,DE,1556
2020-08-11,182.3396759033203,184.8215837540941,181.38655474672618,181.47148334097,1909900,DE,1556
2020-08-12,181.4809112548828,181.96220207797856,178.91407486356522,180.51834400824924,1629000,DE,1556
2020-08-13,178.82913208007812,180.40509156887924,177.83825538125342,177.93263007621073,1324700,DE,1556
2020-08-14,180.36737060546875,182.33024640485942,177.819397550775,178.5649202858933,900600,DE,1556
2020-08-17,182.12266540527344,183.30227743323752,180.43345291747477,182.36801952324805,1025900,DE,1556
2020-08-18,181.31106567382812,183.84959269678868,181.09400672422117,182.89645709957608,1120900,DE,1556
2020-08-19,181.178955078125,183.64198528702616,181.13176772248673,182.13207630395723,1512700,DE,1556
2020-08-20,180.3390350341797,181.23553700937381,178.71588824981387,179.49915211432636,1558700,DE,1556
2020-08-21,188.26605224609375,191.52177808923474,184.96313904879386,185.68033787350925,6446300,DE,1556
2020-08-24,193.83380126953125,194.8529875719266,191.24810147229582,192.86180231808675,3177900,DE,1556
2020-08-25,194.0225372314453,197.60854526234542,193.78661489259363,194.40000721378527,2706800,DE,1556
2020-08-26,199.12789916992188,200.335820474584,193.22984029967392,194.95679366482946,2039900,DE,1556
2020-08-27,198.01434326171875,200.48680481607983,197.0612221769175,199.26945185827313,1875400,DE,1556
2020-08-28,198.08041381835938,198.9297429803449,196.99517668864058,198.48620777787167,1261400,DE,1556
2020-08-31,198.23138427734375,199.52423409020508,196.07034198289497,198.17476521978148,1944500,DE,1556
2020-09-01,205.43173217773438,205.46004170561835,196.5421804332605,196.77810276533114,1873400,DE,1556
2020-09-02,204.88441467285156,207.33801297402186,203.5254995767916,205.95078834675715,1983000,DE,1556
2020-09-03,198.9391632080078,206.41318164444843,197.29715284215476,205.0354031627455,1975200,DE,1556
2020-09-04,199.43930053710938,201.94951762327352,196.45723878360113,201.18513156610513,1662300,DE,1556
2020-09-08,198.4012451171875,201.23231303861084,196.25906635810148,198.04263857261594,1918500,DE,1556
2020-09-09,203.38394165039062,205.0637076149858,198.98634563091912,198.98634563091912,1569200,DE,1556
2020-09-10,202.99705505371094,205.9413617748023,201.58152076094635,203.76144126787432,1840300,DE,1556
2020-09-11,203.7991485595703,206.20554476668323,201.00582188211746,202.0721954041857,1902400,DE,1556
2020-09-14,206.0356903076172,206.78119853223905,204.4974721130562,205.6298964135398,1249300,DE,1556
2020-09-15,203.61988830566406,208.51763913525025,203.0725466654085,207.4323875659377,1740200,DE,1556
2020-09-16,203.2706756591797,206.59246612835764,202.76108975744384,204.93157809354688,1572700,DE,1556
2020-09-17,207.5550537109375,209.1215816068406,200.07158910914734,201.76080123772897,2094000,DE,1556
2020-09-18,209.47071838378906,212.68870240354488,207.09261727832592,207.11149509649997,3063600,DE,1556
2020-09-21,202.147705078125,205.20524940297676,198.3446236921098,204.07282504564068,2134000,DE,1556
2020-09-22,205.32794189453125,206.7245981781554,202.4496863374064,202.97815009880162,1622400,DE,1556
2020-09-23,202.4685516357422,208.24392581318205,202.30812617520849,205.32792919610657,1683500,DE,1556
2020-09-24,204.32762145996094,207.02657356856986,199.47705879199182,201.66641058942997,1025900,DE,1556
2020-09-25,206.90390014648438,208.48929142053987,202.73279474262984,202.8460328623317,1225400,DE,1556
2020-09-28,209.40469360351562,211.7261761017092,209.02722356457699,209.55568737891466,1191500,DE,1556
2020-09-29,208.49559020996094,210.58831738546874,206.4975765127937,209.88758213618092,892800,DE,1556
2020-09-30,209.86868286132812,214.0635874657075,208.55244708703475,209.6319497044477,1883900,DE,1556
2020-10-01,207.41610717773438,211.90457283482044,206.97106215565452,211.63943286679455,1383800,DE,1556
2020-10-02,212.86097717285156,214.49918100784538,203.60945588395214,203.82724634069737,1403600,DE,1556
2020-10-05,214.9158172607422,218.85504567564936,212.91778900827532,215.19988546565463,2071500,DE,1556
2020-10-06,214.1204071044922,218.40054674641902,214.01624393458758,215.20938832604858,1385800,DE,1556
2020-10-07,218.33425903320312,220.19023885912276,216.00479845278323,217.10324374921032,1029200,DE,1556
2020-10-08,221.8094940185547,222.34923807876066,218.4668231478233,218.73196311582706,1148300,DE,1556
2020-10-09,222.3492431640625,224.43249200989936,221.18452010304762,222.54810536913573,1091500,DE,1556
2020-10-12,223.96849060058594,225.00064361152664,222.59544129394396,224.5555841574432,1234800,DE,1556
2020-10-13,224.63136291503906,224.97225924476416,222.0462408432337,223.60867392586383,1311300,DE,1556
2020-10-14,225.8150177001953,227.88880240073686,224.50824609184423,224.79232876092638,1062500,DE,1556
2020-10-15,225.59727478027344,226.64837076300475,221.93263503018434,222.20725363280707,1225200,DE,1556
2020-10-16,227.32064819335938,230.48339975636156,226.98923043740626,227.26383454657002,1652600,DE,1556
2020-10-19,225.5309295654297,230.00991659769093,224.52718334817038,227.50055105454268,905500,DE,1556
2020-10-20,226.19378662109375,229.19556124357786,225.14269085210037,227.07444145681274,968100,DE,1556
2020-10-21,223.85487365722656,229.0819459537689,223.53292002259255,226.80931336346995,1506500,DE,1556
2020-10-22,224.30941772460938,225.3699777018646,222.41555236577017,223.53292599194322,1246400,DE,1556
2020-10-23,226.8187713623047,227.26383085365006,224.53666025971177,224.53666025971177,820500,DE,1556
2020-10-26,221.81895446777344,224.88702119547247,219.4516230433575,224.51771807122535,1010500,DE,1556
2020-10-27,216.38356018066406,222.14091204156577,215.90062976311316,221.77160891072222,1395700,DE,1556
2020-10-28,211.51634216308594,215.4271786452638,210.70197950321236,213.05984701179935,1375200,DE,1556
2020-10-29,215.91957092285156,217.6145738833583,209.9633569035861,210.28532496203832,1190700,DE,1556
2020-10-30,213.92153930664062,216.45931164624508,210.79665895116725,215.5502644749711,1306200,DE,1556
2020-11-02,219.40428161621094,219.91563331420716,215.42716756633376,216.3646360466302,1435900,DE,1556
2020-11-03,227.22592163085938,228.79781854821013,221.9799076608574,223.10675961087398,1571800,DE,1556
2020-11-04,220.91940307617188,227.26384931301766,220.8247040260062,224.80181849917474,1992600,DE,1556
2020-11-05,232.96435546875,233.97756580754603,224.73550910411848,225.19951126617312,2031800,DE,1556
2020-11-06,234.49839782714844,237.08351988239275,233.04959204735965,233.49465154301194,1481600,DE,1556
2020-11-09,235.6630859375,251.7609383887408,235.1706914423026,246.76113595980829,2219500,DE,1556
2020-11-10,240.49249267578125,243.26699847856727,236.25023833663022,236.25023833663022,1852800,DE,1556
2020-11-11,236.11764526367188,240.77655183643,232.9075443864464,240.48300504765527,1659000,DE,1556
2020-11-12,234.84872436523438,238.81637385616793,233.76922189208423,237.5380236492772,1275700,DE,1556
2020-11-13,238.42816162109375,239.18571061830556,235.8619822737323,237.5096502589896,976700,DE,1556
2020-11-16,245.3502197265625,246.52440679447463,240.15155503216766,241.46779064635663,1927500,DE,1556
2020-11-17,244.50746154785156,245.93733903874514,240.04741703871576,242.88821487349347,1411100,DE,1556
2020-11-18,243.67417907714844,246.7706675022151,243.5984371762777,244.7252894015936,1618400,DE,1556
2020-11-19,242.0264892578125,245.75740585166903,241.46780251584056,243.63628616715346,1700400,DE,1556
2020-11-20,244.83889770507812,245.8805293743103,241.94128617854435,243.02080324431873,1614900,DE,1556
2020-11-23,247.25355529785156,248.81601719357687,246.35398667404388,246.86533836533744,2094900,DE,1556
2020-11-24,247.63235473632812,250.15119893294514,246.21195582908402,249.6587754836564,2345300,DE,1556
2020-11-25,242.82188415527344,251.76092890325208,241.00377556316565,249.05271593457277,3037900,DE,1556
2020-11-27,248.0490264892578,248.28575965868902,244.45066497504826,244.8957244895026,1072200,DE,1556
2020-11-30,247.7364959716797,250.20800502266695,244.41275338169604,248.98645390785512,2342200,DE,1556
2020-12-01,241.59092712402344,251.26857978291952,241.5814485503106,249.25160865224544,2086400,DE,1556
2020-12-02,245.2555694580078,246.6191548587337,240.89020913023353,241.59094453034166,2773200,DE,1556
2020-12-03,239.27093505859375,246.02256947656642,238.5607355711171,244.77261144306564,2079900,DE,1556
2020-12-04,239.94325256347656,242.17801409259582,239.37508722000499,240.3883120444188,1655000,DE,1556
2020-12-07,238.636474609375,240.04740935715395,237.24448255895433,239.6970489257707,1598400,DE,1556
2020-12-08,239.1951904296875,241.31631029400134,237.93576828572844,239.6875849987344,1303600,DE,1556
2020-12-09,241.30685424804688,241.9412974036347,238.24826576691578,239.10049939106756,1373800,DE,1556
2020-12-10,240.0000762939453,240.7481611759224,237.32025517126513,240.1326462864539,1158900,DE,1556
2020-12-11,242.19692993164062,242.41472036123304,237.5096169394645,238.0967104666455,1403600,DE,1556
2020-12-14,239.308837890625,245.0188410300093,239.10997566206362,244.3086414907919,972900,DE,1556
2020-12-15,248.0869140625,250.0944069670194,242.39585315822782,242.72727096751385,2051100,DE,1556
2020-12-16,247.2630615234375,248.45620597052607,245.8616196249196,247.9448542220463,1210700,DE,1556
2020-12-17,250.49212646484375,250.59630409737346,247.66080670763697,249.07172729865786,1525000,DE,1556
2020-12-18,256.3346862792969,257.04488578443187,250.5205057928409,250.93715848103412,3274100,DE,1556
2020-12-21,253.54122924804688,257.56569320436506,251.48637258342487,251.80835513025175,2147000,DE,1556
2020-12-22,254.9710235595703,256.22095234683064,251.15488719904818,253.3801551881864,1531700,DE,1556
2020-12-23,253.7211456298828,256.9785963742675,253.6169680076484,256.31573193631664,938600,DE,1556
2020-12-24,254.92372131347656,255.27408175749815,253.13403369728536,253.71164872162583,289900,DE,1556
2020-12-28,253.304443359375,259.04285198867876,253.2097443299037,258.91974614017477,691900,DE,1556
2020-12-29,251.2591094970703,255.23623824350952,248.90125641204665,254.88587778166487,892800,DE,1556
2020-12-30,252.75009155273438,254.84881616446216,252.1328230176502,252.60764942634634,792800,DE,1556
2020-12-31,255.50405883789062,255.63702413280106,252.08533214895976,253.3293749234422,805300,DE,1556
2021-01-04,254.16510009765625,259.96746504116066,250.56590771808482,258.12513621242624,2800000,DE,1556
2021-01-05,260.47076416015625,260.92660792919014,253.9846484039974,254.17456157193425,1829200,DE,1556
2021-01-06,275.7411193847656,278.0962683031975,260.82208491759076,261.15446912906555,2778300,DE,1556
2021-01-07,284.639404296875,285.4276032587563,278.71355194798525,278.9699767159643,2227300,DE,1556
2021-01-08,279.1123962402344,285.35162071279353,275.769629556203,282.5691165981048,1781000,DE,1556
2021-01-11,280.0716552734375,280.31854532844244,274.44969716799744,274.90554100825716,1303700,DE,1556
2021-01-12,286.880615234375,288.27660603083586,279.1029563656793,281.211186772965,1952300,DE,1556
2021-01-13,286.05438232421875,288.6944156236383,285.47507911743355,286.44374340196947,1203800,DE,1556
2021-01-14,287.6022644042969,290.92604814254446,286.7475829535378,287.6497354366913,1370800,DE,1556
2021-01-15,280.52740478515625,285.9689252475715,278.25774987804533,285.04776095947193,1766300,DE,1556
2021-01-19,280.1380310058594,284.67736959554753,279.57773940997834,283.2339079746896,1509600,DE,1556
2021-01-20,285.78851318359375,286.97557917210105,281.10673188038584,281.92341936954926,1327500,DE,1556
2021-01-21,290.1189270019531,290.7361955185026,284.8958366631291,286.79514224088325,1931000,DE,1556
2021-01-22,289.8055419921875,291.50539954549623,286.1398673130479,287.64033488499535,1429900,DE,1556
2021-01-25,283.1864013671875,290.11885337419807,281.45802677460165,287.87768727215155,1539600,DE,1556
2021-01-26,281.106689453125,286.94704743887854,280.5273862679937,285.7884700497147,1364200,DE,1556
2021-01-27,266.59600830078125,276.0070698730089,264.9056276832137,275.19985929572726,1769900,DE,1556
2021-01-28,278.210205078125,282.3127110812158,268.50475478305805,272.8161855080034,1504200,DE,1556
2021-01-29,274.2597351074219,278.20081767182296,271.1258922535013,277.39360694244783,1734300,DE,1556
2021-02-01,277.4978942871094,279.2167626552767,275.06678668414054,277.4124290566638,1163400,DE,1556
2021-02-02,287.30792236328125,288.90333186824455,280.8312843006076,281.31561642861755,1637100,DE,1556
2021-02-03,285.97845458984375,287.1085147453464,284.38301587980413,287.04206107580137,1185300,DE,1556
2021-02-04,293.6990661621094,293.9744735467516,286.74763075353627,287.6023123467683,1459000,DE,1556
2021-02-05,293.6705322265625,297.2602175466614,291.5528256821524,296.3105650388988,1228100,DE,1556
2021-02-08,301.0779113769531,301.2203534910575,296.29165347533547,296.29165347533547,962300,DE,1556
2021-02-09,299.45391845703125,302.245899203685,297.4026945029669,300.109181018864,1066500,DE,1556
2021-02-10,297.8490295410156,301.79955851100107,295.6932997780903,301.5621453815931,1070000,DE,1556
2021-02-11,298.6277770996094,299.91931982955214,293.4901525635251,298.84620765173725,995400,DE,1556
2021-02-12,297.2412414550781,299.890780124608,296.5574904752348,298.238365017681,1721600,DE,1556
2021-02-16,301.1253662109375,305.4747917347939,300.1567309060704,300.85946461855633,3099600,DE,1556
2021-02-17,296.3676452636719,301.5147764030894,295.7124114673334,298.3429393983454,1999600,DE,1556
2021-02-18,285.1331787109375,295.77877570314024,283.50928096187846,295.18999575793146,3110900,DE,1556
2021-02-19,313.3853759765625,318.33305819166657,299.96677933186294,303.8888494318182,4870100,DE,1556
2021-02-22,320.5172424316406,321.50486022035506,311.9798462731676,312.91051620828665,2312500,DE,1556
2021-02-23,320.42230224609375,321.7138159316364,311.4860673839623,314.8288342592775,2222700,DE,1556
2021-02-24,328.2569580078125,329.14012806939684,321.18203375191945,322.340611213098,1941300,DE,1556
2021-02-25,330.5076904296875,335.2464490235288,325.0756748007461,328.30448879420504,2883000,DE,1556
2021-02-26,331.5426940917969,336.5663642031674,326.73745450043236,328.76972487125636,2537800,DE,1556
2021-03-01,341.40966796875,345.0183368109014,336.49995052052793,337.18370165685263,2098800,DE,1556
2021-03-02,333.7459411621094,341.7515063226587,332.3499505591477,341.7515063226587,1882000,DE,1556
2021-03-03,325.7877502441406,333.6793593749492,325.5503371439813,332.3213633974998,1929100,DE,1556
2021-03-04,320.93511962890625,326.2246627808513,314.1260974834621,323.5181759556578,2499400,DE,1556
2021-03-05,332.2169189453125,334.1257297305994,317.31689798957353,326.0156893239446,1979700,DE,1556
2021-03-08,335.89215087890625,341.78948566770146,331.63769661194374,336.58537875927317,1764200,DE,1556
2021-03-09,334.9329833984375,339.3963622853159,334.15426129798675,336.860777049345,1456800,DE,1556
2021-03-10,343.0335693359375,343.47990729005187,333.3376228216553,333.5370417855058,1403200,DE,1556
2021-03-11,346.1103820800781,348.3515773095523,342.61566743120414,346.6232026041176,1675700,DE,1556
2021-03-12,350.8870849609375,352.0931621563741,345.0467280151482,345.24614692090074,1941500,DE,1556
2021-03-15,355.5214538574219,355.8633438776639,347.6298427451102,350.50728908229496,2004400,DE,1556
2021-03-16,354.71429443359375,357.6107527888535,352.3211798714376,357.6107527888535,2047000,DE,1556
2021-03-17,360.16534423828125,361.618311919662,353.4892859533467,357.1454261909506,1753000,DE,1556
2021-03-18,361.25732421875,372.6626604349461,360.04177013352466,361.817615736516,2753100,DE,1556
2021-03-19,353.7266845703125,360.71611525143925,353.1853755200824,358.49393118224066,3042100,DE,1556
2021-03-22,352.8813781738281,354.90414268840453,350.0989032319335,354.90414268840453,1398500,DE,1556
2021-03-23,339.49127197265625,352.82440154167585,337.98132793526247,348.7788725102202,2911200,DE,1556
2021-03-24,342.73907470703125,349.47210720784244,342.6441036642887,343.3088719823931,1860600,DE,1556
2021-03-25,348.3325500488281,349.2727257974809,335.6641882803915,339.28236224285587,1970600,DE,1556
2021-03-26,353.54608154296875,354.12535556562227,349.2156691448831,352.34951030786175,1586100,DE,1556
2021-03-29,349.4436950683594,353.73611471497765,348.99735715302853,351.8368093699271,1413400,DE,1556
2021-03-30,355.9647521972656,357.2879906946217,348.85345288738057,349.3770308222468,1278200,DE,1556
2021-03-31,356.1741943359375,361.2767986805679,350.63365780262734,356.9643258030679,2053300,DE,1556
2021-04-01,354.2511901855469,357.944881375748,351.5570965475028,357.5926530291223,1561900,DE,1556
2021-04-05,356.8120422363281,359.7917477984014,355.9552650364227,357.5641154577839,1419500,DE,1556
2021-04-06,357.5736083984375,363.5044611329786,357.01194303354055,357.7449870767351,1309700,DE,1556
2021-04-07,356.79296875,360.68656757147903,354.5272493113336,357.70686237956005,1299300,DE,1556
2021-04-08,356.1075744628906,356.54547763110577,350.92879499233464,354.4130492792853,1250700,DE,1556
2021-04-09,358.8968505859375,359.92497732190895,354.6319650857158,357.6021703219619,1224500,DE,1556
2021-04-12,360.09637451171875,360.9436225702539,357.75448012504654,359.687000565526,1165100,DE,1556
2021-04-13,360.4866638183594,365.9414964422219,358.5446144126961,365.1228067141624,985100,DE,1556
2021-04-14,363.1808166503906,364.58975924191407,359.70609118749644,359.70609118749644,1077100,DE,1556
2021-04-15,363.79010009765625,367.4171460496165,360.49622431516144,365.8273247046866,1127000,DE,1556
2021-04-16,364.6754150390625,367.5218292945137,362.53345751654774,367.5218292945137,1092000,DE,1556
2021-04-19,362.43817138671875,365.2560267314841,360.36285998591694,364.4373370980519,1145100,DE,1556
2021-04-20,352.49005126953125,362.4572951093809,349.02485497769914,360.18207525949754,1807400,DE,1556
2021-04-21,357.5640869140625,357.7830239614011,349.71024327959776,352.9088856511449,1819900,DE,1556
2021-04-22,350.67181396484375,359.1254124665935,348.0443653604732,357.8212027479168,1880200,DE,1556
2021-04-23,358.201904296875,359.55373018996556,351.17630845220344,351.17630845220344,1301300,DE,1556
2021-04-26,362.18121337890625,365.37032675405396,358.9158961960205,358.9158961960205,1235700,DE,1556
2021-04-27,363.99945068359375,365.08472299685883,360.3533761416973,363.1807609473315,925700,DE,1556
2021-04-28,361.5623779296875,366.0462294285532,361.32438267590226,362.8761163789269,891000,DE,1556
2021-04-29,358.31610107421875,364.4563603824356,354.20353665756716,364.4563603824356,1104500,DE,1556
2021-04-30,353.0421447753906,355.593446775305,350.9096876698346,354.66049497586465,1196700,DE,1556
2021-05-03,355.82196044921875,359.61085563446835,354.02273130180936,358.4208792756515,924600,DE,1556
2021-05-04,361.3529968261719,362.7048228596752,350.21483465783973,353.9942010345007,1692300,DE,1556
2021-05-05,360.6675720214844,364.9324581206832,357.8021284560449,364.2851178977804,1460800,DE,1556
2021-05-06,371.1869201660156,372.2245759836501,360.43904639751094,361.6004643951471,2010900,DE,1556
2021-05-07,375.2899475097656,377.84124959364294,365.8748415618435,369.1877458699669,1597200,DE,1556
2021-05-10,372.60540771484375,381.116121323932,372.4911746278211,378.88848897051514,1601300,DE,1556
2021-05-11,364.7991638183594,370.49199211991885,359.38238911421877,367.67413623963614,1588500,DE,1556
2021-05-12,355.6886901855469,369.87320225243883,354.5368012307842,366.30327325646823,1631600,DE,1556
2021-05-13,359.95355224609375,361.6004899734182,348.87250758102016,350.77646974119114,1483400,DE,1556
2021-05-14,365.560791015625,368.1406520051144,362.35261893031804,363.4759498051911,1143600,DE,1556
2021-05-17,365.1323547363281,367.1315209413632,360.5914151559349,363.64726648165265,1170200,DE,1556
2021-05-18,351.9378662109375,367.7693152490059,351.9378662109375,366.7316594216867,1664800,DE,1556
2021-05-19,341.2091064453125,344.78853591748305,334.1644224896135,344.4458366385969,2800600,DE,1556
2021-05-20,338.1626892089844,341.7611761973888,333.6978960314255,340.7520786698363,2947000,DE,1556
2021-05-21,342.4751892089844,350.7003195814431,335.2591854965779,340.6188145055435,3614400,DE,1556
2021-05-24,342.1038513183594,345.0835562624362,339.20032111750015,344.17919181483114,1914700,DE,1556
2021-05-25,343.37005615234375,350.1386276483196,343.0654152359269,344.4077120374917,1682300,DE,1556
2021-05-26,340.5616455078125,343.90310783844706,337.65811531854945,342.40849081940775,1949800,DE,1556
2021-05-27,344.8170471191406,346.0451108051574,341.485113452516,345.9308777277895,3337100,DE,1556
2021-05-28,343.7602844238281,346.08311997928416,340.4092933000754,345.18825567256835,1348100,DE,1556
2021-06-01,347.101806640625,351.51901278422173,344.61714997396956,346.91142785646394,1483500,DE,1556
2021-06-02,339.5810852050781,347.76812643005013,338.6767208173201,347.0065533611854,1882700,DE,1556
2021-06-03,341.6755065917969,345.97845028318983,337.5343834023319,338.17222345975193,1336800,DE,1556
2021-06-04,339.5145568847656,344.0840545901438,338.2484057397445,342.970223908923,1279300,DE,1556
2021-06-07,338.36260986328125,342.42758744686654,336.0017155068456,339.92387269448386,1537000,DE,1556
2021-06-08,339.4574279785156,342.2086674656482,335.5067119897437,339.78112713760356,1521700,DE,1556
2021-06-09,332.74591064453125,338.8195539428522,332.4412697585359,338.6862626606715,2000800,DE,1556
2021-06-10,325.04437255859375,337.382037333545,324.4065325496126,334.98305583768445,2232000,DE,1556
2021-06-11,325.1681823730469,329.86144209469035,322.35982658427844,328.79522794030515,2028400,DE,1556
2021-06-14,319.427734375,325.9868687993691,315.89586370972165,324.6636302274235,2775000,DE,1556
2021-06-15,321.86480712890625,322.7501425557562,319.63717490062726,320.7129181632577,1722400,DE,1556
2021-06-16,320.39874267578125,323.6735598406949,319.03741673485115,321.8648016402517,2264600,DE,1556
2021-06-17,312.61151123046875,320.7319076295786,306.4426641718636,319.6180771272174,3387800,DE,1556
2021-06-18,313.1732177734375,315.91492793851876,307.91829265846974,308.5465746068236,2930600,DE,1556
2021-06-21,321.6553955078125,322.4931435678909,316.5718196546921,316.9811645765434,2010700,DE,1556
2021-06-22,325.6727600097656,326.1963380258783,319.54199902717806,322.52170470049845,1677400,DE,1556
2021-06-23,331.05145263671875,332.4032786842101,325.0920412019806,326.2249011210856,3352700,DE,1556
2021-06-24,333.7835388183594,337.70569548164264,329.88994042001656,332.77444138759824,2140200,DE,1556
2021-06-25,333.183837890625,338.8005493188842,330.4707151439392,337.08696600017333,6604800,DE,1556
2021-06-28,333.0887145996094,334.0978123431545,328.52871653635424,333.5551760889386,1304200,DE,1556
2021-06-29,333.0313720703125,336.6296147080289,332.2296492639796,334.81616286707384,1213400,DE,1556
2021-06-30,336.63916015625,337.28819886296446,332.3060410859685,332.3060410859685,1643600,DE,1556
2021-07-01,338.14715576171875,339.9605784283626,335.8851469872193,339.45472848776603,1467900,DE,1556
2021-07-02,336.4387512207031,339.6933820681871,335.20752040107885,338.41444109071125,1131800,DE,1556
2021-07-06,333.52777099609375,336.91600815245914,328.5742443534305,336.43879001060014,1924000,DE,1556
2021-07-07,335.8469543457031,336.49596385454004,332.3537149863854,332.506428246184,1309100,DE,1556
2021-07-08,327.92510986328125,331.5233522443515,324.03102377782903,329.2804218066304,1621000,DE,1556
2021-07-09,333.5563659667969,334.7398575068284,331.7142820067109,333.28912500204524,1325400,DE,1556
2021-07-12,338.1375732421875,338.586159311785,330.053499436172,331.88602930882496,1608000,DE,1556
2021-07-13,334.7875061035156,339.77921688222347,334.60616093287877,339.77921688222347,950100,DE,1556
2021-07-14,329.82452392578125,337.34548582618146,328.83190212430134,337.28822198446926,1409400,DE,1556
2021-07-15,330.33038330078125,331.8765653249615,326.7130618524169,327.27617572992193,1516200,DE,1556
2021-07-16,326.8847961425781,332.5827805732034,326.41713179488164,331.78105777983365,1153900,DE,1556
2021-07-19,319.6883544921875,321.9694414192261,313.9426310474408,319.7360646420501,1848600,DE,1556
2021-07-20,332.1723937988281,333.37499260216566,319.7360926153213,322.0649190230439,2053900,DE,1556
2021-07-21,336.91595458984375,338.4430582264317,334.9211865692497,335.9615184578612,1478900,DE,1556
2021-07-22,335.322021484375,338.1089877063659,335.0929661415269,336.52462028848396,810600,DE,1556
2021-07-23,338.5385437011719,339.4643480128264,335.5320462637333,336.2478734389173,796800,DE,1556
2021-07-26,339.2638244628906,340.62869012797927,335.0643117390422,339.4356450855748,865500,DE,1556
2021-07-27,337.4122009277344,341.3540262294379,334.5680003169346,336.34323727854184,986900,DE,1556
2021-07-28,337.4504089355469,340.61914362545184,335.11202895232276,338.1662359760754,1250400,DE,1556
2021-07-29,343.40606689453125,345.61081176125174,339.9128567079142,342.1939436399989,1392600,DE,1556
2021-07-30,345.1145935058594,345.3245706419049,340.8578160682984,343.3202487300305,1053900,DE,1556
2021-08-02,339.7315673828125,350.66939776828485,339.0634504109735,347.3193174808562,1148300,DE,1556
2021-08-03,349.1899719238281,350.1348834539763,338.213956951146,341.2872423085801,991500,DE,1556
2021-08-04,344.23651123046875,349.89631080995935,344.12195442166376,347.7297220313802,825500,DE,1556
2021-08-05,347.7202453613281,348.36925506519583,344.8664609723216,347.27165912807857,794400,DE,1556
2021-08-06,350.1635437011719,351.89107082386175,348.9132346593815,350.2780713802549,665400,DE,1556
2021-08-09,352.49237060546875,354.0194742912334,346.71801434477743,348.28330363263325,923300,DE,1556
2021-08-10,359.459716796875,360.22328314775876,352.68321470905653,354.095790612883,1184000,DE,1556
2021-08-11,368.4886779785156,368.70820876804214,358.3525712209119,360.2041795916428,1651500,DE,1556
2021-08-12,368.04962158203125,370.8174802763578,366.19801333176196,368.4791294514425,1314000,DE,1556
2021-08-13,366.5035400390625,369.5959043374751,365.20552064909134,368.5555722633435,814300,DE,1556
2021-08-16,365.5776672363281,365.8830937863614,361.35904675434483,363.6401630706151,910400,DE,1556
2021-08-17,359.182861328125,365.17671781357365,357.0640123948605,364.11730791047796,1206300,DE,1556
2021-08-18,354.677978515625,358.87752057885206,354.49666245692345,357.19770375356126,1374500,DE,1556
2021-08-19,342.62347412109375,351.7669589418909,338.71028037182475,351.7669589418909,2281000,DE,1556
2021-08-20,335.4174499511719,350.44029300051096,329.05137788683754,346.4602819048638,3498300,DE,1556
2021-08-23,346.2694396972656,346.68939395299213,336.20014949660293,338.0135724406503,1946800,DE,1556
2021-08-24,351.21337890625,356.0046372651978,348.35959538556773,348.3691490664804,1638700,DE,1556
2021-08-25,359.2210693359375,362.02711348014026,351.01291398646924,352.18688074135406,1657500,DE,1556
2021-08-26,362.5044250488281,365.5204470546955,357.9804066035683,358.1903837409098,1490400,DE,1556
2021-08-27,362.19891357421875,365.4440193229598,360.8817872147775,362.76202732713955,1115600,DE,1556
2021-08-30,363.64019775390625,366.15992334138923,359.58384384195324,363.64019775390625,1378500,DE,1556
2021-08-31,360.8054504394531,364.11734462114265,356.76817555594056,363.6401266072224,1589800,DE,1556
2021-09-01,359.545654296875,362.3708064325563,352.3683045276736,360.96778404742287,1895400,DE,1556
2021-09-02,367.41021728515625,367.44837376066533,360.5859753309774,361.8172061525381,1333700,DE,1556
2021-09-03,371.6002197265625,375.0934600250998,366.50353345963947,367.200282433477,1902000,DE,1556
2021-09-07,354.80206298828125,369.5481122384378,353.3895162155657,367.89692731600155,3627000,DE,1556
2021-09-08,353.36090087890625,355.4415646634851,345.60133043812255,354.56347060304194,2427100,DE,1556
2021-09-09,348.21649169921875,354.3248774132298,346.488964547141,352.015158173549,1725300,DE,1556
2021-09-10,346.5271911621094,351.6715876244895,346.2694747222069,350.7839688643642,1235500,DE,1556
2021-09-13,345.0477294921875,350.00125519723065,340.72413511041276,349.3236137196406,1832900,DE,1556
2021-09-14,339.7602233886719,346.0117691132929,338.8439436262662,346.00221543022127,1410800,DE,1556
2021-09-15,343.37750244140625,344.38920248693194,337.88949427137777,338.90119431690346,1403500,DE,1556
2021-09-16,339.1397705078125,344.84730893737606,337.0972923763407,344.1505600905935,1681800,DE,1556
2021-09-17,333.18408203125,338.1853176851158,332.11511830007964,335.49383012166084,7677100,DE,1556
2021-09-20,324.2505798339844,326.8943572889382,319.42113560099136,325.1191201617386,2410000,DE,1556
2021-09-21,321.5972595214844,329.20411649760507,318.52397407640865,327.13297731908676,1503800,DE,1556
2021-09-22,325.3099670410156,329.7862742702988,324.4223485397912,326.0830578810596,1336800,DE,1556
2021-09-23,335.4842834472656,336.25737434495795,329.2422633037888,329.2804489027216,1497600,DE,1556
2021-09-24,333.3368225097656,337.2690947534851,332.640073640532,333.9190145752412,1193200,DE,1556
2021-09-27,336.3623962402344,339.5883659167662,332.888234720321,332.888234720321,1291500,DE,1556
2021-09-28,337.81317138671875,340.3137897216055,334.5012764073555,334.74943915502865,2018700,DE,1556
2021-09-29,335.8793640136719,340.45514128821526,335.8123476946303,339.65103310093554,1320600,DE,1556
2021-09-30,320.7544860839844,337.3919481440532,320.63003552600117,337.3919481440532,2079500,DE,1556
2021-10-01,327.579833984375,329.9347245855183,319.3951072782935,323.65499683997416,1740800,DE,1556
2021-10-04,323.9804382324219,327.9244100263972,322.42965604292095,326.1821609830422,1464500,DE,1556
2021-10-05,323.8368225097656,326.56506424727877,318.54308876671723,322.4104617731255,1401400,DE,1556
2021-10-06,323.9421081542969,324.1335749899083,315.58510954850556,319.2514628191912,1534700,DE,1556
2021-10-07,329.3890380859375,332.90225324938217,325.88540502922586,326.65124322436884,1139200,DE,1556
2021-10-08,328.5084533691406,330.58572615452346,326.8427730833114,329.3604139103062,1168200,DE,1556
2021-10-11,318.38043212890625,329.3412543860264,318.2655636792109,328.3648141361237,1052100,DE,1556
2021-10-12,316.4754638671875,320.17053534965385,315.7670597340298,319.07925585795897,1410000,DE,1556
2021-10-13,314.94378662109375,318.6580219703378,313.0292347267406,317.8634665744849,1771800,DE,1556
2021-10-14,315.6808776855469,318.65802106394443,306.8069401974088,307.79293325164633,2403800,DE,1556
2021-10-15,318.5431823730469,321.64474737432914,317.49975500179755,318.72506715657846,1435000,DE,1556
2021-10-18,317.6624450683594,319.0505068696725,314.59917958239123,316.56158357787484,1154000,DE,1556
2021-10-19,328.4317932128906,329.14975015578875,319.82589200574995,320.60128316698047,1433600,DE,1556
2021-10-20,329.3507995605469,331.2749336890778,327.34054331050936,328.9678949992895,1001900,DE,1556
2021-10-21,328.27862548828125,330.32720998750307,326.20135309364224,329.2359014119379,876400,DE,1556
2021-10-22,326.1534423828125,331.3323081688288,325.1674494388337,330.29846311847575,825700,DE,1556
2021-10-25,337.650390625,338.6363837327604,324.6314312309703,325.7514570008268,1564800,DE,1556
2021-10-26,326.57470703125,338.73212412052897,326.43112147159223,338.26303900731955,1386300,DE,1556
2021-10-27,323.7794189453125,331.2940109430417,323.5783699843581,328.0967131325721,2003100,DE,1556
2021-10-28,334.7594299316406,334.84558126626047,323.7794730087778,324.78460112642085,1897900,DE,1556
2021-10-29,327.68511962890625,334.4339032162914,326.0003046521011,333.61065994318886,1562500,DE,1556
2021-11-01,343.4227600097656,350.00882346826353,331.0068893016293,332.2896356173405,2391200,DE,1556
2021-11-02,340.12017822265625,344.6768216942269,335.51568263276977,344.6768216942269,1371300,DE,1556
2021-11-03,328.3934631347656,332.2034314706441,321.11819016809847,331.3610240626114,2948400,DE,1556
2021-11-04,335.86029052734375,335.8698434219995,329.6092794143191,330.0974703090954,1334000,DE,1556
2021-11-05,340.0244445800781,343.3557463406945,336.01345583017365,337.72695882465933,1422900,DE,1556
2021-11-08,345.442626953125,349.8365498016054,342.70483142855693,343.6621074939998,1540500,DE,1556
2021-11-09,340.6083679199219,347.6539344027464,336.96114873238963,346.5339086395598,1394500,DE,1556
2021-11-10,337.5450134277344,340.39770589301446,335.1805701936008,338.77990741743065,1067800,DE,1556
2021-11-11,340.7998046875,343.2791457787113,337.2100200395361,337.9854111863969,782400,DE,1556
2021-11-12,343.52801513671875,343.80563332731225,338.42574744843915,341.9580978533027,1011100,DE,1556
2021-11-15,345.7201843261719,348.20910750088535,344.2747175871828,346.63916100735736,975400,DE,1556
2021-11-16,346.54345703125,350.5544453792086,342.8962381985704,344.5044546952064,1162200,DE,1556
2021-11-17,338.4161376953125,345.0117821240584,334.28072835137266,344.61929553183177,1647600,DE,1556
2021-11-18,341.852783203125,350.0949439071758,341.6517634436337,348.9079311375707,2228000,DE,1556
2021-11-19,331.3611145019531,339.68942821547176,330.7676079971445,338.6172836630758,1742000,DE,1556
2021-11-22,334.2424621582031,339.54577890986667,328.450925341242,332.91183461307537,1707000,DE,1556
2021-11-23,334.3573303222656,337.9949671126765,330.1644571416257,334.0701592333489,1680300,DE,1556
2021-11-24,352.14349365234375,358.6338522092415,343.4992935641525,343.92049729139205,4482900,DE,1556
2021-11-26,343.9492492675781,345.86380123503193,333.8882985439547,339.8329742230503,2308700,DE,1556
2021-11-29,333.21820068359375,351.32029342254083,331.56210267993976,350.3630174186647,2902000,DE,1556
2021-11-30,330.77716064453125,337.18133948793616,327.24480983085965,331.408966316722,3681500,DE,1556
2021-12-01,326.9576416015625,338.6172867495138,326.8140560287272,338.5119711869357,1755200,DE,1556
2021-12-02,335.6401062011719,338.9905721987299,328.78600654051803,330.14535131357513,1969800,DE,1556
2021-12-03,334.31903076171875,337.9566967621279,330.26019023591266,337.5546280243158,1379600,DE,1556
2021-12-06,339.3638916015625,342.60904173957005,335.534787968343,337.67907665454834,1543500,DE,1556
2021-12-07,345.902099609375,351.29156805879296,343.805662873034,344.3226000828324,1478900,DE,1556
2021-12-08,345.6340637207031,348.4484574448573,342.4750646656294,346.8019415872824,1182900,DE,1556
2021-12-09,346.4573669433594,348.745241551817,342.70483190752987,344.4757984738238,897900,DE,1556
2021-12-10,343.0493469238281,348.44839654118203,342.0729361098073,347.35708808985925,1200600,DE,1556
2021-12-13,336.4058837890625,346.0264941595023,334.4530329232344,343.77689012457034,1375000,DE,1556
2021-12-14,333.65850830078125,339.21072613291545,331.2270485119384,334.9317016267136,1799800,DE,1556
2021-12-15,329.2455139160156,335.21890688270815,323.5784270707273,334.5583840973052,1982700,DE,1556
2021-12-16,333.4096374511719,336.74093894692936,332.17474333787766,334.82638711212894,1945200,DE,1556
2021-12-17,332.20343017578125,335.4103100496029,326.96713021619485,334.3764357933236,2976500,DE,1556
2021-12-20,324.1910095214844,328.82422065327944,321.9509877685341,328.2881485695172,1784700,DE,1556
2021-12-21,334.86468505859375,337.4588946050611,327.54153016100594,328.1254544458089,1518500,DE,1556
2021-12-22,332.1747131347656,336.5781877971676,328.8625469415687,334.16583400786794,1582400,DE,1556
2021-12-23,334.29986572265625,336.4728713346195,331.5046074516873,333.1319880442962,997800,DE,1556
2021-12-27,335.7645568847656,336.73141499283224,333.5628337710193,335.04659988501203,953100,DE,1556
2021-12-28,334.826416015625,338.052460675292,333.98403767513923,334.3573601240058,718700,DE,1556
2021-12-29,330.9398498535156,334.38604900545425,330.7388300903275,333.4766251966987,1417300,DE,1556
2021-12-30,328.41455078125,334.1948975189315,328.2321119113717,332.04407627751357,1538800,DE,1556
2021-12-31,329.2403259277344,330.248516042374,327.483157747345,328.70259132348656,1004700,DE,1556
2022-01-03,336.1728515625,336.35529041087284,330.29648043293173,330.3060917310792,1570700,DE,1556
2022-01-04,356.509765625,358.8718302023001,338.6693783655425,340.0136415679596,3034100,DE,1556
2022-01-05,357.2395324707031,371.1623207808257,356.9802910994333,358.190142770846,3310100,DE,1556
2022-01-06,361.3779602050781,363.36556530006976,353.58120341228744,359.6016278910815,1600700,DE,1556
2022-01-07,363.5767822265625,366.7934320593591,361.68520236032475,361.8676412283432,1791700,DE,1556
2022-01-10,364.7386779785156,370.52866639195264,359.1023531710954,366.0925528047537,2120000,DE,1556
2022-01-11,365.4011535644531,368.26253705405514,360.782631128687,367.6384179443353,1249900,DE,1556
2022-01-12,361.2723083496094,368.5793567867275,357.6907809630309,367.08145932755696,1458900,DE,1556
2022-01-13,365.2475280761719,368.90585804453013,363.5095532211241,363.6055783024748,1325100,DE,1556
2022-01-14,364.4505615234375,364.9498509354875,358.622187637906,361.66600990897206,1309400,DE,1556
2022-01-18,368.6274719238281,372.5546553674284,364.39301987613163,365.4876532896946,2685500,DE,1556
2022-01-19,360.936279296875,372.65063706458204,359.6976230265227,371.8248564500994,1919100,DE,1556
2022-01-20,352.3713684082031,364.96908625263507,351.31515105480725,360.648221054623,2014300,DE,1556
2022-01-21,349.77886962890625,356.3369705151289,345.53480652997615,352.95710397720717,1493300,DE,1556
2022-01-24,349.5387878417969,350.9982695305404,333.19632609724596,342.3757617745439,2251800,DE,1556
2022-01-25,353.56201171875,355.5208122257157,336.8354488724645,343.9216727717943,2511900,DE,1556
2022-01-26,357.4219665527344,365.63162816564545,351.94888811353667,354.6758306847857,2296100,DE,1556
2022-01-27,360.99383544921875,367.63837807453797,355.7031965854935,360.73459411559344,2030000,DE,1556
2022-01-28,358.9102783203125,362.1269282989142,350.0284997853897,357.3067443294494,2100300,DE,1556
2022-01-31,361.41632080078125,361.79080980604795,352.40971371042144,359.1118654923939,2191600,DE,1556
2022-02-01,362.83746337890625,364.44096807663465,356.26014040173413,360.0721049246461,1622500,DE,1556
2022-02-02,359.5728759765625,364.575470391099,352.26579626064654,363.50005954525403,1642900,DE,1556
2022-02-03,356.1257019042969,361.90604844444897,355.1078712058274,356.5673821149786,893700,DE,1556
2022-02-04,354.78143310546875,357.95008518383077,349.0683066703075,353.48519698082436,1102400,DE,1556
2022-02-07,357.3835754394531,359.60161724405,354.0229024867013,355.5784092792505,1087300,DE,1556
2022-02-08,374.3597412109375,376.3569281021956,359.33273907780267,361.4163397510981,2647500,DE,1556
2022-02-09,379.65997314453125,383.721596518989,376.87542174884555,376.87542174884555,1630400,DE,1556
2022-02-10,377.4995422363281,383.3183043877648,374.5613565678894,377.16346911943054,1402300,DE,1556
2022-02-11,377.0386657714844,383.8176200303178,371.9016318902098,378.57494977474414,2390200,DE,1556
2022-02-14,371.8440246582031,381.8588218381787,368.66579095795294,378.4213175013939,1799900,DE,1556
2022-02-15,377.7396545410156,380.2361604448895,373.5628120695191,375.19515074202167,1590800,DE,1556
2022-02-16,375.0127258300781,378.354205792336,370.06774103593233,375.8768930936505,2174900,DE,1556
2022-02-17,365.3819885253906,375.12793487736013,364.0089205172709,371.1431425426429,2570300,DE,1556
2022-02-18,354.4069519042969,377.31712405573506,351.4303501815552,364.6521864139893,3729400,DE,1556
2022-02-22,339.69683837890625,355.7224505713548,338.18932940126746,350.6910521828213,2359000,DE,1556
2022-02-23,324.08404541015625,341.81879567436516,323.83441537587015,340.8682148183679,3068300,DE,1556
2022-02-24,329.11553955078125,330.1045365000366,313.74285063695515,315.97050392356266,3599900,DE,1556
2022-02-25,333.1675109863281,334.4445537608309,324.54497419972716,329.0578894082164,3424600,DE,1556
2022-02-28,345.6883850097656,347.9640651361898,332.22650092586036,334.14688532427573,3265400,DE,1556
2022-03-01,344.3728942871094,347.46471405248656,336.6529415202707,346.7445699702037,2863200,DE,1556
2022-03-02,361.0130920410156,366.0444900448984,346.0436984073347,346.4181581467212,2564200,DE,1556
2022-03-03,366.72625732421875,370.7206610178702,360.68666853869627,363.18314520732645,2961400,DE,1556
2022-03-04,374.5422058105469,375.2239341175135,359.60161643280884,363.7880406649046,2404400,DE,1556
2022-03-07,354.3109130859375,389.3483162253368,353.38913680137534,378.6229860246545,5456700,DE,1556
2022-03-08,350.4029541015625,373.51478881213336,349.6252007158646,358.9774639431778,3512000,DE,1556
2022-03-09,354.1764831542969,359.07346926702746,349.7403998495818,354.5509721800734,1744600,DE,1556
2022-03-10,363.0966491699219,364.49852147909,347.87759800398493,349.990032417311,1768800,DE,1556
2022-03-11,373.9757385253906,376.72187466550673,367.21597596878377,367.7248767578208,2144300,DE,1556
2022-03-14,378.1813049316406,383.64480116986465,371.06630615661686,377.35555366324076,2466500,DE,1556
2022-03-15,373.00592041015625,379.2759752336818,366.5438153970601,376.8658830774704,2197700,DE,1556
2022-03-16,372.7467041015625,384.9219367891101,366.8031107582828,374.4750387129852,2271500,DE,1556
2022-03-17,389.9820556640625,391.01907964825324,368.7329976171613,369.23231631426813,2783800,DE,1556
2022-03-18,396.70343017578125,398.412571242918,387.9944792611201,391.43198399453365,2941700,DE,1556
2022-03-21,405.4796142578125,409.81006160159393,397.913294251232,398.47980419146415,2750200,DE,1556
2022-03-22,410.5301818847656,418.9126707174135,406.3629510653457,408.0817033855491,2234400,DE,1556
2022-03-23,414.3421936035156,417.6836735408305,403.80888231935313,406.30538829761747,2633500,DE,1556
2022-03-24,415.0142822265625,418.14451823857337,408.87863987949686,413.3051412482003,1878500,DE,1556
2022-03-25,419.0758972167969,419.55599331657425,411.07747978497054,415.1294920392015,1457500,DE,1556
2022-03-28,415.38873291015625,420.54498963018455,410.347723868245,420.54498963018455,1656000,DE,1556
2022-03-29,396.4825439453125,407.59194452777655,393.0450397387082,407.59194452777655,3572900,DE,1556
2022-03-30,400.02508544921875,408.78511631453273,398.0709272035094,398.34046525886777,1693800,DE,1556
2022-03-31,399.9384765625,404.96345942198224,397.85917027125424,398.72556992569156,1953700,DE,1556
2022-04-01,401.2283630371094,406.157104794092,398.3597144757447,401.4690230507779,1480900,DE,1556
2022-04-04,401.8540954589844,403.07663773089325,392.6031094211046,402.92261179957956,1072400,DE,1556
2022-04-05,398.2538146972656,406.68655110199967,395.8568503263762,403.0574086179593,1399000,DE,1556
2022-04-06,395.88580322265625,399.25504410114695,390.8704557406458,395.24082132841045,1237000,DE,1556
2022-04-07,394.1626281738281,397.1179404892677,386.80807269326846,394.46104427057196,1637300,DE,1556
2022-04-08,402.67236328125,404.2414714272606,392.4298873542159,397.70516595585934,1341900,DE,1556
2022-04-11,402.87451171875,409.6611125728276,400.9299599438225,400.9299599438225,1437700,DE,1556
2022-04-12,404.0489501953125,411.52865338981553,401.9118879429623,407.0235046559244,1119700,DE,1556
2022-04-13,411.3265075683594,411.97146000125974,405.47363915227413,406.5517913927516,1153200,DE,1556
2022-04-14,420.43310546875,422.9937319145861,411.94261189215376,411.94261189215376,1522700,DE,1556
2022-04-18,422.069580078125,428.8850593261992,416.0915636719188,416.34185950847524,1525700,DE,1556
2022-04-19,421.463134765625,425.0248858398685,418.49818653095934,423.3691435390343,1207800,DE,1556
2022-04-20,421.04913330078125,430.0690656060384,420.22124760563656,428.076393710021,1718200,DE,1556
2022-04-21,408.5059814453125,424.56284231896166,407.70700300485254,424.379938330643,1641300,DE,1556
2022-04-22,388.4927062988281,405.0886136783798,386.6059103854969,404.04897520522434,2148800,DE,1556
2022-04-25,371.10736083984375,377.2874932723932,358.28498881514986,377.2874932723932,4496300,DE,1556
2022-04-26,367.5071716308594,376.0458156498611,365.889942999997,370.6453883658865,1559000,DE,1556
2022-04-27,371.1265869140625,375.49698060890466,361.47130917822125,367.64183491878015,1599200,DE,1556
2022-04-28,370.4431457519531,375.48737014046304,360.99001354662596,373.35030808516933,1515200,DE,1556
2022-04-29,363.4447021484375,375.4007032790687,362.21252418490116,371.7234116116224,1526800,DE,1556
2022-05-02,366.9873352050781,368.2002418843243,357.71710534879855,360.9515623300519,1563400,DE,1556
2022-05-03,374.8905944824219,376.12277273914725,369.16287365382715,371.41544815233544,1468200,DE,1556
2022-05-04,381.54241943359375,383.52545574097275,370.37578810768457,376.62331311838716,1750100,DE,1556
2022-05-05,368.7296447753906,381.35947725005246,364.9464471361902,379.17429496104074,1465800,DE,1556
2022-05-06,363.358154296875,369.2399010758572,357.75561077336295,369.2399010758572,1516100,DE,1556
2022-05-09,350.91119384765625,360.5568370564524,348.85115931362725,358.10211655683895,1818100,DE,1556
2022-05-10,351.1230163574219,357.6112019676023,347.03179546771923,354.24196123490606,1344100,DE,1556
2022-05-11,350.4299011230469,360.4991091104173,348.6586467294091,352.22042712171714,1380900,DE,1556
2022-05-12,349.4190673828125,353.8375813260959,341.0633301044888,349.2842836856496,1889400,DE,1556
2022-05-13,352.9904479980469,356.1767839038564,349.6597219742508,350.93038438997223,1750300,DE,1556
2022-05-16,360.46063232421875,368.1424822692794,352.35518896623734,355.13723322753134,1896400,DE,1556
2022-05-17,369.90411376953125,371.588734033533,363.2426309995167,367.25685335467136,1229300,DE,1556
2022-05-18,354.8965759277344,370.7031115811925,353.62588381147253,369.65383728710356,1543400,DE,1556
2022-05-19,350.997802734375,356.6100105557846,342.9886306411218,350.7860207528606,2253600,DE,1556
2022-05-20,301.6047668457031,331.50436594846025,296.14661393975575,326.9414612833379,8814300,DE,1556
2022-05-23,322.8309326171875,324.6695785215121,304.36750467833474,305.10875627144384,4286400,DE,1556
2022-05-24,324.4385681152344,325.304938266691,314.9758295470089,319.90454179990564,1900600,DE,1556
2022-05-25,330.1567077636719,332.8136040938788,323.65888646888556,324.9680630285863,2005800,DE,1556
2022-05-26,334.52703857421875,335.8843645107648,327.682652841205,330.62832891543115,1349900,DE,1556
2022-05-27,347.253173828125,347.3975639676275,339.16697348665275,340.6687190698119,1968000,DE,1556
2022-05-31,344.413330078125,348.6200620806709,341.52541014475906,344.9138922906964,2705000,DE,1556
2022-06-01,338.99371337890625,349.5153628708454,335.5378388632419,349.5153628708454,1714800,DE,1556
2022-06-02,347.590087890625,347.90777558734044,337.8963240337455,340.6494607255697,1161600,DE,1556
2022-06-03,347.5130920410156,350.0544761227666,343.6817736913865,344.06685325100636,1082200,DE,1556
2022-06-06,349.35174560546875,350.21811587798356,345.1834972420347,349.60204144900837,1011000,DE,1556
2022-06-07,354.0975036621094,354.74248540564685,344.6251293309321,347.27238940260827,987000,DE,1556
2022-06-08,341.7564392089844,351.1325727029238,340.80343501817345,347.46491668547696,1772700,DE,1556
2022-06-09,332.428466796875,340.4665168784464,332.3995887712323,337.982918540845,1415500,DE,1556
2022-06-10,322.70587158203125,328.26029473226544,320.9249814096074,324.2942219713755,1327900,DE,1556
2022-06-13,312.7617492675781,321.21372780979686,310.2588792388978,312.85801914895876,1816700,DE,1556
2022-06-14,314.3790283203125,318.06595679315944,310.528467462374,313.984371684528,1630400,DE,1556
2022-06-15,318.2296142578125,322.7443995697499,313.31053647530035,316.11182324551277,1442500,DE,1556
2022-06-16,305.7056579589844,311.7895511252032,302.8851291996351,310.48998096868485,1799600,DE,1556
2022-06-17,310.6632080078125,314.2827441119008,302.97172316406864,302.97172316406864,2329100,DE,1556
2022-06-21,316.968505859375,322.3592964769828,315.6015733225644,318.53761397577586,1425400,DE,1556
2022-06-22,306.0521545410156,311.7606031826827,305.76337426709,309.0074666464451,1636100,DE,1556
2022-06-23,286.3951110839844,305.2532301158277,284.5468288720618,303.0295334814914,4232900,DE,1556
2022-06-24,299.2558898925781,302.1341740705694,288.16628775024355,289.62948996357346,2297000,DE,1556
2022-06-27,303.54925537109375,308.7090209980206,299.58318330941177,305.7633449763853,1708300,DE,1556
2022-06-28,297.6098327636719,308.21811665734407,296.95524451123754,306.4950119379165,1818100,DE,1556
2022-06-29,290.4794921875,297.3296454476088,287.6196324429278,296.8175756674805,1800800,DE,1556
2022-06-30,289.3393859863281,294.2861794461787,284.3346245941523,287.71622491079245,2082100,DE,1556
2022-07-01,291.42633056640625,294.5567169662664,284.3636188651018,290.4215038943315,1373600,DE,1556
2022-07-05,282.2476806640625,284.82734201759786,277.9771897263634,283.9288096128929,2147900,DE,1556
2022-07-06,279.35882568359375,282.0737650844822,274.2091153714369,280.03512800378076,2083200,DE,1556
2022-07-07,293.6871337890625,294.2861553642139,285.54231562651165,287.74518533024957,2051800,DE,1556
2022-07-08,294.3345031738281,297.60013811242806,291.06883875001364,294.3924711056532,1516100,DE,1556
2022-07-11,288.3152160644531,293.69679793320677,287.78380409401433,290.39247871381133,993900,DE,1556
2022-07-12,285.9481506347656,291.0785196900218,283.2235690157186,284.0544624741326,1210200,DE,1556
2022-07-13,286.7403869628906,289.0495510843232,281.43611467128704,282.15107217188074,1199900,DE,1556
2022-07-14,284.3732604980469,284.88533024222716,278.5859023252076,280.2380474265868,1366800,DE,1556
2022-07-15,287.62933349609375,289.51335066327124,283.2718895936546,287.9868123156762,1184500,DE,1556
2022-07-18,287.870849609375,296.1122924526694,286.90467797717065,290.95293947492434,1056200,DE,1556
2022-07-19,301.04937744140625,301.6387573951677,290.6437208872057,291.3586783697615,1282200,DE,1556
2022-07-20,304.6918640136719,305.3005568440824,299.716086131676,300.92380064115156,1152500,DE,1556
2022-07-21,305.83197021484375,306.0445291488205,298.1702069255112,304.1701538633574,1223300,DE,1556
2022-07-22,301.6968078613281,309.62906987728394,299.9576809753989,307.0880333916968,1110700,DE,1556
2022-07-25,312.03472900390625,312.45020514384777,301.35854607814883,304.23774766704565,1433100,DE,1556
2022-07-26,308.6435241699219,314.7400645035181,307.48410647553465,312.817363002239,1122600,DE,1556
2022-07-27,314.69171142578125,316.00571999983237,307.8705429855674,310.1410519106163,1148200,DE,1556
2022-07-28,320.4114685058594,323.17470492267034,312.91396801430307,318.4984382659952,1295600,DE,1556
2022-07-29,331.57073974609375,333.04898101274404,321.73512061282014,324.68193199551814,1880300,DE,1556
2022-08-01,326.74957275390625,330.3823873717226,324.62398345939306,327.4065623594041,1238900,DE,1556
2022-08-02,321.93798828125,327.59976844567126,319.64816660774056,323.6674434738806,1271500,DE,1556
2022-08-03,325.1264343261719,327.1650423732602,322.24723216837424,325.81240794803347,1142800,DE,1556
2022-08-04,330.7978210449219,333.0973140587739,325.3292865165317,327.6287795303837,1333900,DE,1556
2022-08-05,331.6962890625,332.923316081756,325.9089320196172,326.07316464000064,917100,DE,1556
2022-08-08,332.0827941894531,337.4257213435891,331.2035745963404,335.1455707827187,953200,DE,1556
2022-08-09,332.0538330078125,335.6866474905584,331.4934664793031,334.53690098107694,1146300,DE,1556
2022-08-10,340.4401550292969,345.16474753190073,336.7976993089271,337.0875684325517,1136200,DE,1556
2022-08-11,349.6767578125,351.20329561499557,345.1260693965002,348.3047814833725,1718800,DE,1556
2022-08-12,355.7057189941406,356.111494530691,349.4739007444627,350.1888877366012,1256500,DE,1556
2022-08-15,353.6670837402344,353.89898496195605,346.95220916537954,350.19853141732597,1196100,DE,1556
2022-08-16,357.46417236328125,360.73947869248474,350.7299552603422,351.9859665222942,1431500,DE,1556
2022-08-17,352.3531188964844,355.0197619154659,350.0246418304518,352.1405599676494,1722500,DE,1556
2022-08-18,355.5415344238281,357.4255811387714,350.4788038666492,352.12130764302134,1983500,DE,1556
2022-08-19,357.1549987792969,357.40621283168133,341.1068730997616,346.4981271634099,4242200,DE,1556
2022-08-22,357.1356506347656,360.4979086145608,349.0004735578807,351.0584235890806,2353600,DE,1556
2022-08-23,362.1983947753906,372.93254652502037,356.0245444283208,356.03421557907365,2389800,DE,1556
2022-08-24,368.478515625,369.41570322105383,361.46410063834514,365.94715084612903,1566300,DE,1556
2022-08-25,375.01947021484375,375.2899970614852,368.69105854240166,369.0775212540016,1325400,DE,1556
2022-08-26,366.5461730957031,379.63778600909416,365.8698412060274,377.94698577012105,1452800,DE,1556
2022-08-29,367.7345275878906,372.3914813845824,361.88920169370823,363.43508202070643,1323400,DE,1556
2022-08-30,356.26605224609375,366.9229221963306,353.1549789871333,366.4108525055023,1622700,DE,1556
2022-08-31,352.8941345214844,357.5124330354713,352.19848987361456,357.5124330354713,1500200,DE,1556
2022-09-01,351.4642028808594,352.4207327346941,345.1647751911386,346.8362625338234,1349900,DE,1556
2022-09-02,349.9667053222656,357.8506697290407,348.6140708742154,357.43522298521447,1141700,DE,1556
2022-09-06,348.8458557128906,352.61391840965433,343.45463208293825,350.9038055856033,1092600,DE,1556
2022-09-07,353.560791015625,354.55594645292007,345.1357745957744,345.7734513058683,913100,DE,1556
2022-09-08,356.014892578125,357.90858050292144,350.6236389806577,351.4545618208086,1227200,DE,1556
2022-09-09,359.6573181152344,362.5655035814677,359.512398296448,360.4012595084793,1240300,DE,1556
2022-09-12,361.3771667480469,363.280526002522,357.3192341847827,362.59455241406965,1129200,DE,1556
2022-09-13,351.0101318359375,358.8651116917834,349.7058237590948,353.1840179442985,1085700,DE,1556
2022-09-14,348.6913146972656,352.8941669356368,345.48361799938635,352.02461841723294,1121700,DE,1556
2022-09-15,346.6333923339844,352.26618956647707,346.18896163074544,348.6913426665834,970000,DE,1556
2022-09-16,342.5078125,344.0440217174159,337.319476024052,343.2807379414568,2422600,DE,1556
2022-09-19,350.4207763671875,350.9135333134009,337.71562585459714,338.4305833959915,1008700,DE,1556
2022-09-20,343.5609130859375,348.25652181174513,340.6141018655858,347.70579699161215,1434000,DE,1556
2022-09-21,337.97650146484375,348.8749164631626,337.97650146484375,348.1116326062017,1007100,DE,1556
2022-09-22,334.42095947265625,342.07302154892216,334.2277133707927,340.585138608391,1006400,DE,1556
2022-09-23,322.91387939453125,331.4934880812592,317.50331243589744,329.93793644373875,1717600,DE,1556
2022-09-26,321.00079345703125,327.3678597811349,319.57087858003365,319.851047071481,1331600,DE,1556
2022-09-27,324.3244934082031,330.13119447810374,321.0974836253535,324.5370523512756,1180100,DE,1556
2022-09-28,334.1986999511719,336.29530497927846,325.66741898815286,326.7591974485116,1292600,DE,1556
2022-09-29,330.5442810058594,334.0339039651065,328.0627779196948,330.5442810058594,1589500,DE,1556
2022-09-30,323.65234375,330.6024820341979,323.4293853159428,328.3730160210423,1697200,DE,1556
2022-10-03,333.500732421875,337.11637386939225,328.7800610191766,329.1968692662253,1536900,DE,1556
2022-10-04,349.242919921875,349.640352192373,339.2684200883569,339.3362808720206,1639000,DE,1556
2022-10-05,344.86138916015625,348.63212839320033,344.39612582616405,344.39612582616405,1073700,DE,1556
2022-10-06,344.5706481933594,348.3219822622124,342.215163487129,343.3783515680785,915100,DE,1556
2022-10-07,345.2297668457031,345.47210137663257,338.9775536968349,341.25547462209005,1351700,DE,1556
2022-10-10,348.65155029296875,354.079850029954,344.84205833636094,347.2751066400081,1366900,DE,1556
2022-10-11,352.1896057128906,358.9071413588645,345.18131004584825,345.87923467470847,1457200,DE,1556
2022-10-12,350.1346740722656,353.0911735942634,347.4593205180401,351.79226384058984,1179400,DE,1556
2022-10-13,355.9118957519531,357.09448945895696,338.3668696064777,343.25231250393574,1596600,DE,1556
2022-10-14,346.189453125,360.98153369256266,345.5012017156401,357.08480484356625,1231700,DE,1556
2022-10-17,351.4723205566406,355.9215791697259,349.90199746753444,350.3091325115283,1077100,DE,1556
2022-10-18,359.9249572753906,362.47432142207236,354.53543936074755,360.4580814416879,1214800,DE,1556
2022-10-19,359.9346618652344,363.06560526962716,356.2317828998011,358.6551283617045,817800,DE,1556
2022-10-20,354.3125,362.6100329014518,352.56770301470465,360.429021878905,788300,DE,1556
2022-10-21,371.31463623046875,371.8671660262969,351.93757780767635,353.38188205607094,1387500,DE,1556
2022-10-24,374.0579528808594,375.56041534119646,368.45514937647175,369.9673442673946,1059700,DE,1556
2022-10-25,379.6219177246094,380.4652372115741,371.3922460088248,372.22586264775657,1402500,DE,1556
2022-10-26,379.1856994628906,383.6349581277061,376.3164667533634,382.6656199545824,1157500,DE,1556
2022-10-27,382.49114990234375,392.9793961371731,381.60904860640136,385.79659665465965,2043100,DE,1556
2022-10-28,384.68182373046875,385.53484597566364,378.2066524428175,381.72532483147046,1712300,DE,1556
2022-10-31,383.6834411621094,393.5706727370263,382.89827961174944,383.7803808953823,1638400,DE,1556
2022-11-01,376.7914733886719,385.79663426537394,373.90286425545503,385.79663426537394,2269000,DE,1556
2022-11-02,374.1160888671875,385.1471326974091,373.82526965905095,376.79144217454797,1719300,DE,1556
2022-11-03,381.56060791015625,385.77723507953186,368.60056065413306,369.49233524984936,1627400,DE,1556
2022-11-04,382.975830078125,391.602934236139,381.4345858730855,388.3362691994967,1548500,DE,1556
2022-11-07,386.54296875,386.58175055945287,381.82229662757726,386.35879213241503,1186300,DE,1556
2022-11-08,392.1651611328125,396.23636380770404,386.32972625935344,387.551101852748,1360800,DE,1556
2022-11-09,384.91448974609375,392.4947213227439,384.2650497390935,388.07454164131974,2182800,DE,1556
2022-11-10,395.11187744140625,395.50930960086174,383.15024917933414,393.8517497801867,2370900,DE,1556
2022-11-11,393.5803527832031,400.8213096695769,392.7273305107859,394.14255587265,1519200,DE,1556
2022-11-14,394.4624938964844,397.8939594458704,389.99382936182633,392.1748403362755,2035700,DE,1556
2022-11-15,394.4915466308594,400.30757550936517,389.48005539786504,399.13468463511856,1701100,DE,1556
2022-11-16,393.93902587890625,396.0521759872184,389.7223989283096,394.76296923874634,1101600,DE,1556
2022-11-17,400.3269348144531,400.9473254014016,389.25711021298565,390.30398235114694,1284100,DE,1556
2022-11-18,401.5580749511719,403.26409016417676,398.66943630202906,402.37231553548565,1590800,DE,1556
2022-11-21,399.0765380859375,402.54675573299323,394.0456705961099,400.5790004229616,1326000,DE,1556
2022-11-22,403.7874450683594,404.04915568547585,398.8341419630752,401.30594209249955,2195200,DE,1556
2022-11-23,424.1048278808594,434.651231963037,415.7297614273882,416.3501224771233,5080300,DE,1556
2022-11-25,427.9337158203125,428.844896051175,419.28720647484704,422.4084765124743,1135500,DE,1556
2022-11-28,427.6816711425781,430.0371852976944,423.52323183378445,423.9691190938855,1974800,DE,1556
2022-11-29,427.44903564453125,430.89987701493135,422.84467953483903,430.1825762661404,1643100,DE,1556
2022-11-30,427.4781188964844,428.1469645783128,419.6458797567543,427.68167162256407,2397200,DE,1556
2022-12-01,428.2633361816406,430.8805613279797,422.99013365732714,426.8287049010157,1747400,DE,1556
2022-12-02,431.94677734375,433.9727201961512,425.20019181338046,428.67043910501945,1471200,DE,1556
2022-12-05,423.494140625,428.6025418097789,421.6620773997675,427.5459668208293,1467600,DE,1556
2022-12-06,424.8125,425.7915411262055,420.3632408572957,425.6655224170674,1015900,DE,1556
2022-12-07,427.1388854980469,428.2924003592808,422.36005511970944,422.8544270836254,1433800,DE,1556
2022-12-08,429.3489685058594,429.89179553975595,424.1824088354976,429.7173217606866,1200200,DE,1556
2022-12-09,421.47796630859375,430.9096382243832,421.0611579565929,429.78520229337516,1340400,DE,1556
2022-12-12,423.64923095703125,424.0079109249554,418.4051375439351,422.7477535679573,1591700,DE,1556
2022-12-13,423.784912109375,426.17917831944465,419.49075156986737,425.38431400442715,1675500,DE,1556
2022-12-14,424.99664306640625,428.68981924439413,421.05142949005193,426.17923685449256,1767500,DE,1556
2022-12-15,416.6118469238281,423.4262928557628,413.0059078645118,421.662090343646,1561900,DE,1556
2022-12-16,417.8719787597656,419.723418172659,408.73112712183945,411.7360812976447,3097300,DE,1556
2022-12-19,419.4035949707031,421.31319251252023,416.5246591758186,418.7929071381737,1327700,DE,1556
2022-12-20,422.0111083984375,423.6396192258442,416.55375861419225,418.82200668803415,985200,DE,1556
2022-12-21,428.0985412597656,430.8805371893434,422.6799146338833,424.42474116098003,1220500,DE,1556
2022-12-22,422.4957275390625,427.02254988357384,417.164367516209,426.8383732616906,1223600,DE,1556
2022-12-23,423.532958984375,424.45384216442665,419.9367223214871,422.52486849257286,735600,DE,1556
2022-12-27,422.77685546875,428.68982448141634,422.38912610011795,424.6185921561432,713800,DE,1556
2022-12-28,416.9898986816406,424.47319074926907,416.64095112984677,423.60079228793023,821700,DE,1556
2022-12-29,416.6594543457031,419.6922450760665,414.4917725404697,417.71898510313093,835300,DE,1556
2022-12-30,416.7760314941406,417.7286211979487,412.9461533707024,414.94857334412217,760200,DE,1556
2023-01-03,412.4310607910156,416.19288916145365,408.4553802557786,416.0373576175445,1166300,DE,1556
2023-01-04,411.6436462402344,414.44312465250295,408.4650245150073,412.08105083686786,1050800,DE,1556
2023-01-05,403.13824462890625,411.65338113577377,401.07747403037854,410.75911188670995,1485000,DE,1556
2023-01-06,414.5500183105469,416.5621682195712,404.3823872067901,404.5670790147451,1042200,DE,1556
2023-01-09,416.2317810058594,422.1418313732617,414.5501239916814,415.9498782274415,1200300,DE,1556
2023-01-10,425.2037048339844,425.7091896772183,414.958322073006,414.958322073006,1079200,DE,1556
2023-01-11,421.3641357421875,427.58524820089434,418.06887285511226,427.4491469970675,1130000,DE,1556
2023-01-12,423.90118408203125,427.68247195704924,419.2450573398297,422.8416533838794,1205500,DE,1556
2023-01-13,427.3422546386719,427.95465075373284,421.10168192400954,421.762698327415,985700,DE,1556
2023-01-17,425.9522399902344,432.69826806669647,425.446755102046,427.77966872069607,1767700,DE,1556
2023-01-18,414.0834655761719,430.73468262310087,413.7335419034357,426.81732329763673,1390800,DE,1556
2023-01-19,397.1795349121094,411.43948817297235,396.47965790353544,410.4188477984123,2241000,DE,1556
2023-01-20,399.1236572265625,399.92074518888523,394.7202727814853,398.87091478372696,2781500,DE,1556
2023-01-23,397.8988342285156,402.0106152792108,395.95473476211475,399.9498745911624,1390500,DE,1556
2023-01-24,405.0240173339844,407.45414191867707,393.68991271122496,397.0823571387818,1319700,DE,1556
2023-01-25,402.07867431640625,403.7991917010134,397.801631668901,401.62180974563205,1002000,DE,1556
2023-01-26,409.4273986816406,409.5343099235168,400.15403503314167,406.06408492430467,1191100,DE,1556
2023-01-27,406.49176025390625,411.05067598730534,405.9474147631665,409.4273695053292,1324500,DE,1556
2023-01-30,408.84417724609375,413.8502280945865,406.3168416759534,407.0264487533543,1376100,DE,1556
2023-01-31,411.021484375,411.2159061774291,404.4309887112444,410.0202743881549,1269800,DE,1556
2023-02-01,415.0555114746094,417.816129192983,406.8028186252788,410.2438830315674,1112100,DE,1556
2023-02-02,395.18682861328125,414.8125161648373,390.6376427345273,414.6958749368598,2551300,DE,1556
2023-02-03,394.71051025390625,402.14668474160595,393.6023889893684,395.1382145074762,2295500,DE,1556
2023-02-06,398.76397705078125,401.36906324448034,393.6995765274183,394.1661710836675,1378100,DE,1556
2023-02-07,398.0738220214844,401.8551099692416,393.4663154783076,396.7907388350819,1313100,DE,1556
2023-02-08,396.294921875,399.9984286467753,394.67158591652424,394.7104762083862,1061500,DE,1556
2023-02-09,396.6060485839844,400.9997030028678,395.7506400132305,399.59021892633854,1262700,DE,1556
2023-02-10,406.11273193359375,406.74455842930337,396.75188674461094,397.23791168971195,1357000,DE,1556
2023-02-13,403.7214050292969,411.55615321673963,402.56469313137154,407.65822427084197,1428400,DE,1556
2023-02-14,397.8697204589844,403.77007014913625,392.84423936272276,403.77007014913625,1503000,DE,1556
2023-02-15,398.579345703125,402.4286549662773,394.1856612094481,395.3035423160412,1424800,DE,1556
2023-02-16,391.6971740722656,397.8308058583374,391.5708028535514,393.65100363785103,2122500,DE,1556
2023-02-17,421.1988830566406,424.1830829671488,403.8866790429153,407.28885323461253,4888700,DE,1556
2023-02-21,415.2305603027344,425.64120621171253,413.77248548269677,419.8477972328534,1936300,DE,1556
2023-02-22,414.49169921875,418.9436736106119,409.9522142526097,417.37868789649804,1356300,DE,1556
2023-02-23,413.16973876953125,419.31310037442756,408.55250240788433,417.96196663314,1086900,DE,1556
2023-02-24,405.7530212402344,411.8671928324675,403.60476992605095,411.76028159857094,1031200,DE,1556
2023-02-27,409.8453369140625,411.1576099969167,405.08229911759526,406.8902973962715,920200,DE,1556
2023-02-28,407.52215576171875,410.3897145875375,405.51973551198853,410.00090059368233,1465200,DE,1556
2023-03-01,408.01788330078125,412.0032932159134,405.1600546574419,406.6472895910488,1354000,DE,1556
2023-03-02,409.5634765625,411.42982531017253,406.0835511831673,406.0835511831673,959800,DE,1556
2023-03-03,418.2535705566406,419.60473396531495,410.21472970127786,410.95346734873146,1097400,DE,1556
2023-03-06,413.8113098144531,419.9255113294835,413.7140989020576,418.2730148125762,1007500,DE,1556
2023-03-07,406.46258544921875,414.99718082447885,406.2195730186423,413.6557474613604,1181500,DE,1556
2023-03-08,412.4310607910156,414.20989905737304,406.5696010747173,407.0750563439654,1365900,DE,1556
2023-03-09,409.6412353515625,420.79064762393074,409.11632015913267,414.112640651666,2082000,DE,1556
2023-03-10,384.8636474609375,408.03730976433695,384.03739924682213,406.65701574204894,2354300,DE,1556
2023-03-13,387.0896911621094,391.4541854813735,375.4445233187034,378.0010191620111,2000700,DE,1556
2023-03-14,391.2014465332031,394.982704758636,386.1467758022343,393.0580355115029,1636600,DE,1556
2023-03-15,379.56597900390625,385.4177075412913,371.7118007853387,383.65829995065184,1964100,DE,1556
2023-03-16,380.1783752441406,382.3460569329544,373.9281022777962,376.7665006880266,1621800,DE,1556
2023-03-17,374.7251892089844,379.0702529007934,370.73007886265384,376.37768569650024,3124500,DE,1556
2023-03-20,383.4736022949219,385.5926634973512,376.65952448263596,378.28286051562503,1325100,DE,1556
2023-03-21,391.3375549316406,393.2330640504166,388.56720685981725,389.5878770255458,1341700,DE,1556
2023-03-22,383.9305419921875,392.9122733837415,383.77501045175524,392.35822749767374,1202400,DE,1556
2023-03-23,380.897705078125,389.5100517282982,378.1759479464375,383.95965589474446,1566800,DE,1556
2023-03-24,375.6972351074219,377.7288155615749,370.83698627032715,376.55264364908726,1361500,DE,1556
2023-03-27,382.0253601074219,383.9888903259556,375.7750563876589,379.86740803316354,1392700,DE,1556
2023-03-28,384.2998962402344,385.83572187931037,381.4226371242685,383.3958970413237,982000,DE,1556
2023-03-29,389.5877990722656,390.491798154045,385.5246088697849,388.4796481994249,1455000,DE,1556
2023-03-30,393.6441650390625,396.3744073565126,391.96700768479764,392.279014122928,1267900,DE,1556
2023-03-31,402.5954895019531,403.25854409633,395.8868601161395,395.8868601161395,1779200,DE,1556
2023-04-03,404.6529846191406,408.9531392880425,402.7613057918029,402.7613057918029,1632200,DE,1556
2023-04-04,387.7546691894531,404.5457364712642,385.8727508052962,403.18061509823366,1801600,DE,1556
2023-04-05,364.5085144042969,384.38087318081176,360.8714143649751,383.5715310096563,3265700,DE,1556
2023-04-06,360.4423522949219,363.9039429121853,356.9807914350717,362.91909156151905,1848500,DE,1556
2023-04-10,367.9309997558594,369.17911479392245,359.3307214854515,360.0912911218116,1486500,DE,1556
2023-04-11,371.3438415527344,376.55085296576095,368.4283293846103,368.4283293846103,1543800,DE,1556
2023-04-12,374.8152160644531,379.06659822660004,373.2647953025458,373.93761042339963,2166100,DE,1556
2023-04-13,375.1564636230469,377.72095745314294,369.6179544487008,376.11206341842717,1627000,DE,1556
2023-04-14,378.1109619140625,380.1391675125385,375.6050010868014,377.0383858027994,1113200,DE,1556
2023-04-17,381.67010498046875,383.4642687210922,379.3103718361949,379.62240807562864,1116600,DE,1556
2023-04-18,386.8088073730469,389.65605610650607,382.235628720265,383.4252407958644,1402000,DE,1556
2023-04-19,382.9864196777344,386.51627352548405,380.41219532616697,385.39489525014835,860000,DE,1556
2023-04-20,380.6364440917969,382.60614662336786,376.3948227651996,380.9874922662733,1336300,DE,1556
2023-04-21,377.06768798828125,380.8022732901746,375.70253683163975,380.1977216531895,2556900,DE,1556
2023-04-24,378.374267578125,382.87918261313735,376.6386070287607,377.6722009650444,1132800,DE,1556
2023-04-25,370.01776123046875,376.11207962257106,369.21817951564555,375.42950405969,1688400,DE,1556
2023-04-26,365.27880859375,368.76965087894996,363.1141352394359,365.6591083499929,1416500,DE,1556
2023-04-27,362.5875244140625,364.68396370849837,356.77599150629067,363.14333331871217,2741600,DE,1556
2023-04-28,368.60382080078125,368.9938809344312,361.75869396193207,362.55827557554016,1999300,DE,1556
2023-05-01,372.6017761230469,375.03950367515245,369.97877889638795,370.48584527197244,1184100,DE,1556
2023-05-02,374.2398681640625,377.2431647412056,364.91800172380925,374.444658674376,1547800,DE,1556
2023-05-03,372.6992492675781,380.29521579786956,372.62125508794423,375.6635339696892,1235400,DE,1556
2023-05-04,364.2842102050781,374.45440127439497,364.03067704561244,372.58224338770214,1382900,DE,1556
2023-05-05,371.5973815917969,373.19654492588563,366.6731845281881,368.6818693696034,1862600,DE,1556
2023-05-08,370.7783508300781,379.58342132418807,369.41322938863,376.37536361872327,1106500,DE,1556
2023-05-09,371.938720703125,373.1478240444261,366.99500209454754,368.33087202951725,1478700,DE,1556
2023-05-10,370.91485595703125,376.63863499831956,366.790210579206,376.0925864539747,1014600,DE,1556
2023-05-11,363.504150390625,367.6092748090697,360.9494169555253,366.53666885151284,1825100,DE,1556
2023-05-12,364.6645202636719,368.09682965801267,362.0512539302003,366.7511994003283,1330500,DE,1556
2023-05-15,360.9883728027344,365.4543055296528,360.64708505606245,365.0740058171698,1466300,DE,1556
2023-05-16,353.6459655761719,359.65252917778434,353.23644405641033,358.8334563808481,2181300,DE,1556
2023-05-17,358.90167236328125,363.44559899210014,355.03056075667996,355.9081365116652,1843900,DE,1556
2023-05-18,361.29071044921875,361.91478297941455,356.5907943948768,358.18992817802547,2034300,DE,1556
2023-05-19,354.4942626953125,383.21069981329333,352.46608684299656,381.0850089255733,7518400,DE,1556
2023-05-22,351.5202941894531,356.73703682308195,347.0056182435312,350.7304728854598,2936200,DE,1556
2023-05-23,351.50079345703125,353.9970238877607,345.6209962675328,348.3804905399124,2111400,DE,1556
2023-05-24,345.2601623535156,349.7553467406369,344.2070773065754,349.4042985533823,1717000,DE,1556
2023-05-25,346.040283203125,348.48777102489254,342.07165587069323,344.8506710465887,1540000,DE,1556
2023-05-26,348.3122253417969,350.6231861017525,346.4400674065426,347.8051887671267,1412900,DE,1556
2023-05-30,341.8961486816406,348.17573685594147,337.81051517129043,346.15729142332737,2094800,DE,1556
2023-05-31,337.3619689941406,341.4963449943807,336.9426572806943,339.5266720382578,3384700,DE,1556
2023-06-01,343.7878112792969,346.8008386378254,338.1907691883143,340.53101119185106,2116800,DE,1556
2023-06-02,361.8269958496094,362.8703502787397,348.76078343613415,351.1009956992708,2855300,DE,1556
2023-06-05,354.591796875,361.95375096302354,354.1042514290678,361.95375096302354,1476800,DE,1556
2023-06-06,364.3817443847656,365.13255371369024,352.78789854984154,353.19744984760973,1927600,DE,1556
2023-06-07,372.3092346191406,374.37642267722,360.8616466019392,364.66452512255745,1928800,DE,1556
2023-06-08,371.2853698730469,374.43492435043447,369.12066677634937,372.26046082187617,1317100,DE,1556
2023-06-09,369.4326477050781,373.8205563177901,367.67749616295725,372.2214228750104,1254800,DE,1556
2023-06-12,377.4869079589844,378.40349569593275,368.5648330480691,369.237648083859,1527000,DE,1556
2023-06-13,388.3201904296875,390.8066900787257,379.5053901204761,380.1099417171905,2141700,DE,1556
2023-06-14,389.11004638671875,395.0288558184831,388.3884885788464,390.0363947271619,1900100,DE,1556
2023-06-15,396.39398193359375,397.8371273238106,389.55861427025434,390.24116011464474,1471200,DE,1556
2023-06-16,397.4762878417969,399.7385057549786,395.38957913979016,397.612785086907,2119900,DE,1556
2023-06-20,397.8175964355469,398.77316647362153,390.03636033421077,391.8305240208586,1700700,DE,1556
2023-06-21,406.213134765625,407.5880165742412,394.94108577875824,396.7840219554398,1868200,DE,1556
2023-06-22,405.33551025390625,407.95850697205645,401.7179315999821,404.4969166646998,1518000,DE,1556
2023-06-23,394.3755187988281,401.08411906516477,394.00497950279134,400.8403463448681,2033400,DE,1556
2023-06-26,399.9725036621094,405.4915212441968,394.86303731545615,394.86303731545615,1360400,DE,1556
2023-06-27,399.3094787597656,401.24990010301946,390.6506669198073,400.50882150633817,1404900,DE,1556
2023-06-28,395.10687255859375,402.5175401173775,394.7558243358831,399.8945430300626,1676100,DE,1556
2023-06-29,392.837646484375,396.9261320684014,386.3527835939545,392.89633059518906,1871600,DE,1556
2023-06-30,396.3197021484375,399.6550550138816,394.4906444140479,396.59357127685684,1847900,DE,1556
2023-07-03,397.5814514160156,398.39326812812516,390.9694301073121,393.4244913617735,652600,DE,1556
2023-07-05,395.8013000488281,399.8897854941311,394.93076935212946,397.11196156169814,1398600,DE,1556
2023-07-06,392.3876953125,395.8697582548399,390.99876847955795,394.12872678366995,1390700,DE,1556
2023-07-07,396.40771484375,399.4887498961537,390.6857755467173,390.6857755467173,1013900,DE,1556
2023-07-10,398.1780700683594,399.791942654856,393.1310280918746,394.3145605248668,1005500,DE,1556
2023-07-11,404.7411804199219,405.4258681321988,401.4254089863681,401.4254089863681,1131200,DE,1556
2023-07-12,398.74542236328125,408.86881935234106,398.57913081909976,407.8711596357414,1376000,DE,1556
2023-07-13,400.584228515625,402.20789181959105,396.2316646403714,399.27356702074775,999400,DE,1556
2023-07-14,405.5334777832031,405.86606088083647,400.12453994683256,404.1347900441166,984200,DE,1556
2023-07-17,411.3923645019531,414.1506371224667,405.8269257848269,405.8856098959445,1509100,DE,1556
2023-07-18,422.11236572265625,422.50360302656486,411.5292280022925,412.096547465029,1575900,DE,1556
2023-07-19,426.6214904785156,428.225572494081,422.1808706454407,422.7872929872823,1664800,DE,1556
2023-07-20,430.0057678222656,430.3774537617946,425.5260149767283,429.1743697758714,1284900,DE,1556
2023-07-21,427.3648376464844,430.6023736200982,425.7803070309387,429.3993195561815,1195300,DE,1556
2023-07-24,432.90093994140625,437.2144010369316,426.6997370298913,427.3844247654969,1301700,DE,1556
2023-07-25,436.5590515136719,440.1487220024477,430.83714200723654,431.3848802511022,1160700,DE,1556
2023-07-26,423.4720153808594,436.930765766534,422.06353699115544,433.82038842656175,1759500,DE,1556
2023-07-27,419.2367248535156,424.4989516568862,415.167791228045,424.0001069314425,1977000,DE,1556
2023-07-28,417.75982666015625,420.71373286501074,415.7253745057073,419.37372925397267,1194700,DE,1556
2023-07-31,420.1953430175781,423.4133277694943,417.5837806521482,420.09752621503253,1169600,DE,1556
2023-08-01,423.9512634277344,429.19390958164183,420.596359126667,421.9070206651439,1115800,DE,1556
2023-08-02,421.1049499511719,425.43796239933636,417.6913616596625,421.2125573820121,1077900,DE,1556
2023-08-03,414.65924072265625,419.91167758908546,412.01833633698385,417.8674347962562,1083400,DE,1556
2023-08-04,414.7570495605469,420.5865666379488,414.0723618145936,419.09006214133314,961200,DE,1556
2023-08-07,421.8678283691406,423.34478124351466,414.8548095732094,415.4709926408267,1009400,DE,1556
2023-08-08,421.03643798828125,421.64286028278616,415.1091048169376,417.6521920499035,1354400,DE,1556
2023-08-09,426.5431823730469,429.7611665656908,423.0122262559465,423.52083175149374,1361300,DE,1556
2023-08-10,425.0565185546875,431.80545965567813,424.6554905815792,427.1203126790423,1283900,DE,1556
2023-08-11,425.5456237792969,427.82460319088676,423.10035280787037,425.75101818303693,1216400,DE,1556
2023-08-14,428.0592956542969,428.79287681916963,424.6848103560847,425.97592037013925,1058500,DE,1556
2023-08-15,422.22979736328125,425.67275779371926,420.1855545324574,424.0393037463925,1576800,DE,1556
2023-08-16,414.65924072265625,426.2009068796387,413.9354501226632,418.63035808663983,1870300,DE,1556
2023-08-17,409.9838562011719,416.1068233763435,406.6680549176476,412.5464950311845,2149200,DE,1556
2023-08-18,388.3285217285156,403.9098086383926,386.7244397406616,398.7845011759448,4230600,DE,1556
2023-08-21,382.23492431640625,389.2870763108115,377.05093277744504,387.35041126575885,2549100,DE,1556
2023-08-22,376.777099609375,384.48459798821716,375.83812397500003,384.14225410448233,1664400,DE,1556
2023-08-23,385.6485595703125,386.99835387107424,376.73800681741136,376.73800681741136,1582200,DE,1556
2023-08-24,378.17578125,383.5162438402986,377.39327675449283,381.843687120987,1379900,DE,1556
2023-08-25,381.6676330566406,383.4575879691977,377.764990474388,379.7016556626883,1099900,DE,1556
2023-08-28,386.049560546875,387.3308800094516,382.90984131677845,384.308528997378,1247000,DE,1556
2023-08-29,395.2535705566406,396.740284428916,384.66064093700174,385.5703043429004,1875600,DE,1556
2023-08-30,404.2227783203125,406.4919965825855,394.6275389516995,395.0285669087861,1815500,DE,1556
2023-08-31,401.9438171386719,408.15481065825475,401.68949943519266,404.98571954784563,1515500,DE,1556
2023-09-01,409.7295227050781,410.21857680948847,405.5040880790944,405.59214408544267,1249300,DE,1556
2023-09-05,405.3573913574219,414.0821300053032,404.799862495893,411.6857528738513,1474000,DE,1556
2023-09-06,405.220458984375,407.3135950336169,401.65036998508117,403.09795103329697,1002600,DE,1556
2023-09-07,402.7165222167969,406.33550484736315,396.525080252467,402.15899334806664,1028800,DE,1556
2023-09-08,390.9107971191406,404.134811616335,390.32392612366334,402.4915967085976,1837500,DE,1556
2023-09-11,391.605224609375,395.15576259874365,388.99369210197796,394.47107483265984,1428200,DE,1556
2023-09-12,393.4538269042969,396.82828239455546,390.55860504632255,390.66621247356545,1127800,DE,1556
2023-09-13,393.4244689941406,397.9922175371562,390.9302751937025,393.0429924713292,1104200,DE,1556
2023-09-14,402.6676330566406,403.1273451690612,396.26103538838385,397.39564464136856,1272400,DE,1556
2023-09-15,403.0881652832031,405.7877535293856,400.02671162007607,402.77519333759034,1985000,DE,1556
2023-09-18,401.8460388183594,404.54562746917867,398.5889510827176,401.9438556251786,969300,DE,1556
2023-09-19,389.9620056152344,395.10686489236235,389.68813648163234,393.7766220652261,1957300,DE,1556
2023-09-20,393.5222473144531,400.1929522047174,390.8031077929851,392.9354062914325,1289700,DE,1556
2023-09-21,379.1539001464844,390.95964415633813,377.58892096094723,390.29453770357077,2209100,DE,1556
2023-09-22,372.5320739746094,375.16318748142555,369.3043287797502,373.3732625678023,2410500,DE,1556
2023-09-25,375.9750671386719,376.77709326625177,370.0770453812278,370.7421817168139,1383600,DE,1556
2023-09-26,371.3192138671875,373.5101666427856,368.98152098471155,369.72489275478637,1270400,DE,1556
2023-09-27,375.9456481933594,377.9018645661407,371.9451892929607,373.4123515725467,1403900,DE,1556
2023-09-28,377.6339416503906,381.9429556700378,375.9358394768932,376.9173951935431,1309200,DE,1556
2023-09-29,370.4195556640625,379.84249792180293,368.7901693400303,376.65244137314704,2124000,DE,1556
2023-10-02,366.9447937011719,373.60956555317455,363.71546693405867,372.19612289330087,1989800,DE,1556
2023-10-03,365.9043884277344,366.95466037597066,363.66644228876106,365.5412175561236,1212200,DE,1556
2023-10-04,370.0465393066406,371.59738430191345,363.3327011800981,365.5117562702247,1219000,DE,1556
2023-10-05,368.76068115234375,371.86240090882063,366.31661692672196,368.78030148359903,997200,DE,1556
2023-10-06,371.55816650390625,374.83655950708373,365.45288780932344,366.55222558826824,1203400,DE,1556
2023-10-09,375.876953125,376.81923823718546,370.56673303844764,371.4501272032905,831200,DE,1556
2023-10-10,383.63128662109375,384.72082919615843,379.00816693320013,379.1750146538476,1317400,DE,1556
2023-10-11,382.1785583496094,385.25083284813144,380.23509700387297,384.16132027003147,942500,DE,1556
2023-10-12,375.2291259765625,383.7882932021751,370.89063643855513,382.6104143357856,1375200,DE,1556
2023-10-13,373.6390075683594,378.7038387269042,371.7740576733383,375.9358443807163,1074200,DE,1556
2023-10-16,383.3368225097656,385.3391748370093,376.97632994312073,377.84992901070495,1202600,DE,1556
2023-10-17,383.9060974121094,388.0188185859413,380.86326845932774,381.7270423509257,899800,DE,1556
2023-10-18,375.1800842285156,383.18958315131135,371.0575378865144,381.1969961207363,1495000,DE,1556
2023-10-19,374.3359375,379.24371658976526,373.2365997766456,374.6009767418594,1348000,DE,1556
2023-10-20,368.23065185546875,375.3567565388419,367.90675162199983,373.3740246093553,1468100,DE,1556
2023-10-23,366.38531494140625,373.20713958915877,364.62835166391517,366.32642399102696,1308100,DE,1556
2023-10-24,366.6798400878906,370.87107294388215,364.73634864691707,368.750908632286,899100,DE,1556
2023-10-25,365.0504150390625,369.0551494557052,364.20626148879876,365.37431526754983,773900,DE,1556
2023-10-26,362.72412109375,367.88708398167023,362.65540500195965,364.15718410479667,1124900,DE,1556
2023-10-27,354.4888916015625,363.0677101569978,352.18222934773195,362.19411106641,1436400,DE,1556
2023-10-30,361.0162353515625,362.52783977176136,354.9993230579596,358.49365954278767,1277500,DE,1556
2023-10-31,358.6212158203125,359.1512643442276,352.7613564000034,355.3232026819653,1233200,DE,1556
2023-11-01,363.6369934082031,365.50194351410903,354.69500412529277,358.15009985467503,1073000,DE,1556
2023-11-02,366.66998291015625,371.4305345396473,365.0405966846652,368.5742035619527,1259300,DE,1556
2023-11-03,375.150634765625,377.5358081452149,370.5176902405418,372.50042215183254,1172900,DE,1556
2023-11-06,371.2735290527344,377.45731940537064,368.2503499803746,376.2107541629009,925900,DE,1556
2023-11-07,362.4296569824219,365.63936364578865,356.3145834692224,360.1328199861271,1711400,DE,1556
2023-11-08,362.5572814941406,366.1792249967214,362.34133800777755,363.96089917814686,1178000,DE,1556
2023-11-09,362.80267333984375,367.2687704899405,360.9867890020992,366.73872193652846,1094900,DE,1556
2023-11-10,367.0920715332031,367.6221200921947,362.21373764387334,365.482335477162,1311800,DE,1556
2023-11-13,362.9400939941406,366.7387102708959,360.35859736345293,365.98289310930954,1418100,DE,1556
2023-11-14,368.0441589355469,371.4501588018873,363.7645899728423,366.7975938378136,2115800,DE,1556
2023-11-15,373.84515380859375,374.9641418020114,366.5620265266691,370.0072670251949,1515500,DE,1556
2023-11-16,371.5777893066406,375.8377382057123,368.4760691498886,374.34578406076025,1736200,DE,1556
2023-11-17,377.06463623046875,378.2032444976269,372.4218966934039,375.346913664056,1342600,DE,1556
2023-11-20,373.31512451171875,377.73212585164214,372.4415553787151,375.45493903752595,2197300,DE,1556
2023-11-21,375.5923156738281,376.42664408320655,372.0979794706316,372.99119883081744,2163100,DE,1556
2023-11-22,363.921630859375,366.4540315936606,349.1001325789868,354.3220165217491,6304700,DE,1556
2023-11-24,363.3621520996094,364.54003106775275,360.0739341053567,363.6860523407603,1275300,DE,1556
2023-11-27,355.52935791015625,362.203956073542,355.11712120243527,361.5659207680299,2322200,DE,1556
2023-11-28,353.3796691894531,357.1390442616732,352.14292938764316,355.3231602418723,1904600,DE,1556
2023-11-29,357.2274475097656,361.5659077022148,353.01656441909944,356.04956847799485,2263500,DE,1556
2023-11-30,357.68878173828125,360.36844007372383,354.7244937650979,357.904725230017,1950200,DE,1556
2023-12-01,362.007568359375,364.06884139455826,356.8642258916275,358.1795069824368,1764100,DE,1556
2023-12-04,362.1253967285156,363.5388395651964,357.31577899897775,358.7390469797782,1405900,DE,1556
2023-12-05,354.4790954589844,361.15366328368316,354.1158946310838,360.9966107524928,1572700,DE,1556
2023-12-06,358.79791259765625,363.05786114040313,355.81397460263656,356.32437283078633,3218300,DE,1556
2023-12-07,354.5575866699219,358.6114169097659,353.53676025234404,358.2776915328994,2753800,DE,1556
2023-12-08,356.96240234375,357.45318023189543,354.2140281973127,355.12686788013394,2060200,DE,1556
2023-12-11,354.37109375,359.1807112397837,354.28275732144937,357.7672684735615,2057900,DE,1556
2023-12-12,352.7613525390625,354.7048138476368,349.041247678194,354.2925771872083,1832000,DE,1556
2023-12-13,370.0563659667969,370.84159863387606,351.9073786484705,352.72208674640365,3406900,DE,1556
2023-12-14,381.2558898925781,388.0384136279114,373.1286096449613,374.20829698438496,3576000,DE,1556
2023-12-15,378.9492492675781,380.6669718920692,375.3960221170979,378.81181707936025,3891400,DE,1556
2023-12-18,375.7003479003906,382.4534573216486,375.63163179788904,379.6952576694067,1404400,DE,1556
2023-12-19,386.67413330078125,386.9096971310663,376.2303641557472,377.8106847297998,2078500,DE,1556
2023-12-20,380.1173095703125,388.1464288437037,379.7835841921074,386.89003861499384,1592100,DE,1556
2023-12-21,386.08514404296875,386.19313075441335,381.92335715218627,383.72941617940705,923300,DE,1556
2023-12-22,389.5010070800781,390.42367199320665,385.84961804963757,386.0459112505898,1077300,DE,1556
2023-12-26,393.8689270019531,395.9007549133309,389.3930344739583,389.5304666788441,966100,DE,1556
2023-12-27,394.23211669921875,395.12530618687975,391.9352495875791,392.7401325956095,823500,DE,1556
2023-12-28,393.3356018066406,395.10888053347225,392.4489323784809,394.90200503044883,1125200,DE,1556
2023-12-29,393.9365539550781,394.8035009509316,391.85787746411853,393.5523565747198,1104000,DE,1556
2024-01-02,394.96112060546875,400.54696975753075,392.09429688729233,393.19767301289744,1414600,DE,1556
2024-01-03,387.5133056640625,391.70024229433386,387.42464473142616,390.73477314216314,1397600,DE,1556
2024-01-04,386.5675354003906,392.6361037831705,386.28183014727415,388.656072969947,1332100,DE,1556
2024-01-05,390.08453369140625,391.3357080204239,382.30176396270076,384.6365918748382,1100300,DE,1556
2024-01-08,392.0745849609375,392.42922867019337,384.7351197531584,387.69060425592966,1233300,DE,1556
2024-01-09,387.3852233886719,390.9613646024069,384.2228632517489,389.8382660115917,1012400,DE,1556
2024-01-10,387.867919921875,388.3211158516839,384.8533281823275,387.30640072451257,1003900,DE,1556
2024-01-11,384.4296875,390.01556593607717,384.153843507153,388.9811284143456,1190600,DE,1556
2024-01-12,380.7748107910156,389.3851133542727,380.0260783716906,386.21289187337607,1221500,DE,1556
2024-01-16,379.6319885253906,383.57263450969003,378.302014492741,380.026047110872,1292900,DE,1556
2024-01-17,372.99200439453125,376.35140892725065,371.8886282559332,375.54359929597024,1466300,DE,1556
2024-01-18,375.73077392578125,376.0952788849836,370.63747553882706,373.4747455825293,1125900,DE,1556
2024-01-19,377.041015625,378.67638734507375,371.7309806365005,376.93263222485535,1223100,DE,1556
2024-01-22,378.8832702636719,381.3855889749265,375.9277856654912,376.29229062224107,1113600,DE,1556
2024-01-23,381.710693359375,384.0947975864216,378.9128381093317,381.4348493224621,955000,DE,1556
2024-01-24,382.6466064453125,387.3359851077824,380.6664220821738,384.1539024347142,1447800,DE,1556
2024-01-25,387.1783752441406,389.13883723378945,382.8338089219381,387.3064510642226,1103500,DE,1556
2024-01-26,387.7792663574219,390.8332730324815,387.2374395561704,387.9368958058161,884900,DE,1556
2024-01-29,391.7790222167969,392.28146420778853,386.90249077945583,388.1043890246614,969400,DE,1556
2024-01-30,391.0401916503906,392.8528854096966,388.5575952100959,389.27677401055956,1098300,DE,1556
2024-01-31,387.7398681640625,392.09429542719374,386.9221973091215,391.4243927912488,1342400,DE,1556
2024-02-01,387.83837890625,391.3061666885025,383.74010338660656,389.2175990174897,1485600,DE,1556
2024-02-02,386.7744140625,389.2175953609596,380.8929986570172,384.4494172699009,1666900,DE,1556
2024-02-05,380.3019104003906,387.7990053991296,377.47450157372526,386.1833260326097,2164000,DE,1556
2024-02-06,383.1293029785156,388.3211233471948,382.3806006793332,383.43470063964463,1740600,DE,1556
2024-02-07,380.2231140136719,386.0158387001805,379.89799386440546,384.6366185367261,1671500,DE,1556
2024-02-08,380.1048889160156,381.819090553137,378.56803921704216,380.1541650351247,1142000,DE,1556
2024-02-09,375.63226318359375,379.9472756675682,374.8047310731356,378.4695333135904,1426300,DE,1556
2024-02-12,383.6120300292969,385.700567485222,378.62708545115186,378.62708545115186,1698100,DE,1556
2024-02-13,373.6422119140625,379.681257052895,369.9380249135441,378.92269347931494,1765200,DE,1556
2024-02-14,379.0704345703125,379.83885932516046,371.53395523146855,377.3168483315701,2409000,DE,1556
2024-02-15,359.2489929199219,366.48007465617513,355.4167002888117,361.65278936316867,4933800,DE,1556
2024-02-16,355.32806396484375,358.59880755700135,352.94398982778233,355.63346164302317,2273400,DE,1556
2024-02-20,352.0770263671875,355.3379085704167,349.81113684817825,354.1655639646311,1973600,DE,1556
2024-02-21,351.9883728027344,353.2789320067346,349.2003488260359,351.29874770322925,1364300,DE,1556
2024-02-22,351.4859313964844,352.82576671829173,347.90979021263286,348.8752593406301,2197900,DE,1556
2024-02-23,359.2489929199219,360.0371100868337,352.0967108744627,352.66812137550517,1704300,DE,1556
2024-02-26,357.82049560546875,360.91391710858096,356.2540924474618,358.618474005496,1592500,DE,1556
2024-02-27,355.308349609375,358.70713873990076,352.92424555483615,357.74169971293503,1559700,DE,1556
2024-02-28,359.39678955078125,359.90906274330894,355.7714021927121,356.04724622941853,1675600,DE,1556
2024-02-29,359.6332092285156,362.3916795876262,357.4658718728691,360.93362968075013,2491200,DE,1556
2024-03-01,362.3916931152344,363.3473010501586,355.9684203739824,359.59383783658143,1967100,DE,1556
2024-03-04,359.0126037597656,364.49009985454177,357.54469253067816,363.13057203520054,1335000,DE,1556
2024-03-05,361.2882995605469,364.2043692780012,358.17518551073664,358.53969046732544,1710000,DE,1556
2024-03-06,361.1897888183594,362.37196465565347,358.95345282788907,360.60854710369273,1068700,DE,1556
2024-03-07,369.7508239746094,370.60790967522877,361.81042463440326,361.9680540832719,1844600,DE,1556
2024-03-08,368.5489196777344,371.08079192432984,366.67711885838384,370.55865753685714,1064700,DE,1556
2024-03-11,369.4848327636719,369.8493677969462,365.12057424819403,367.85932219509095,855700,DE,1556
2024-03-12,367.12042236328125,372.2334128894123,367.07117631479537,370.56848757008873,1140800,DE,1556
2024-03-13,373.22845458984375,374.87365752163083,367.23865560406205,367.8002048961186,1250700,DE,1556
2024-03-14,374.5879821777344,376.7750419932869,371.35665353774857,374.85396496951654,1436300,DE,1556
2024-03-15,377.70111083984375,378.2823525615852,372.3910755171328,372.3910755171328,3448200,DE,1556
2024-03-18,379.59259033203125,381.64174317019143,375.8292660360739,377.3168695812508,1145200,DE,1556
2024-03-19,385.7005615234375,386.5083710477631,379.78959293664195,379.8092853419579,1490600,DE,1556
2024-03-20,388.202880859375,389.42450157539065,384.7942304540466,384.97155231024874,1763400,DE,1556
2024-03-21,391.7396545410156,393.4242723792698,386.1833289485358,388.03543747936243,1411800,DE,1556
2024-03-22,392.9414978027344,394.77391380935074,391.9366439053917,392.5573004549756,1514600,DE,1556
2024-03-25,392.12384033203125,395.6704278326182,391.1485400436488,392.88240388246834,1106300,DE,1556
2024-03-26,392.6065673828125,394.0547560539434,390.3702615029992,392.40955311301406,1053200,DE,1556
2024-03-27,404.561279296875,404.83814457599277,392.8240925535694,393.54593389872224,1543800,DE,1556
2024-03-28,406.1433410644531,408.6944848191058,404.00751030801774,404.00751030801774,1426700,DE,1556
2024-04-01,399.61724853515625,407.31018067030755,399.16237470847386,405.5797650727705,1319500,DE,1556
2024-04-02,399.4787902832031,405.1150130086099,397.7384769860286,400.4675991700427,1164500,DE,1556
2024-04-03,401.4860534667969,404.07672780826016,398.7767268922973,399.70620961914994,1077300,DE,1556
2024-04-04,402.553955078125,409.28777108582796,400.78400896936546,406.07414233419195,1218600,DE,1556
2024-04-05,407.9232482910156,408.52640725951653,401.4663271240663,404.07676703241674,994400,DE,1556
2024-04-08,406.15325927734375,410.15792328744163,405.06556344248594,408.3780793220766,1269800,DE,1556
2024-04-09,406.8750915527344,409.2679921599004,404.8776782889757,408.85270932608597,1114500,DE,1556
2024-04-10,407.359619140625,408.1012258436621,399.8743282423844,402.3364830161843,1407700,DE,1556
2024-04-11,408.2198486328125,409.4261966564174,402.3661170444736,408.1209617109986,1472900,DE,1556
2024-04-12,392.8240966796875,407.8737691853564,392.369253039799,406.6476558186776,1885000,DE,1556
2024-04-15,389.3929138183594,399.6963153328994,388.17669824316226,397.787921490933,1353300,DE,1556
2024-04-16,388.61181640625,391.28158247461994,382.31310820167926,387.8702096912493,1865400,DE,1556
2024-04-17,392.4384765625,393.1701854837771,387.99873430872003,391.5683199123043,1442200,DE,1556
2024-04-18,396.1168212890625,397.7780128726378,392.280238220293,394.02055140844834,1562900,DE,1556
2024-04-19,395.8399658203125,398.4702009807513,394.2974264293862,396.4826855371899,1125200,DE,1556
2024-04-22,395.1379089355469,398.3812310874553,387.79106607141836,394.3864346933718,1005500,DE,1556
2024-04-23,392.7647705078125,401.0806568887618,392.2802638083451,396.3838146641293,1278300,DE,1556
2024-04-24,390.2037658691406,393.30864032016973,387.9789458294342,393.10096872303893,986600,DE,1556
2024-04-25,389.6500244140625,390.49051799635697,379.8410572337419,381.4527903585015,1316900,DE,1556
2024-04-26,388.9281921386719,391.5188968097462,386.7231675999284,388.2261462675603,998300,DE,1556
2024-04-29,396.4728088378906,398.0845721760803,390.9157076376423,390.9157076376423,847100,DE,1556
2024-04-30,387.0296936035156,393.92169281566044,385.7640194236809,393.3284014428514,1016600,DE,1556
2024-05-01,383.1634521484375,386.85172024152934,379.47518405534566,384.60710470594705,2017800,DE,1556
2024-05-02,391.52874755859375,393.91178053111656,381.3934567487118,384.270894150985,1790100,DE,1556
2024-05-03,396.4728088378906,396.84856104876343,390.431200932071,395.1676040212442,1627000,DE,1556
2024-05-06,397.34295654296875,402.4452139826465,394.7226190473339,400.467596223518,1042800,DE,1556
2024-05-07,401.03125,402.02005894237186,398.2329037944974,399.1426212989433,942000,DE,1556
2024-05-08,400.8829040527344,402.40564798083847,396.96719921347625,399.69632134216187,640300,DE,1556
2024-05-09,404.4228210449219,405.89613658016714,400.88289862717465,400.88289862717465,995100,DE,1556
2024-05-10,403.32525634765625,407.0827179075772,401.1300994934147,405.9060329618861,1426800,DE,1556
2024-05-13,403.42413330078125,411.9081305581347,402.99895271619613,404.4228399457372,1402800,DE,1556
2024-05-14,408.1605224609375,412.79803845611286,405.41163502076563,405.41163502076563,1765800,DE,1556
2024-05-15,409.3866271972656,411.8685470548778,407.64634414955196,410.03924465617746,1861200,DE,1556
2024-05-16,390.015869140625,405.41163024359133,389.7686669270619,402.33644919137026,3623800,DE,1556
2024-05-17,392.5768737792969,393.1405020588931,387.1582206627673,390.05542331423084,1612100,DE,1556
2024-05-20,387.0989074707031,392.3890107868177,386.5649422313607,391.32111048418477,1158500,DE,1556
2024-05-21,382.41192626953125,386.80223999227456,380.90894767589134,386.55503777894916,1370900,DE,1556
2024-05-22,381.69012451171875,384.21157507926375,379.9498112307467,381.6802267666057,1318800,DE,1556
2024-05-23,374.995849609375,383.2326440305965,374.4816798831051,382.79756573296396,1736600,DE,1556
2024-05-24,370.7637634277344,377.09213412607687,369.54754783692783,375.62871631911594,1511300,DE,1556
2024-05-28,365.137451171875,370.803337024996,362.87310052053374,370.803337024996,1448000,DE,1556
2024-05-29,360.8954772949219,363.73335396343424,358.6211987564104,360.9053448640449,1673500,DE,1556
2024-05-30,364.2277526855469,364.4551594125902,360.8658085684262,361.25142833552894,1340900,DE,1556
2024-05-31,370.5660400390625,370.882435959255,362.22049035090896,365.46378239729654,2332100,DE,1556
2024-06-03,364.0003356933594,371.2878526234318,360.47028059806445,371.15930263534847,1284200,DE,1556
2024-06-04,365.236328125,365.453867283824,359.9758576851114,363.78277787650586,1328700,DE,1556
2024-06-05,366.8382263183594,367.3820893518503,361.38001172396304,365.80988672698703,1394800,DE,1556
2024-06-06,367.1150817871094,369.7057865401291,365.21658553384526,367.342518705138,1305400,DE,1556
2024-06-07,364.4551696777344,368.835616021626,362.5566734956522,364.87048269159453,1080000,DE,1556
2024-06-10,364.1783142089844,368.50930211916165,362.9423030554431,363.70370523869883,1033700,DE,1556
2024-06-11,361.0437927246094,363.3279388330809,359.7088946956975,362.5764344247345,948400,DE,1556
2024-06-12,365.94830322265625,368.76641478491405,363.4663830846038,365.0583811966945,1055500,DE,1556
2024-06-13,373.7203369140625,374.03673282918396,364.0596546202473,364.0596546202473,1583900,DE,1556
2024-06-14,373.769775390625,374.8179104419218,368.7763023665421,370.81324634744374,1485200,DE,1556
2024-06-17,374.97613525390625,377.00318155275835,370.47706655350055,371.7427408160538,1227900,DE,1556
2024-06-18,378.47650146484375,378.96100816597937,375.1639856387499,375.9550206825696,1211900,DE,1556
2024-06-20,377.2602233886719,380.19698675609254,375.75724486357325,377.4777625335197,1352600,DE,1556
2024-06-21,370.8428955078125,375.74737916552033,369.8244235555375,373.73020057544227,2450600,DE,1556
2024-06-24,373.9378662109375,378.64457594471475,371.8020354159574,372.5436420735455,1323100,DE,1556
2024-06-25,365.3352355957031,371.752595877879,363.03132407243714,371.3175175357599,1648600,DE,1556
2024-06-26,372.0393371582031,372.15798939437764,363.24881182363464,366.59099063079225,2442500,DE,1556
2024-06-27,372.57330322265625,373.9082012346814,370.4967985568451,370.80332689299246,1709400,DE,1556
2024-06-28,370.89569091796875,378.5989110714315,366.7959104011824,375.42231732103113,6689500,DE,1556
2024-07-01,358.3481750488281,372.5633849719286,357.92132916717213,372.32515104621234,1458100,DE,1556
2024-07-02,362.2792053222656,362.78545239866924,356.62090740852545,356.8988570779649,1290000,DE,1556
2024-07-03,360.135009765625,364.9296491448827,358.4672814520101,362.7656102653934,668900,DE,1556
2024-07-05,357.39520263671875,360.50230130388405,354.1888297375392,360.50230130388405,1273500,DE,1556
2024-07-08,352.4020080566406,358.99342917110505,352.1538376284317,357.46469085095055,1671600,DE,1556
2024-07-09,346.2870788574219,352.7196671471146,343.40830800069585,352.16376782143954,2112700,DE,1556
2024-07-10,348.9573974609375,349.9699218909596,345.25468380688324,346.74370635974947,1475800,DE,1556
2024-07-11,358.9537048339844,360.11512544544536,349.92029540441234,350.3173620212003,1764900,DE,1556
2024-07-12,362.6563720703125,365.4557415800765,360.809998751685,361.8324596343554,1034900,DE,1556
2024-07-15,368.9500427246094,369.4562898216519,360.4725320197268,362.38840054412185,1158600,DE,1556
2024-07-16,374.7472839355469,377.8444460393652,363.25201271071137,369.27759799156814,1732900,DE,1556
2024-07-17,382.3114929199219,384.69392284729884,374.91600242831913,375.26344706849164,1528000,DE,1556
2024-07-18,377.8543701171875,387.48336425959724,377.745159379122,379.99853589216707,1736000,DE,1556
2024-07-19,375.2932434082031,381.3287651464455,374.4196786597016,380.4353273755062,1152100,DE,1556
2024-07-22,376.4745178222656,377.86426608102124,369.5555254721409,376.3554008706923,1071200,DE,1556
2024-07-23,368.80108642578125,375.5215607800074,368.04666894992795,373.5858193885255,1335900,DE,1556
2024-07-24,366.68670654296875,372.93065260434093,365.23736945370496,367.6992309678353,1256300,DE,1556
2024-07-25,378.89666748046875,383.4332299642441,365.47562226344286,365.47562226344286,1241600,DE,1556
2024-07-26,383.7210693359375,387.1358965433351,381.25923829867804,382.4504380699923,1380800,DE,1556
2024-07-29,374.0126647949219,383.7111841742046,368.2849024206142,382.3512151228566,1491000,DE,1556
2024-07-30,369.04925537109375,372.2556280869425,361.5148050939229,363.2917137743786,2266900,DE,1556
2024-07-31,369.25775146484375,374.0226115302828,368.27497597698783,370.4886670846632,1659500,DE,1556
2024-08-01,355.29071044921875,368.4933649254285,353.41452749726994,363.68878913859413,2991300,DE,1556
2024-08-02,351.1611633300781,357.7525845837151,348.5206262828736,353.5535299438338,2820600,DE,1556
2024-08-05,342.3163757324219,348.8383021900429,337.710348102218,343.23956250197284,2509200,DE,1556
2024-08-06,343.52740478515625,346.99185400320664,340.1920090269598,344.9469322550706,1570900,DE,1556
2024-08-07,343.4480285644531,351.44904071495773,343.32888131221756,347.43859812845875,1384500,DE,1556
2024-08-08,346.58489990234375,348.2823771104171,343.8649314707612,344.3414295880454,1557700,DE,1556
2024-08-09,343.4976501464844,346.35657831209545,340.86704967959975,346.0786286456745,1335200,DE,1556
2024-08-12,342.485107421875,345.61204857569425,341.3832150320256,344.2123638070963,1581300,DE,1556
2024-08-13,348.0242614746094,349.8507921038325,343.4678562652434,345.2745441670829,1696600,DE,1556
2024-08-14,348.709228515625,353.19613892138057,345.8006783872984,347.4385971435554,2040500,DE,1556
2024-08-15,370.52838134765625,375.70024452661664,355.2807746698323,356.571279057462,3184500,DE,1556
2024-08-16,375.1542663574219,375.75978762891697,368.4437286402205,369.4165675731564,2103100,DE,1556
2024-08-19,370.1809387207031,378.22166660034384,369.08898278495707,376.2164301653625,1676500,DE,1556
2024-08-20,369.86328125,373.84394467182085,369.0393687455612,372.19608936870105,932300,DE,1556
2024-08-21,374.2906188964844,375.06490940250035,369.3967054380214,371.10411915567727,1249100,DE,1556
2024-08-22,373.8340148925781,375.3428802397706,370.81625390395055,374.3204192537025,1072700,DE,1556
2024-08-23,378.3904113769531,380.048203181527,373.83400591002084,376.02782403241594,1197500,DE,1556
2024-08-26,380.28643798828125,382.4802561157975,377.89407139828046,378.6882349539765,1108500,DE,1556
2024-08-27,373.2284851074219,379.2341974136813,372.19608763314744,378.7080773122779,1107200,DE,1556
2024-08-28,375.18408203125,376.59367316087065,371.71960210056994,372.2457222198075,1096600,DE,1556
2024-08-29,379.0257263183594,381.68610595007243,374.19137138396366,377.01058371978144,1075000,DE,1556
2024-08-30,382.9170227050781,383.0659491929203,375.6803950478839,379.40295135912237,1413200,DE,1556
2024-09-03,382.8674011230469,385.537717276529,377.1793241678366,382.0434583605573,1929700,DE,1556
2024-09-04,389.0815734863281,395.6630271866965,383.2743799443664,383.71116228116534,2370300,DE,1556
2024-09-05,380.8820495605469,392.109277330965,380.0283275328459,389.1312321866792,1397300,DE,1556
2024-09-06,378.7676086425781,386.1531625556128,378.52937474029955,382.02360324875815,1670300,DE,1556
2024-09-09,384.3961181640625,389.1311986292112,380.6735620547269,381.3287355652787,1215300,DE,1556
2024-09-10,384.4656066894531,386.6098027766687,378.8867404348116,385.67667956387373,1041600,DE,1556
2024-09-11,385.74615478515625,386.0141679219834,375.8888333722893,383.8402230014621,1160000,DE,1556
2024-09-12,384.1678161621094,386.21273803131925,380.2963636084712,383.8104652929618,1068500,DE,1556
2024-09-13,391.7915954589844,392.30780931729777,383.5920654394609,387.1359159887191,1126000,DE,1556
2024-09-16,391.7717590332031,396.6756090006171,390.2430207496887,393.10194886121246,940200,DE,1556
2024-09-17,394.96820068359375,397.1917980032944,392.5559914168569,393.5982950869062,983200,DE,1556
2024-09-18,398.13482666015625,403.01880329100544,393.9854247377443,395.08728680040014,1163500,DE,1556
2024-09-19,406.7314758300781,409.4315712126278,400.3882253508704,403.54494582403225,1751000,DE,1556
2024-09-20,402.9195861816406,406.91015567433027,399.5345379793461,403.644224427901,2709400,DE,1556
2024-09-23,405.9571838378906,407.2575944109364,401.1128924081136,402.0559218245126,1184500,DE,1556
2024-09-24,407.88299560546875,412.70741409490347,404.38873665584583,408.7267508095964,1253600,DE,1556
2024-09-25,403.95196533203125,410.8411788971979,403.0982735934692,409.8187179366511,923600,DE,1556
2024-09-26,408.458740234375,410.12643821944516,405.38142090610233,406.95978117349813,1062100,DE,1556
2024-09-27,414.9409484863281,416.55902449616445,409.5506941534035,411.06949593489725,1410800,DE,1556
2024-09-30,415.7378845214844,416.34557319740253,410.96618012432754,414.4129718102336,1176700,DE,1556
2024-10-01,414.8512878417969,418.8659122145537,409.5515762942962,413.5960850012957,1089200,DE,1556
2024-10-02,414.9010925292969,415.98693056153684,412.5600820347254,414.5325089331696,863800,DE,1556
2024-10-03,407.1806640625,412.2512422747018,406.164566264765,411.1156071361927,1103800,DE,1556
2024-10-04,406.4335021972656,410.567694204875,403.5246590664594,410.42821371445734,877900,DE,1556
2024-10-07,404.490966796875,407.5293188930579,402.84726762351124,406.31397197435405,942000,DE,1556
2024-10-08,398.7529296875,404.3614560890758,397.2586521908593,402.0005025085681,981500,DE,1556
2024-10-09,403.93310546875,404.81969431174,399.96827821722496,399.96827821722496,760300,DE,1556
2024-10-10,404.2120361328125,404.99900039554814,400.32689030415764,403.2257923080653,578100,DE,1556
2024-10-11,409.51171875,410.7968059196238,402.9269504551445,403.50472438191935,653400,DE,1556
2024-10-14,406.16455078125,407.220504452707,397.9360529252232,406.4733657001957,996200,DE,1556
2024-10-15,400.4563903808594,407.4795127305341,399.9483567138446,403.4748296542059,834600,DE,1556
2024-10-16,407.8082580566406,408.88415490627295,401.5821016620461,401.6916978231912,867600,DE,1556
2024-10-17,403.59442138671875,407.68872730540505,395.01725239033686,406.5630333468889,1398500,DE,1556
2024-10-18,407.17071533203125,408.0174482805265,402.6579983945876,405.4373327194953,749900,DE,1556
2024-10-21,405.4074401855469,409.16307710245565,404.37142967157183,406.4434811006755,838600,DE,1556
2024-10-22,405.0986328125,406.34386408906687,400.2771009577716,405.4971007407705,610200,DE,1556
2024-10-23,407.0810546875,410.1592627021782,404.7101295134437,405.69634293918085,1112700,DE,1556
2024-10-24,409.50177001953125,410.1891400928502,405.6166546493503,407.42968822133264,718300,DE,1556
2024-10-25,406.3737487792969,413.1677379264685,405.8657150907979,411.4244141377492,591000,DE,1556
2024-10-28,410.7768859863281,411.7531278180779,406.69252145426043,407.43966019545013,828300,DE,1556
2024-10-29,404.490966796875,409.4320358953573,403.6641162204208,408.6351000540759,758600,DE,1556
2024-10-30,403.1461181640625,406.5829686434233,399.79892068836057,401.123863789568,785100,DE,1556
2024-10-31,403.1461181640625,405.75611805220126,400.4663780282488,402.71776590175205,746300,DE,1556
2024-11-01,398.8924255371094,405.5269911246097,396.7904593023093,404.2518754944305,1522500,DE,1556
2024-11-04,400.1475830078125,405.3078140051405,397.9858785851375,398.8924105821525,801900,DE,1556
2024-11-05,398.84259033203125,402.46871838591903,395.2762613482162,396.79045162941264,902200,DE,1556
2024-11-06,404.1622009277344,413.9148604233166,400.57592890881796,411.04584280818347,1664000,DE,1556
2024-11-07,409.5914306640625,410.39833808672967,404.75992730533375,406.0549556525109,1073500,DE,1556
2024-11-08,392.5566711425781,404.93924378979483,392.2179718799534,400.5660073094219,1623200,DE,1556
2024-11-11,401.1138916015625,401.34302510022314,391.6700770833268,395.6647583345554,1143200,DE,1556
2024-11-12,392.2478332519531,400.65563685902055,391.6202318545656,400.65563685902055,1144900,DE,1556
2024-11-13,387.9642639160156,390.63403244386217,385.5534828177248,389.5581356094946,1474700,DE,1556
2024-11-14,393.13446044921875,394.0110777065786,386.31058716313424,388.9305585603692,1225000,DE,1556
2024-11-15,397.4280090332031,398.0456388552227,388.5121413218934,391.171968588989,1168100,DE,1556
2024-11-18,402.9867248535156,405.42739031254706,394.6287483457891,394.69845819229965,1457300,DE,1556
2024-11-19,398.56365966796875,401.08400654407626,396.23259037711927,397.9858857348129,1076500,DE,1556
2024-11-20,403.4150695800781,407.3798968293328,399.1115734797021,402.6181337395668,1487000,DE,1556
2024-11-21,435.87078857421875,440.3635622015652,409.39217454348164,411.1753541860116,4148700,DE,1556
2024-11-22,444.9460144042969,445.7927777159432,430.5611008879181,434.2669102226308,2202200,DE,1556
2024-11-25,460.9248352050781,467.59928679491765,444.9958469519908,446.2908752778268,3266900,DE,1556
2024-11-26,459.2811279296875,461.5723412044597,452.65650394717846,454.89792013381964,1747300,DE,1556
2024-11-27,464.2221984863281,465.27815212804603,459.3408981876252,460.14780558551996,1258700,DE,1556
2024-11-29,464.1225891113281,467.3004217186964,462.3992085043589,464.22221369235126,732200,DE,1556
2024-12-02,461.1838684082031,462.528693867892,457.0995037350017,461.9310071752099,1318600,DE,1556
2024-12-03,457.4979553222656,463.7639674034008,457.1991119865991,462.23980558919527,1166100,DE,1556
2024-12-04,454.5193786621094,460.4666043390647,451.5706491678698,457.2489158387471,1056400,DE,1556
2024-12-05,446.4104309082031,456.62132746864893,446.22115332035617,456.2328311154372,1159700,DE,1556
2024-12-06,442.30615234375,447.2472215693209,441.2800829811609,444.7966149132531,1129900,DE,1556
2024-12-09,447.69549560546875,451.5208422813467,442.42566854782143,443.302316194593,1209100,DE,1556
2024-12-10,442.26629638671875,446.9782625121697,439.31759721704094,445.4242163010453,1215300,DE,1556
2024-12-11,446.3207702636719,448.044181280984,444.37819732740184,446.25103001646846,1677400,DE,1556
2024-12-12,437.80340576171875,445.9223076357998,436.78727757940965,445.9223076357998,867000,DE,1556
2024-12-13,438.7597351074219,440.4333186541531,435.35276894336147,438.32141126406543,900700,DE,1556
2024-12-16,436.7474365234375,439.7160483357516,434.3366554720622,438.650123100587,956800,DE,1556
2024-12-17,441.897705078125,443.24256092228296,433.3404794876454,434.9044972501191,1357100,DE,1556
2024-12-18,424.37481689453125,443.6111471249586,422.89051094878585,441.5092113333636,1423600,DE,1556
2024-12-19,425.0024108886719,429.41550313693824,420.3601851462735,426.4369197189904,1757200,DE,1556
2024-12-20,430.8400573730469,434.8347691039521,424.11580836628474,424.38479778329423,2446400,DE,1556
2024-12-23,430.73046875,430.97951499629136,425.37098866562565,430.97951499629136,1093900,DE,1556
2024-12-24,431.188720703125,431.9358594686352,427.07447170353066,428.9672171625924,383200,DE,1556
2024-12-26,432.1849060058594,433.7887796988016,428.7978830135667,430.14273887259367,444900,DE,1556
2024-12-27,428.4193115234375,433.50983259714604,425.46064090673116,430.68064049131146,735300,DE,1556
2024-12-30,423.02001953125,426.2675620086634,420.12111748830273,425.6100762503621,792500,DE,1556
2024-12-31,423.70001220703125,427.79998779296875,421.4599914550781,425.5,772700,DE,1556
2025-01-02,418.17999267578125,428.8399963378906,417.8800048828125,426.0799865722656,1005300,DE,1556
2025-01-03,422.2200012207031,422.94000244140625,416.67999267578125,419.8299865722656,875100,DE,1556
2025-01-06,418.0,429.1000061035156,417.8800048828125,424.0,1077900,DE,1556
2025-01-07,413.2699890136719,420.1000061035156,412.3500061035156,417.8500061035156,1223400,DE,1556
2025-01-08,410.0,411.9700012207031,408.2099914550781,411.0799865722656,878000,DE,1556
2025-01-10,408.57000732421875,411.3900146484375,403.010009765625,405.8900146484375,1699200,DE,1556
2025-01-13,429.9100036621094,432.2699890136719,406.0799865722656,408.010009765625,1988700,DE,1556
2025-01-14,432.30999755859375,433.44000244140625,427.3599853515625,430.70001220703125,1224700,DE,1556
2025-01-15,428.8800048828125,438.0,426.45001220703125,437.9800109863281,1432100,DE,1556
2025-01-16,439.1099853515625,439.8699951171875,428.510009765625,431.8900146484375,1181300,DE,1556
2025-01-17,455.44000244140625,457.2200012207031,443.6400146484375,447.80999755859375,2315500,DE,1556
2025-01-21,463.1499938964844,465.5899963378906,453.54998779296875,458.4700012207031,1733700,DE,1556
2025-01-22,459.75,464.32000732421875,458.57000732421875,462.8399963378906,1132200,DE,1556
2025-01-23,474.7200012207031,475.9200134277344,460.6499938964844,461.1600036621094,1934700,DE,1556
2025-01-24,478.7699890136719,479.4800109863281,472.3599853515625,474.4599914550781,1400800,DE,1556
2025-01-27,484.1499938964844,484.3900146484375,474.1099853515625,480.0,1418500,DE,1556
2025-01-28,479.989990234375,485.8399963378906,476.32000732421875,482.4100036621094,1642400,DE,1556
2025-01-29,478.1600036621094,482.8399963378906,477.3299865722656,481.0,977000,DE,1556
2025-01-30,479.989990234375,483.5799865722656,474.4200134277344,475.75,1122300,DE,1556
2025-01-31,476.55999755859375,479.5899963378906,474.05999755859375,479.0,1400700,DE,1556
2025-02-03,467.04998779296875,469.6700134277344,459.1400146484375,464.1499938964844,1397700,DE,1556
2025-02-04,472.2699890136719,474.6300048828125,465.0,468.6700134277344,1045500,DE,1556
2025-02-05,467.67999267578125,473.989990234375,464.7099914550781,472.510009765625,1084600,DE,1556
2025-02-06,464.9800109863281,471.3599853515625,463.4599914550781,471.3500061035156,809300,DE,1556
2025-02-07,465.6000061035156,469.4700012207031,463.0,468.4200134277344,898000,DE,1556
2025-02-10,469.9800109863281,471.8800048828125,464.0,467.5899963378906,1348800,DE,1556
2025-02-11,474.29998779296875,476.70001220703125,468.8800048828125,469.5199890136719,1489000,DE,1556
2025-02-12,476.55999755859375,477.7799987792969,463.9700012207031,468.80999755859375,2038900,DE,1556
2025-02-13,466.2200012207031,474.3800048828125,451.2200012207031,454.5,3058400,DE,1556
2025-02-14,480.2200012207031,481.1400146484375,467.1000061035156,469.8999938964844,1919300,DE,1556
2025-02-18,501.55999755859375,502.1000061035156,480.0,481.0,2367600,DE,1556
2025-02-19,509.2699890136719,515.0499877929688,496.0,496.1600036621094,2095200,DE,1556
2025-02-20,495.7900085449219,509.260009765625,493.1099853515625,508.1400146484375,1514500,DE,1556
2025-02-21,489.9800109863281,498.7699890136719,487.260009765625,497.2699890136719,1104300,DE,1556
2025-02-24,484.54998779296875,492.3500061035156,482.1499938964844,489.9800109863281,1245800,DE,1556
2025-02-25,487.5899963378906,490.75,482.8500061035156,486.67999267578125,1214700,DE,1556
2025-02-26,478.5199890136719,490.7300109863281,477.4200134277344,490.0,1557700,DE,1556
2025-02-27,480.54998779296875,487.4599914550781,479.1600036621094,482.32000732421875,1328600,DE,1556
2025-02-28,480.7900085449219,485.2099914550781,472.55999755859375,479.92999267578125,1995800,DE,1556
2025-03-03,465.8299865722656,484.6700134277344,463.54998779296875,484.07000732421875,1487700,DE,1556
2025-03-04,458.3800048828125,463.2900085449219,447.6499938964844,453.79998779296875,2325900,DE,1556
2025-03-05,467.5,468.8399963378906,458.6499938964844,460.3900146484375,1291500,DE,1556
2025-03-06,482.8399963378906,484.8900146484375,465.29998779296875,468.0,1695800,DE,1556
2025-03-07,499.6199951171875,500.2699890136719,478.2699890136719,478.2699890136719,2615300,DE,1556
