Price,Close,High,Low,Open,Volume,Symbol,StockID
Ticker,GMRE,GMRE,GMRE,GMRE,GMRE,,
Date,,,,,,,
2023-06-09,7.891857624053955,7.908939958360951,7.810718979687321,7.908939958360951,230500,GMRE,2419
2023-06-12,7.985808372497559,7.998619307957436,7.853422732855264,7.874775649505868,290900,GMRE,2419
2023-06-13,8.0541353225708,8.088299171482356,7.9473731929058875,7.968725293026707,339400,GMRE,2419
2023-06-14,8.062676429748535,8.148086467299521,8.019972225503526,8.088299929732122,292400,GMRE,2419
2023-06-15,8.148088455200195,8.148088455200195,7.985810321698678,8.045596873852286,247800,GMRE,2419
2023-06-16,8.139546394348145,8.17798083495747,8.088301016556105,8.173710251053034,487500,GMRE,2419
2023-06-20,8.096840858459473,8.131005527537207,8.008869116269825,8.131005527537207,256500,GMRE,2419
2023-06-21,8.028511047363281,8.088298388065425,7.951643005655376,8.079757223032214,316600,GMRE,2419
2023-06-22,7.871262550354004,8.072193375816152,7.801373495137321,8.028512508019912,423100,GMRE,2419
2023-06-23,7.818845748901367,7.897471148393983,7.609178572349926,7.792637560118262,1475400,GMRE,2419
2023-06-26,7.679067134857178,7.783900716356888,7.59170540036913,7.783900716356888,788100,GMRE,2419
2023-06-27,7.792637348175049,7.8101091958408215,7.644122893871231,7.661595574680281,380200,GMRE,2419
2023-06-28,7.740219593048096,7.827581324646011,7.6615950343818335,7.792636798635488,299100,GMRE,2419
2023-06-29,7.941153049468994,7.949889391245377,7.705276820367107,7.731485845696255,325900,GMRE,2419
2023-06-30,7.976096153259277,8.050353378756856,7.8625262299604355,8.037248868442015,544300,GMRE,2419
2023-07-03,8.08092975616455,8.098402436627186,8.002304360369218,8.011040700600535,183700,GMRE,2419
2023-07-05,8.150818824768066,8.316805956855594,7.967359845333215,8.054721581499626,327000,GMRE,2419
2023-07-06,8.08092975616455,8.133346964409194,7.9280471346895425,8.028512547919908,319200,GMRE,2419
2023-07-07,8.107138633728027,8.207604888652513,7.9760968516781166,7.9760968516781166,391100,GMRE,2419
2023-07-10,8.177026748657227,8.18576308862078,8.072193168524302,8.107137695235277,271700,GMRE,2419
2023-07-11,8.456584930419922,8.465320438412604,8.250411945212372,8.27312593228004,390300,GMRE,2419
2023-07-12,8.4740571975708,8.587627138511506,8.465320856003812,8.535210755396342,356700,GMRE,2419
2023-07-13,8.509000778198242,8.517737118787286,8.443479890067,8.49152893016345,263700,GMRE,2419
2023-07-14,8.578888893127441,8.578888893127441,8.428627350723312,8.508999842387995,272500,GMRE,2419
2023-07-17,8.631307601928711,8.65314762166214,8.535210348700938,8.561418539009722,260200,GMRE,2419
2023-07-18,8.596362113952637,8.736140224237516,8.495896701328286,8.692459356487678,304000,GMRE,2419
2023-07-19,8.701196670532227,8.757981221762249,8.644412119302206,8.709933011688646,289000,GMRE,2419
2023-07-20,8.832236289978027,8.884653490922492,8.648777336387118,8.718666382217641,296900,GMRE,2419
2023-07-21,8.762349128723145,8.884655401803341,8.762349128723145,8.875919060909757,246800,GMRE,2419
2023-07-24,8.806029319763184,8.858446527932019,8.744876604518925,8.788557472469078,174500,GMRE,2419
2023-07-25,8.823501586914062,8.849709773199278,8.727403515296238,8.753612534724674,257400,GMRE,2419
2023-07-26,8.849709510803223,8.928334900470826,8.784188630461284,8.788556800236506,187400,GMRE,2419
2023-07-27,8.771084785461426,8.902126556070465,8.740508427862201,8.85844652129629,293800,GMRE,2419
2023-07-28,8.640043258666992,8.806029561665316,8.61383423729098,8.771085032973916,417400,GMRE,2419
2023-07-31,8.648778915405273,8.72303614430033,8.613834386110145,8.657515256014879,210100,GMRE,2419
2023-08-01,8.578888893127441,8.65489321497801,8.508999842387995,8.613833418497165,204900,GMRE,2419
2023-08-02,8.43911075592041,8.561417010768242,8.430374416329165,8.47405528114219,190200,GMRE,2419
2023-08-03,8.8759183883667,8.928335596613138,8.482792242519826,8.648778541204235,465400,GMRE,2419
2023-08-04,8.998225212097168,9.129266991152491,8.94580800058905,8.95454434136429,363100,GMRE,2419
2023-08-07,8.98948860168457,9.050641318990353,8.897759525725895,8.98948860168457,319200,GMRE,2419
2023-08-08,8.692459106445312,8.937070792407491,8.657514579879287,8.937070792407491,331900,GMRE,2419
2023-08-09,8.657515525817871,8.753613609231746,8.648779184936005,8.70993273796574,244700,GMRE,2419
2023-08-10,8.648778915405273,8.806029713804993,8.626938897024555,8.73614065521474,278100,GMRE,2419
2023-08-11,8.640043258666992,8.66625144689972,8.570154201284195,8.631306918208322,291100,GMRE,2419
2023-08-14,8.517736434936523,8.596361827638853,8.50900009504888,8.578889147863567,237200,GMRE,2419
2023-08-15,8.299333572387695,8.482792558366208,8.290597231830793,8.465319877252401,379700,GMRE,2419
2023-08-16,8.185763359069824,8.386695019153928,8.185763359069824,8.316805963422917,278500,GMRE,2419
2023-08-17,8.089666366577148,8.24691633027644,8.089666366577148,8.185763612901344,236800,GMRE,2419
2023-08-18,8.063456535339355,8.089665554276941,7.98483197795621,8.011040163750591,339800,GMRE,2419
2023-08-21,7.923679351806641,8.08966649174047,7.907080637813257,8.08966649174047,224500,GMRE,2419
2023-08-22,7.967360973358154,8.028513697446733,7.884367395564098,7.976097314840346,367700,GMRE,2419
2023-08-23,8.142083168029785,8.159555849987159,7.9411523243799795,7.958624173194021,204000,GMRE,2419
2023-08-24,8.133347511291504,8.312438332359182,8.12461117047276,8.142083018966932,309500,GMRE,2419
2023-08-25,8.159555435180664,8.194499964175607,8.090539511358259,8.159555435180664,149300,GMRE,2419
2023-08-28,8.25565242767334,8.299333295859146,8.168291524444992,8.177027031567542,220700,GMRE,2419
2023-08-29,8.482792854309082,8.491529195170774,8.238181142184954,8.281861180206773,231000,GMRE,2419
2023-08-30,8.596362113952637,8.596362113952637,8.4041667957393,8.421639476096537,274500,GMRE,2419
2023-08-31,8.456584930419922,8.622571246287745,8.447848589283893,8.587626714886975,255000,GMRE,2419
2023-09-01,8.447848320007324,8.555302979753979,8.43037563829221,8.509001039723582,244100,GMRE,2419
2023-09-05,8.25565242767334,8.426007730283658,8.25565242767334,8.386695032230758,276600,GMRE,2419
2023-09-06,8.2818603515625,8.316805711512798,8.198867621110255,8.2818603515625,219700,GMRE,2419
2023-09-07,8.238180160522461,8.31418448404719,8.203235634383008,8.28186019333936,281900,GMRE,2419
2023-09-08,8.238180160522461,8.321172889389148,8.150818428602218,8.273124686661914,236100,GMRE,2419
2023-09-11,8.343013763427734,8.36922194982344,8.237306217459766,8.29933289733941,376900,GMRE,2419
2023-09-12,8.369222640991211,8.439111699246993,8.299333582735429,8.299333582735429,191400,GMRE,2419
2023-09-13,8.351750373840332,8.446973648563038,8.334277693581662,8.369222220955752,235700,GMRE,2419
2023-09-14,8.587626457214355,8.701196389145018,8.421640146326968,8.44784833580533,480600,GMRE,2419
2023-09-15,8.395430564880371,8.561417697862481,8.377958717438883,8.526473169836237,806800,GMRE,2419
2023-09-18,8.264389038085938,8.395430813783593,8.264389038085938,8.395430813783593,271000,GMRE,2419
2023-09-19,8.325542449951172,8.361360949312902,8.26438972727833,8.290597917974782,244100,GMRE,2419
2023-09-20,8.33427906036377,8.54394625899274,8.325542718801715,8.395431785011372,352300,GMRE,2419
2023-09-21,8.075226783752441,8.289613131983199,8.06629380626892,8.236016970873319,350600,GMRE,2419
2023-09-22,8.039496421813965,8.191353644599884,8.039496421813965,8.084160461203181,216300,GMRE,2419
2023-09-25,8.06629467010498,8.06629467010498,7.959101484510064,8.012698503255379,185500,GMRE,2419
2023-09-26,7.878706455230713,8.06629474473124,7.856374860819393,7.994832620340155,307300,GMRE,2419
2023-09-27,7.851908206939697,8.003765431060938,7.829576612996569,7.914437351497019,283300,GMRE,2419
2023-09-28,7.9680352210998535,8.012699265654732,7.834043939331015,7.834043939331015,217400,GMRE,2419
2023-09-29,8.012699127197266,8.119892321139224,7.88763997498376,8.066295298220355,361200,GMRE,2419
2023-10-02,7.9144368171691895,8.03056297200397,7.8519076768334015,8.03056297200397,330600,GMRE,2419
2023-10-03,7.700051784515381,7.88764008961395,7.6821866778799786,7.869774982978549,360100,GMRE,2419
2023-10-04,7.789379119873047,7.802777735579533,7.6652136165381135,7.7268491229585115,302100,GMRE,2419
2023-10-05,7.860841751098633,7.869774730077161,7.771513665104879,7.789379623061936,270800,GMRE,2419
2023-10-06,7.771512985229492,7.878706167906956,7.708983841641561,7.789378941623581,358800,GMRE,2419
2023-10-09,7.851908206939697,7.905505225057189,7.70898396115399,7.70898396115399,355800,GMRE,2419
2023-10-10,8.075226783752441,8.1645548547964,7.865306924263444,7.887638516076623,538900,GMRE,2419
2023-10-11,8.18242073059082,8.298546893156322,8.119891586092358,8.18242073059082,395300,GMRE,2419
2023-10-12,8.030564308166504,8.182421547302111,7.9591021782080755,8.182421547302111,203800,GMRE,2419
2023-10-13,7.985898971557617,8.030563008527304,7.923369830937444,8.030563008527304,152800,GMRE,2419
2023-10-16,7.976967811584473,8.066295044444534,7.918904300924469,8.039496959776091,194500,GMRE,2419
2023-10-17,8.102025032043457,8.119890987380376,7.923369738152463,7.923369738152463,290900,GMRE,2419
2023-10-18,7.851908206939697,8.039496492507364,7.851908206939697,8.0216305358363,138600,GMRE,2419
2023-10-19,7.762580871582031,7.950169175133973,7.7536487442858695,7.816177894837922,258300,GMRE,2419
2023-10-20,7.753647804260254,7.883172579257193,7.73578184804237,7.7983109910136035,301900,GMRE,2419
2023-10-23,7.61072301864624,7.771512353647424,7.601790041175169,7.691117260199022,314000,GMRE,2419
2023-10-24,7.66431999206543,7.761687412271134,7.597324357722394,7.691118075423502,321500,GMRE,2419
2023-10-25,7.53032922744751,7.637522419950849,7.512463269415736,7.601791355783069,309200,GMRE,2419
2023-10-26,7.592857360839844,7.664319479613742,7.548193323632243,7.574991405198542,168900,GMRE,2419
2023-10-27,7.557126522064209,7.619655664842838,7.521395461634181,7.619655664842838,280600,GMRE,2419
2023-10-30,7.619656085968018,7.673253105523114,7.512462898753552,7.592858002138333,206300,GMRE,2419
2023-10-31,7.735782146453857,7.75364810336093,7.619655982245029,7.65538704416346,250300,GMRE,2419
2023-11-01,7.860841751098633,7.860841751098633,7.700051537068181,7.753648559043587,253200,GMRE,2419
2023-11-02,8.18242073059082,8.200286687245066,8.000192572954289,8.039496484939649,280700,GMRE,2419
2023-11-03,8.325345993041992,8.414674083431738,8.253883861488518,8.289614927265255,344700,GMRE,2419
2023-11-06,8.218151092529297,8.289613209272503,8.18152724753839,8.280681083601323,215600,GMRE,2419
2023-11-07,8.17348861694336,8.325345856986747,8.11989244510204,8.325345856986747,355800,GMRE,2419
2023-11-08,8.244949340820312,8.285146888791884,8.15115563015041,8.155622119024546,276300,GMRE,2419
2023-11-09,8.110958099365234,8.307479350765368,8.110958099365234,8.307479350765368,260500,GMRE,2419
2023-11-10,8.262816429138184,8.294081003647817,8.075228130184621,8.11989217315371,248000,GMRE,2419
2023-11-13,8.22708511352539,8.334278302235356,8.127931264886918,8.155622987718747,330400,GMRE,2419
2023-11-14,8.807714462280273,8.83897988547038,8.512933001653257,8.521865979707572,489300,GMRE,2419
2023-11-15,8.727320671081543,8.86131194130849,8.691588756998922,8.771983859893378,376600,GMRE,2419
2023-11-16,8.709453582763672,8.870243767667443,8.700520605403327,8.789848675215557,349700,GMRE,2419
2023-11-17,8.691588401794434,8.833619858022914,8.686229126038493,8.80771456212999,308100,GMRE,2419
2023-11-20,8.76305103302002,8.77644964783461,8.620125943797728,8.691588062461047,315000,GMRE,2419
2023-11-21,8.700520515441895,8.754117527154174,8.651390844259206,8.754117527154174,281600,GMRE,2419
2023-11-22,8.745184898376465,8.807714037952872,8.702307287297995,8.771982979352691,180600,GMRE,2419
2023-11-24,8.745184898376465,8.834512970824731,8.691587884528378,8.745184898376465,154900,GMRE,2419
2023-11-27,8.825580596923828,8.861311657968228,8.709454435555603,8.72732039202565,224100,GMRE,2419
2023-11-28,8.870244979858398,8.905976042287108,8.745185835410052,8.81664796026747,185900,GMRE,2419
2023-11-29,8.905976295471191,9.057833528084222,8.89704331663613,8.932774380080623,253300,GMRE,2419
2023-11-30,8.959572792053223,8.977438750376127,8.852379597803141,8.905976620876073,251700,GMRE,2419
2023-12-01,9.236488342285156,9.236488342285156,8.923840915250894,8.986370911795168,357200,GMRE,2419
2023-12-04,9.290084838867188,9.352614837634535,9.16502654512396,9.191824629226689,418100,GMRE,2419
2023-12-05,9.352614402770996,9.361546529126104,9.191824201839326,9.281152280555963,340200,GMRE,2419
2023-12-06,9.299016952514648,9.558067346465451,9.272218870904746,9.37941204924001,471200,GMRE,2419
2023-12-07,9.415143966674805,9.419610455999422,9.200757590467527,9.28115269451919,239800,GMRE,2419
2023-12-08,9.406210899353027,9.441049174998335,9.307950690824926,9.406210899353027,309400,GMRE,2419
2023-12-11,9.307950973510742,9.388346079246148,9.281152888897525,9.388346079246148,256800,GMRE,2419
2023-12-12,9.307950973510742,9.379413100409824,9.254353952388556,9.325816079287637,221200,GMRE,2419
2023-12-13,9.709924697875977,9.709924697875977,9.23648794063355,9.334748142507815,457500,GMRE,2419
2023-12-14,10.058302879333496,10.058302879333496,9.794786000427921,9.826050570485254,568200,GMRE,2419
2023-12-15,9.879647254943848,10.147629761857097,9.812650776319922,10.120831681544894,835200,GMRE,2419
2023-12-18,9.709924697875977,9.960042117489529,9.683126615891299,9.879647871535495,425400,GMRE,2419
2023-12-19,9.942176818847656,9.995772981767873,9.736722589265096,9.736722589265096,379100,GMRE,2419
2023-12-20,9.90644645690918,10.129765805885867,9.897513478495142,9.933244540255584,505000,GMRE,2419
2023-12-21,10.120832443237305,10.138698399387104,9.933244163142795,9.977908201621617,424800,GMRE,2419
2023-12-22,10.281622886657715,10.348618520028811,10.182469042586042,10.183361829277457,460900,GMRE,2419
2023-12-26,10.381709098815918,10.42720317787258,10.23612874001651,10.318017908773022,388800,GMRE,2419
2023-12-27,10.372610092163086,10.427203160485524,10.313468396897212,10.399907060187997,271800,GMRE,2419
2023-12-28,10.363511085510254,10.372609206347533,10.258874452472112,10.318017010414623,230500,GMRE,2419
2023-12-29,10.09964656829834,10.31801708915097,10.09964656829834,10.31801708915097,318000,GMRE,2419
2024-01-02,10.008659362792969,10.117844633532513,9.972264272546454,10.072350553792521,335200,GMRE,2419
2024-01-03,9.772089958190918,9.963164381629392,9.753892848577754,9.963164381629392,296400,GMRE,2419
2024-01-04,9.753893852233887,9.87217811393628,9.753893852233887,9.781189953326006,196000,GMRE,2419
2024-01-05,9.717498779296875,9.8312335464039,9.617411628897152,9.690201810427453,242400,GMRE,2419
2024-01-08,9.899474143981934,9.917671255336947,9.69020172317117,9.69020172317117,255900,GMRE,2419
2024-01-09,9.772089958190918,9.858528615103573,9.717497761624108,9.790287935531401,272800,GMRE,2419
2024-01-10,9.690201759338379,9.799387898785588,9.672004647915449,9.744794829061982,363300,GMRE,2419
2024-01-11,9.65380573272705,9.681102698805828,9.530972856281842,9.644707611761447,277600,GMRE,2419
2024-01-12,9.735694885253906,9.853979134955383,9.694750303906192,9.790287949626634,217200,GMRE,2419
2024-01-16,9.517325401306152,9.697481231795411,9.499127421954551,9.617411684557712,710500,GMRE,2419
2024-01-17,9.271657943725586,9.453634267456602,9.116979456918095,9.37174509532313,319600,GMRE,2419
2024-01-18,9.271657943725586,9.330800509256392,9.144275558386779,9.289855923189656,246400,GMRE,2419
2024-01-19,9.353546142578125,9.371744120148609,9.217064781708817,9.317151055164487,257300,GMRE,2419
2024-01-22,9.490029335021973,9.581016628933453,9.394491678528388,9.417239152801821,315400,GMRE,2419
2024-01-23,9.362646102905273,9.62651073096665,9.29895491025414,9.60831361923522,349500,GMRE,2419
2024-01-24,9.217065811157227,9.508226542985888,9.212516316256474,9.508226542985888,276600,GMRE,2419
2024-01-25,9.34444808959961,9.394490792828368,9.22616383771169,9.380843177278404,343000,GMRE,2419
2024-01-26,9.326250076293945,9.44453432773032,9.28075599993729,9.426336350096724,255600,GMRE,2419
2024-01-29,9.453634262084961,9.453634262084961,9.280756928184209,9.326251009091113,223600,GMRE,2419
2024-01-30,9.380843162536621,9.462731458889722,9.339898580496403,9.417238250158222,211200,GMRE,2419
2024-01-31,9.198866844177246,9.490028412480983,9.189768723079734,9.417238237336884,330500,GMRE,2419
2024-02-01,9.28985595703125,9.29895494679643,9.085133025951789,9.198867794834284,650400,GMRE,2419
2024-02-02,8.989596366882324,9.271658111871362,8.925905173057851,9.135176734325368,397500,GMRE,2419
2024-02-05,8.70753288269043,8.874041083777545,8.70753288269043,8.853113235563365,352300,GMRE,2419
2024-02-06,8.762125968933105,8.813989165001429,8.662039693035759,8.671137814315625,287900,GMRE,2419
2024-02-07,8.580150604248047,8.762126047384978,8.543755515620662,8.762126047384978,479500,GMRE,2419
2024-02-08,8.680237770080566,8.702984377404654,8.53010790565022,8.561953502994923,373300,GMRE,2419
2024-02-09,8.753026962280273,8.762125951269148,8.607446609367667,8.68023678582397,275000,GMRE,2419
2024-02-12,8.834917068481445,8.880411150542754,8.753027894316578,8.762126884274329,292200,GMRE,2419
2024-02-13,8.452767372131348,8.561952638167773,8.28898903921303,8.55285364906623,467000,GMRE,2419
2024-02-14,8.598347663879395,8.652940730361493,8.498261387677461,8.54375546512465,333000,GMRE,2419
2024-02-15,8.880410194396973,8.889509183375043,8.68933576449424,8.68933576449424,352200,GMRE,2419
2024-02-16,8.716631889343262,8.806709797945507,8.652940701764104,8.716631889343262,274600,GMRE,2419
2024-02-20,8.625643730163574,8.712082390208868,8.571051531618279,8.607446619890926,320700,GMRE,2419
2024-02-21,8.598347663879395,8.689335818773774,8.561952575467114,8.580150553536932,272200,GMRE,2419
2024-02-22,8.525557518005371,8.589248706026243,8.489162429460965,8.589248706026243,293200,GMRE,2419
2024-02-23,8.589249610900879,8.652031427265415,8.443669241386406,8.498262313818058,322000,GMRE,2419
2024-02-26,8.443668365478516,8.607446698056398,8.416372265957987,8.552853631287984,314000,GMRE,2419
2024-02-27,8.525557518005371,8.598347695094185,8.47096531905244,8.534656507073313,293700,GMRE,2419
2024-02-28,7.970532417297363,8.407273491694674,7.9068403598188866,8.407273491694674,817900,GMRE,2419
2024-02-29,8.14340877532959,8.207100832023448,8.070618597160069,8.125211664650895,488600,GMRE,2419
2024-03-01,8.216197967529297,8.243494931862672,8.070617628660358,8.143407798094827,297200,GMRE,2419
2024-03-04,8.298088073730469,8.316286052033151,8.170704828793783,8.252593995701126,264400,GMRE,2419
2024-03-05,8.188902854919434,8.320835595202274,8.188902854919434,8.25259404389605,344800,GMRE,2419
2024-03-06,8.170705795288086,8.325385158248103,8.161607672787914,8.261693962109556,325800,GMRE,2419
2024-03-07,8.061519622802734,8.25259405778144,8.03422352287074,8.20710084713724,318900,GMRE,2419
2024-03-08,8.08881664276123,8.252594111139492,8.034223574816892,8.152507832256811,408600,GMRE,2419
2024-03-11,8.279891014099121,8.288989135579076,8.047871995676552,8.07971759017482,405700,GMRE,2419
2024-03-12,8.134309768676758,8.28898911388701,8.093366052805685,8.243495903424181,563100,GMRE,2419
2024-03-13,8.125211715698242,8.207100883585271,8.107013737177846,8.134309837231065,336500,GMRE,2419
2024-03-14,7.897741317749023,8.079716744205324,7.834049267693858,8.07061775595069,654000,GMRE,2419
2024-03-15,7.952334403991699,7.9705323825425936,7.834050146593016,7.8431491358684635,995600,GMRE,2419
2024-03-18,7.897741317749023,8.025123682404795,7.8722648448178685,7.961432500076909,387800,GMRE,2419
2024-03-19,7.93413782119751,7.9887300250286355,7.870445759757949,7.888643739519948,417600,GMRE,2419
2024-03-20,8.11611270904541,8.152507798280832,7.84314910591606,7.89774217363288,388300,GMRE,2419
2024-03-21,8.078839302062988,8.199975406397016,8.041566722933164,8.144066093378086,646800,GMRE,2419
2024-03-22,7.762022018432617,8.116111968290028,7.752703651388066,8.088157755804767,597400,GMRE,2419
2024-03-25,7.808613300323486,7.845885881453853,7.743386505507452,7.77134071919312,581700,GMRE,2419
2024-03-26,7.734068393707275,7.887817907033181,7.72940920983092,7.85520450854715,468600,GMRE,2419
2024-03-27,8.0136137008667,8.050886285531956,7.827249888891904,7.827249888891904,467000,GMRE,2419
2024-03-28,8.153386116027832,8.204636255981832,8.013614138069636,8.013614138069636,484400,GMRE,2419
2024-04-01,8.050885200500488,8.153384572353799,7.985657519640749,8.14406620528121,302500,GMRE,2419
2024-04-02,7.920431137084961,8.013613035333572,7.845885973945449,7.967022086209267,357100,GMRE,2419
2024-04-03,7.948385715484619,7.985658298763093,7.827249597667458,7.827249597667458,232800,GMRE,2419
2024-04-04,7.845885753631592,8.087225779167527,7.836567386338704,8.041567023540159,325300,GMRE,2419
2024-04-05,7.901793956756592,7.97168082082956,7.778794355641851,7.827248797817258,257600,GMRE,2419
2024-04-08,7.9111127853393555,8.004294683774173,7.836567622050877,7.920431152912526,283400,GMRE,2419
2024-04-09,8.050885200500488,8.088157780142456,7.929749094501996,7.976340041216554,383000,GMRE,2419
2024-04-10,7.724749565124512,7.8831582528766955,7.67349943419045,7.83656730554104,859000,GMRE,2419
2024-04-11,7.715431213378906,7.7992947410213525,7.6902726882752175,7.7620221608078666,370500,GMRE,2419
2024-04-12,7.743386268615723,7.762022114286568,7.657659245773664,7.715431167136849,349000,GMRE,2419
2024-04-15,7.622250556945801,7.789976731279047,7.612932189302717,7.762022516998248,440700,GMRE,2419
2024-04-16,7.435887336730957,7.608273142310198,7.435887336730957,7.594295590594198,548300,GMRE,2419
2024-04-17,7.510432720184326,7.594295362010718,7.476887130264706,7.482477617593757,299700,GMRE,2419
2024-04-18,7.566341876983643,7.594296093618785,7.510433443713357,7.5383876603485,303400,GMRE,2419
2024-04-19,7.631568431854248,7.6735001997750265,7.538387416534682,7.538387416534682,416700,GMRE,2419
2024-04-22,7.640886306762695,7.713567973890554,7.594295357786103,7.668840520689275,391900,GMRE,2419
2024-04-23,7.631568431854248,7.724750335822311,7.594295847996722,7.640886799980754,355500,GMRE,2419
2024-04-24,7.60361385345459,7.636227251693306,7.501114474897419,7.612932221136639,507500,GMRE,2419
2024-04-25,7.538387298583984,7.612932465132651,7.510433083290354,7.52906893060328,277300,GMRE,2419
2024-04-26,7.557023048400879,7.650204949708779,7.538387201328381,7.5756597841218465,326600,GMRE,2419
2024-04-29,7.724749565124512,7.78065887965698,7.631567670453202,7.631567670453202,328300,GMRE,2419
2024-04-30,7.557023048400879,7.673499980711519,7.557023048400879,7.650204949708779,460400,GMRE,2419
2024-05-01,7.566341876983643,7.734068954091548,7.547706028776389,7.594296093618785,765700,GMRE,2419
2024-05-02,7.762022018432617,7.771340385477168,7.612931700313369,7.65020427984318,271300,GMRE,2419
2024-05-03,7.827249526977539,7.911113060758833,7.7806594647865746,7.836567894875121,356300,GMRE,2419
2024-05-06,7.901793956756592,7.933476049197585,7.78997621834759,7.883158111345954,475300,GMRE,2419
2024-05-07,7.892476558685303,8.004294298232105,7.883158191560969,7.920430771409903,367800,GMRE,2419
2024-05-08,8.172021865844727,8.19065771261707,7.73872754244416,7.864521951940731,417100,GMRE,2419
2024-05-09,8.414292335510254,8.470201647341659,8.106793342058436,8.17202102063647,580700,GMRE,2419
2024-05-10,8.28384017944336,8.484179767039226,8.28384017944336,8.451566366468935,342600,GMRE,2419
2024-05-13,8.0695219039917,8.34906672535334,8.00895428887678,8.321112509811725,484500,GMRE,2419
2024-05-14,8.125431060791016,8.265203024344862,8.125431060791016,8.172022011525122,418300,GMRE,2419
2024-05-15,8.190658569335938,8.33974891370292,8.181340200650864,8.265203741519429,284500,GMRE,2419
2024-05-16,8.28384017944336,8.28384017944336,8.148726504339558,8.190658273258082,438200,GMRE,2419
2024-05-17,8.293156623840332,8.339747571116641,8.24656656521243,8.339747571116641,267800,GMRE,2419
2024-05-20,8.330429077148438,8.409633419718206,8.274520652186478,8.283839019229601,223600,GMRE,2419
2024-05-21,8.274521827697754,8.377021213788408,8.255885090963897,8.274521827697754,339400,GMRE,2419
2024-05-22,8.162703514099121,8.255884525439996,8.153385146370496,8.246567046359829,261100,GMRE,2419
2024-05-23,8.0695219039917,8.190658022870027,7.976340889303478,8.190658022870027,395500,GMRE,2419
2024-05-24,8.293156623840332,8.311793358210219,8.088157877662024,8.144066303474869,539800,GMRE,2419
2024-05-28,8.479520797729492,8.507475011904422,8.279180337404194,8.31179373538302,658000,GMRE,2419
2024-05-29,8.414292335510254,8.437588252376825,8.26520202215766,8.386338123918733,489800,GMRE,2419
2024-05-30,8.55406665802002,8.619293459290366,8.442248903564344,8.460884751649365,493800,GMRE,2419
2024-05-31,8.65656566619873,8.73111083258151,8.60531553106739,8.628611450967309,528200,GMRE,2419
2024-06-03,8.675202369689941,8.74042916786893,8.619293050787611,8.731110799943796,408600,GMRE,2419
2024-06-04,8.619293212890625,8.763724363852619,8.60997484479024,8.675202532844441,621800,GMRE,2419
2024-06-05,8.65656566619873,8.703156617350087,8.60531553106739,8.637929818927276,296900,GMRE,2419
2024-06-06,8.563383102416992,8.66122418114195,8.544747256585064,8.60065568272926,539300,GMRE,2419
2024-06-07,8.39565658569336,8.460883376361311,8.358384006933333,8.460883376361311,408400,GMRE,2419
2024-06-10,8.470202445983887,8.507475027836408,8.265202801470789,8.33042959755059,383500,GMRE,2419
2024-06-11,8.293156623840332,8.423611098484315,8.293156623840332,8.38633851839295,270700,GMRE,2419
2024-06-12,8.498157501220703,8.637930363486445,8.498157501220703,8.554066823856706,347700,GMRE,2419
2024-06-13,8.498157501220703,8.53543008676186,8.451566547132122,8.470203284226969,429000,GMRE,2419
2024-06-14,8.404975891113281,8.498156904094508,8.377020787435288,8.404975891113281,311400,GMRE,2419
2024-06-17,8.460884094238281,8.460884094238281,8.283839552268628,8.39565729803606,293400,GMRE,2419
2024-06-18,8.591338157653809,8.637929104954164,8.470202050132249,8.470202050132249,358400,GMRE,2419
2024-06-20,8.619293212890625,8.633270765041203,8.521453013782063,8.572702261037193,315000,GMRE,2419
2024-06-21,8.399996757507324,8.628827314053744,8.361858331416254,8.609757646362308,638000,GMRE,2419
2024-06-24,8.495343208312988,8.50487804310174,8.37139308393489,8.419066348586757,243900,GMRE,2419
2024-06-25,8.447669982910156,8.49534324778352,8.342789527622273,8.447669982910156,459800,GMRE,2419
2024-06-26,8.399996757507324,8.428600349752676,8.285580569942312,8.342788663724818,526700,GMRE,2419
2024-06-27,8.514412879943848,8.523946805443007,8.414298933221593,8.438136020199222,258900,GMRE,2419
2024-06-28,8.657431602478027,8.819520153722218,8.571619909549705,8.571619909549705,980600,GMRE,2419
2024-07-01,8.523946762084961,8.6383629604118,8.40953147305001,8.6383629604118,371200,GMRE,2419
2024-07-02,8.628828048706055,8.628828048706055,8.514412760691608,8.552551190029757,285500,GMRE,2419
2024-07-03,8.53348159790039,8.657431721693477,8.53348159790039,8.609758457266615,114500,GMRE,2419
2024-07-05,8.581154823303223,8.619293252812895,8.4858082948831,8.504877964283878,231500,GMRE,2419
2024-07-08,8.609758377075195,8.666966475712972,8.59068961705719,8.638362881040024,425900,GMRE,2419
2024-07-09,8.523946762084961,8.657431720605015,8.514412836634298,8.62882812566925,323200,GMRE,2419
2024-07-10,8.53348159790039,8.600224531814753,8.495343168217278,8.571620027583503,233400,GMRE,2419
2024-07-11,8.924399375915527,8.94346904251074,8.609757151428527,8.72417242312455,423100,GMRE,2419
2024-07-12,9.019746780395508,9.153231731859316,8.962538684256208,8.991143186971778,409200,GMRE,2419
2024-07-15,9.115093231201172,9.162765583428337,9.048350301357841,9.086488728714674,344600,GMRE,2419
2024-07-16,9.296250343322754,9.315320011256308,9.12462696908803,9.210438656205392,317000,GMRE,2419
2024-07-17,9.353458404541016,9.429735257420118,9.24857704986339,9.24857704986339,379000,GMRE,2419
2024-07-18,9.181835174560547,9.420200570859755,9.15799808935553,9.296250455669147,283500,GMRE,2419
2024-07-19,9.04835033416748,9.248577305839836,9.03881549997074,9.210438878344712,244400,GMRE,2419
2024-07-22,9.191370010375977,9.22950843741937,8.982561144824688,9.067419895161994,271700,GMRE,2419
2024-07-23,9.229508399963379,9.267646826851994,9.09602345120731,9.143696712141036,248900,GMRE,2419
2024-07-24,9.124627113342285,9.386829595823004,9.124627113342285,9.229508470051304,265700,GMRE,2419
2024-07-25,9.181835174560547,9.372527309741548,9.153231581606352,9.17230034047854,246400,GMRE,2419
2024-07-26,9.391596794128418,9.42020038652289,9.286715439862343,9.343923533943094,210100,GMRE,2419
2024-07-29,9.124627113342285,9.410665771824966,9.124627113342285,9.382062178764247,274200,GMRE,2419
2024-07-30,9.105558395385742,9.181835250085557,9.010211872365057,9.181835250085557,457200,GMRE,2419
2024-07-31,9.105558395385742,9.25811210478537,9.053117716795182,9.096023561225307,653500,GMRE,2419
2024-08-01,9.04835033416748,9.2962505675317,8.981608313373973,9.239042471643097,445000,GMRE,2419
2024-08-02,9.03881549835205,9.076954835132181,8.819519767617322,8.857658195105616,307200,GMRE,2419
2024-08-05,8.657431602478027,8.819520153722218,8.59068957877461,8.695570031635961,426200,GMRE,2419
2024-08-06,8.829054832458496,8.900564272205646,8.609758186703129,8.647896615187731,233200,GMRE,2419
2024-08-07,8.504878044128418,8.953005277043038,8.490575791943565,8.8767284173076,401600,GMRE,2419
2024-08-08,8.619293212890625,8.628828047546852,8.504877924891549,8.562085114245146,319000,GMRE,2419
2024-08-09,8.628828048706055,8.64789680872919,8.54301635537225,8.628828048706055,188400,GMRE,2419
2024-08-12,8.476274490356445,8.714639905514245,8.380927960576566,8.647896970951571,414200,GMRE,2419
2024-08-13,8.581154823303223,8.604991000762311,8.500110546933684,8.55255122849394,221700,GMRE,2419
2024-08-14,8.609758377075195,8.671733893040443,8.571619947747305,8.609758377075195,376300,GMRE,2419
2024-08-15,8.819519996643066,8.886262019157781,8.647896613843104,8.705104711207046,423400,GMRE,2419
2024-08-16,8.733708381652832,8.876728171668011,8.714639621892596,8.809985239277514,260100,GMRE,2419
2024-08-19,8.848122596740723,8.867192263483833,8.75277699090045,8.7718457483518,256700,GMRE,2419
2024-08-20,8.790916442871094,8.838589706010755,8.75277801421774,8.819520037038144,222400,GMRE,2419
2024-08-21,8.857657432556152,8.876727099304523,8.771845750772,8.81951900835117,151500,GMRE,2419
2024-08-22,8.762311935424805,8.953004987896668,8.752778010234703,8.876728130624668,500800,GMRE,2419
2024-08-23,8.914865493774414,9.005443682651782,8.733707297436169,8.76231088817156,582100,GMRE,2419
2024-08-26,8.924399375915527,8.981607466409413,8.905330618612066,8.981607466409413,240000,GMRE,2419
2024-08-27,8.943469047546387,8.962537804860586,8.819518942482969,8.848122533100142,307600,GMRE,2419
2024-08-28,8.867192268371582,8.95300395017936,8.819519010779288,8.886261025833445,450900,GMRE,2419
2024-08-29,8.790916442871094,8.914866563317464,8.790916442871094,8.87672813466411,316900,GMRE,2419
2024-08-30,8.876727104187012,8.895795861654113,8.776613172286515,8.82905384658162,251100,GMRE,2419
2024-09-03,8.83858871459961,8.91486556335046,8.790915456807387,8.790915456807387,316100,GMRE,2419
2024-09-04,8.800450325012207,8.986375959418114,8.77184673098509,8.819519993891525,361400,GMRE,2419
2024-09-05,8.743243217468262,8.933935361558087,8.733708382940803,8.819520075104192,231300,GMRE,2419
2024-09-06,8.714639663696289,8.809985281538575,8.64789673098563,8.771846852543286,230100,GMRE,2419
2024-09-09,8.638362884521484,8.695570073890435,8.609758380545129,8.657431644547176,264300,GMRE,2419
2024-09-10,8.895795822143555,8.919631996194504,8.42859990012764,8.46673832418421,506100,GMRE,2419
2024-09-11,8.953003883361816,8.981607473987017,8.800449278346662,8.809984111652312,495700,GMRE,2419
2024-09-12,9.20090389251709,9.229508394635907,8.976840748337281,9.010211758184079,378700,GMRE,2419
2024-09-13,9.525080680847168,9.53461551459179,9.267646534784921,9.296250126726996,324100,GMRE,2419
2024-09-16,9.601358413696289,9.668101346744347,9.372527838567777,9.534616389940108,594000,GMRE,2419
2024-09-17,9.677635192871094,9.820654983124854,9.620428004203085,9.64903159853709,1133500,GMRE,2419
2024-09-18,9.66810131072998,9.88739705042161,9.66810131072998,9.877862215837137,641000,GMRE,2419
2024-09-19,9.687170028686523,9.973208699939775,9.66810126889197,9.944605105602012,1248200,GMRE,2419
2024-09-20,9.463245391845703,9.677433399162242,9.458377355977204,9.61901882570606,1609800,GMRE,2419
2024-09-23,9.53139591217041,9.614150663884939,9.463245267870056,9.463245267870056,346500,GMRE,2419
2024-09-24,9.6190185546875,9.677433126497835,9.511924554046635,9.57033912585697,477500,GMRE,2419
2024-09-25,9.677433013916016,9.71637637083082,9.609282371435826,9.638489657001212,459200,GMRE,2419
2024-09-26,9.560603141784668,9.716376572679938,9.502188569440385,9.716376572679938,385700,GMRE,2419
2024-09-27,9.6190185546875,9.70664134088588,9.560603054394287,9.648225840592668,374400,GMRE,2419
2024-09-30,9.648225784301758,9.706641284254156,9.570339070020475,9.609282427161117,283000,GMRE,2419
2024-10-01,9.57033920288086,9.696905347465716,9.550867988281666,9.648225918243405,246200,GMRE,2419
2024-10-02,9.385358810424805,9.541132246534275,9.346415451397437,9.502188887506907,237500,GMRE,2419
2024-10-03,9.249056816101074,9.336679608179303,9.219849528235978,9.336679608179303,367100,GMRE,2419
2024-10-04,9.190641403198242,9.31720755651503,9.093283466519678,9.288000268359756,285300,GMRE,2419
2024-10-07,9.151697158813477,9.223742786352318,9.083546516873263,9.132225944751784,299600,GMRE,2419
2024-10-08,9.064075469970703,9.218874920730117,8.986187826838952,9.151697327588527,403700,GMRE,2419
2024-10-09,9.04460334777832,9.107885955394362,8.995923918890583,9.04460334777832,251800,GMRE,2419
2024-10-10,8.966716766357422,9.044603482343444,8.888830050371402,8.976452837976398,305500,GMRE,2419
2024-10-11,9.093282699584961,9.103018770976554,8.956980485551268,8.966716556942862,266100,GMRE,2419
2024-10-14,9.08354663848877,9.137094102720352,9.025132067038745,9.064075424166386,222600,GMRE,2419
2024-10-15,9.210113525390625,9.296762339515775,9.064076156483836,9.093283444568605,378200,GMRE,2419
2024-10-16,9.336679458618164,9.351282638075318,9.237373567288056,9.239320595983482,284300,GMRE,2419
2024-10-17,9.229584693908691,9.322075522265788,9.19064133383459,9.307472342539839,382200,GMRE,2419
2024-10-18,9.336679458618164,9.370754781995425,9.258792739903589,9.317207314698058,351800,GMRE,2419
2024-10-21,9.093282699584961,9.35615012777788,9.093282699584961,9.326942842085971,298000,GMRE,2419
2024-10-22,9.141962051391602,9.180905408148506,9.049471230912875,9.093282623324752,216700,GMRE,2419
2024-10-23,9.141962051391602,9.151697194218679,9.064075337877789,9.093282623324752,277700,GMRE,2419
2024-10-24,9.141962051391602,9.239319979042435,9.141962051391602,9.151697194218679,277900,GMRE,2419
2024-10-25,8.947244644165039,9.219849079240221,8.927773429364182,9.219849079240221,201200,GMRE,2419
2024-10-28,8.95698070526123,9.08354685100793,8.922905383037676,9.025132278191235,226700,GMRE,2419
2024-10-29,8.99592399597168,9.005660067529226,8.830414493424945,8.90830120891954,197800,GMRE,2419
2024-10-30,9.064075469970703,9.161433399040357,8.956980540966345,8.956980540966345,193500,GMRE,2419
2024-10-31,8.849886894226074,9.064075832314288,8.840150822385038,9.064075832314288,240100,GMRE,2419
2024-11-01,8.742792129516602,8.932641820145768,8.703848769884479,8.8790943524705,227500,GMRE,2419
2024-11-04,8.859622955322266,8.932641637075648,8.762264093995814,8.762264093995814,248700,GMRE,2419
2024-11-05,8.976452827453613,8.986187970578284,8.771999966109258,8.859622753611538,264000,GMRE,2419
2024-11-06,9.005660057067871,9.15169741632987,8.85962269780587,9.103018915564462,521200,GMRE,2419
2024-11-07,8.742792129516602,8.986188359338106,8.596754763016873,8.986188359338106,578200,GMRE,2419
2024-11-08,8.723320960998535,8.840151040525127,8.684377601156338,8.791471608601645,781300,GMRE,2419
2024-11-11,8.655170440673828,8.791471737884423,8.6503024045616,8.733057161503583,319700,GMRE,2419
2024-11-12,8.55781078338623,8.698981032126971,8.421508570307191,8.61622628284378,473300,GMRE,2419
2024-11-13,8.655170440673828,8.859623314972673,8.606491008034494,8.606491008034494,503300,GMRE,2419
2024-11-14,8.440980911254883,8.684377129160772,8.411773625081384,8.684377129160772,368900,GMRE,2419
2024-11-15,8.402037620544434,8.504263587208483,8.363094262508191,8.470188264987133,348000,GMRE,2419
2024-11-18,8.353358268737793,8.382565555416484,7.993131971424264,8.324150982059102,686600,GMRE,2419
2024-11-19,8.440980911254883,8.504263519377943,8.304678694973745,8.333886909630131,383000,GMRE,2419
2024-11-20,8.411773681640625,8.436112932201711,8.309546786621695,8.402037610023033,322200,GMRE,2419
2024-11-21,8.499395370483398,8.543206763402003,8.397169405995236,8.411773513129063,266000,GMRE,2419
2024-11-22,8.47018814086914,8.54807485580031,8.416641604655762,8.528603641308958,407900,GMRE,2419
2024-11-25,8.625962257385254,8.703848978516453,8.528604320212734,8.528604320212734,475200,GMRE,2419
2024-11-26,8.567546844482422,8.61622627255846,8.518867416406385,8.557810773170642,252700,GMRE,2419
2024-11-27,8.625962257385254,8.74766037521312,8.625962257385254,8.635698329647393,398900,GMRE,2419
2024-11-29,8.655170440673828,8.733057161503583,8.64543436844937,8.64543436844937,158500,GMRE,2419
2024-12-02,8.548074722290039,8.645433578674817,8.43611268738555,8.645433578674817,366800,GMRE,2419
2024-12-03,8.538339614868164,8.606490257530583,8.436112722391664,8.548074757760745,291800,GMRE,2419
2024-12-04,8.528603553771973,8.528603553771973,8.445848803946635,8.528603553771973,238100,GMRE,2419
2024-12-05,8.46045207977295,8.528603651783586,8.40203750774427,8.499395437286363,364700,GMRE,2419
2024-12-06,8.314414978027344,8.489660556491993,8.25599947571149,8.489660556491993,366100,GMRE,2419
2024-12-09,8.324151039123535,8.382565612881365,8.304678895548985,8.324151039123535,358500,GMRE,2419
2024-12-10,8.353358268737793,8.431244985536237,8.178112691699843,8.294943695380411,414300,GMRE,2419
2024-12-11,8.324151039123535,8.387433648775003,8.241396285897517,8.372830469577,556600,GMRE,2419
2024-12-12,8.255999565124512,8.421509073581845,8.241396385749578,8.324151139978245,387700,GMRE,2419
2024-12-13,8.236528396606445,8.26086764802494,8.114830282548125,8.226792324645878,385300,GMRE,2419
2024-12-16,8.178112983703613,8.255999703283043,8.178112983703613,8.207321199908101,494500,GMRE,2419
2024-12-17,8.236528396606445,8.241396432586729,8.096332117216216,8.129434390488976,440700,GMRE,2419
2024-12-18,7.905508995056152,8.353358070246957,7.895772923566968,8.246264069314568,579500,GMRE,2419
2024-12-19,7.739999771118164,8.012603283206865,7.739999771118164,7.905509278435603,876400,GMRE,2419
2024-12-20,7.860000133514404,7.940000057220459,7.679999828338623,7.690000057220459,1442600,GMRE,2419
2024-12-23,7.800000190734863,7.889999866485596,7.724999904632568,7.889999866485596,833300,GMRE,2419
2024-12-24,7.869999885559082,7.889999866485596,7.730000019073486,7.769999980926514,392400,GMRE,2419
2024-12-26,7.820000171661377,7.849999904632568,7.730000019073486,7.800000190734863,584400,GMRE,2419
2024-12-27,7.610000133514404,7.840000152587891,7.53000020980835,7.769999980926514,830800,GMRE,2419
2024-12-30,7.53000020980835,7.585000038146973,7.429999828338623,7.570000171661377,911600,GMRE,2419
2024-12-31,7.71999979019165,7.724999904632568,7.570000171661377,7.590000152587891,499200,GMRE,2419
2025-01-02,7.590000152587891,7.75,7.519999980926514,7.730000019073486,549300,GMRE,2419
2025-01-03,7.659999847412109,7.679999828338623,7.519999980926514,7.579999923706055,489700,GMRE,2419
2025-01-06,7.599999904632568,7.769999980926514,7.590000152587891,7.630000114440918,711900,GMRE,2419
2025-01-07,7.699999809265137,7.71999979019165,7.554999828338623,7.619999885559082,974000,GMRE,2419
2025-01-08,7.630000114440918,7.679999828338623,7.539999961853027,7.650000095367432,582700,GMRE,2419
2025-01-10,7.519999980926514,7.519999980926514,7.329999923706055,7.519999980926514,1004600,GMRE,2419
2025-01-13,7.78000020980835,7.800000190734863,7.340000152587891,7.489999771118164,1073100,GMRE,2419
2025-01-14,7.820000171661377,7.829999923706055,7.630000114440918,7.809999942779541,772900,GMRE,2419
2025-01-15,7.880000114440918,8.079999923706055,7.855000019073486,8.0,554900,GMRE,2419
2025-01-16,8.119999885559082,8.119999885559082,7.869999885559082,7.889999866485596,540800,GMRE,2419
2025-01-17,7.96999979019165,8.161999702453613,7.894999980926514,8.140000343322754,411000,GMRE,2419
2025-01-21,8.039999961853027,8.079999923706055,7.960000038146973,7.96999979019165,368400,GMRE,2419
2025-01-22,7.860000133514404,7.989999771118164,7.760000228881836,7.989999771118164,519400,GMRE,2419
2025-01-23,7.940000057220459,7.954999923706055,7.784999847412109,7.840000152587891,368300,GMRE,2419
2025-01-24,7.940000057220459,8.0,7.860000133514404,7.909999847412109,217600,GMRE,2419
2025-01-27,8.079999923706055,8.199999809265137,7.940000057220459,7.940000057220459,301800,GMRE,2419
2025-01-28,8.010000228881836,8.109999656677246,7.980000019073486,8.09000015258789,280900,GMRE,2419
2025-01-29,7.829999923706055,8.020000457763672,7.75,8.020000457763672,279700,GMRE,2419
2025-01-30,7.909999847412109,7.980000019073486,7.829999923706055,7.929999828338623,408900,GMRE,2419
2025-01-31,7.840000152587891,7.945000171661377,7.809999942779541,7.880000114440918,341200,GMRE,2419
2025-02-03,7.869999885559082,7.914999961853027,7.690000057220459,7.78000020980835,465800,GMRE,2419
2025-02-04,7.889999866485596,7.909999847412109,7.760000228881836,7.820000171661377,284900,GMRE,2419
2025-02-05,7.940000057220459,7.980000019073486,7.880000114440918,7.929999828338623,291600,GMRE,2419
2025-02-06,7.929999828338623,7.96999979019165,7.860000133514404,7.960000038146973,342700,GMRE,2419
2025-02-07,7.909999847412109,7.925000190734863,7.769999980926514,7.909999847412109,253900,GMRE,2419
2025-02-10,7.820000171661377,7.920000076293945,7.800000190734863,7.889999866485596,423800,GMRE,2419
2025-02-11,7.880000114440918,7.880000114440918,7.78000020980835,7.800000190734863,513700,GMRE,2419
2025-02-12,7.929999828338623,7.934999942779541,7.75,7.760000228881836,428200,GMRE,2419
2025-02-13,8.130000114440918,8.140000343322754,7.900000095367432,7.949999809265137,300400,GMRE,2419
2025-02-14,8.260000228881836,8.300000190734863,8.140000343322754,8.149999618530273,559700,GMRE,2419
2025-02-18,8.34000015258789,8.364999771118164,8.210000038146973,8.239999771118164,421500,GMRE,2419
2025-02-19,8.390000343322754,8.414999961853027,8.244999885559082,8.3100004196167,301300,GMRE,2419
2025-02-20,8.399999618530273,8.470000267028809,8.350000381469727,8.369999885559082,453500,GMRE,2419
2025-02-21,8.369999885559082,8.489999771118164,8.3100004196167,8.470000267028809,804200,GMRE,2419
2025-02-24,8.4399995803833,8.520000457763672,8.350000381469727,8.380000114440918,403000,GMRE,2419
2025-02-25,8.510000228881836,8.569999694824219,8.40999984741211,8.449999809265137,390000,GMRE,2419
2025-02-26,8.489999771118164,8.550000190734863,8.430000305175781,8.510000228881836,356500,GMRE,2419
2025-02-27,8.479999542236328,8.515000343322754,8.430000305175781,8.4399995803833,375900,GMRE,2419
2025-02-28,8.800000190734863,8.979999542236328,8.574000358581543,8.649999618530273,1300100,GMRE,2419
2025-03-03,9.079999923706055,9.130000114440918,8.779999732971191,8.8100004196167,694900,GMRE,2419
2025-03-04,8.960000038146973,9.149999618530273,8.899999618530273,9.069999694824219,565400,GMRE,2419
2025-03-05,8.850000381469727,9.050000190734863,8.829999923706055,8.920000076293945,544700,GMRE,2419
2025-03-06,8.800000190734863,8.875,8.59000015258789,8.800000190734863,337900,GMRE,2419
2025-03-07,8.9399995803833,9.020000457763672,8.805000305175781,8.84000015258789,324200,GMRE,2419
